/* Auto-generated from wrapper_bcn_transcode.comp via glslc. Do not edit. */
#ifndef WRAPPER_BCN_SPV_H
#define WRAPPER_BCN_SPV_H
#include <stdint.h>
static const uint32_t wrapper_bcn_transcode_spv[] =
{0x07230203,0x00010000,0x000d000a,0x0000320c,
0x00000000,0x00020011,0x00000001,0x0006000b,
0x00000001,0x4c534c47,0x6474732e,0x3035342e,
0x00000000,0x0003000e,0x00000000,0x00000001,
0x0006000f,0x00000005,0x00000004,0x6e69616d,
0x00000000,0x00000dfc,0x00060010,0x00000004,
0x00000011,0x00000008,0x00000008,0x00000001,
0x00040047,0x00000066,0x00000006,0x00000004,
0x00040048,0x00000067,0x00000000,0x00000018,
0x00050048,0x00000067,0x00000000,0x00000023,
0x00000000,0x00030047,0x00000067,0x00000003,
0x00040047,0x00000069,0x00000022,0x00000000,
0x00040047,0x00000069,0x00000021,0x00000000,
0x00050048,0x00000db4,0x00000000,0x00000023,
0x00000000,0x00050048,0x00000db4,0x00000001,
0x00000023,0x00000004,0x00050048,0x00000db4,
0x00000002,0x00000023,0x00000008,0x00050048,
0x00000db4,0x00000003,0x00000023,0x0000000c,
0x00050048,0x00000db4,0x00000004,0x00000023,
0x00000010,0x00050048,0x00000db4,0x00000005,
0x00000023,0x00000014,0x00050048,0x00000db4,
0x00000006,0x00000023,0x00000018,0x00050048,
0x00000db4,0x00000007,0x00000023,0x0000001c,
0x00050048,0x00000db4,0x00000008,0x00000023,
0x00000020,0x00030047,0x00000db4,0x00000002,
0x00040047,0x00000dfc,0x0000000b,0x0000001c,
0x00040047,0x00000e8f,0x00000006,0x00000004,
0x00040048,0x00000e90,0x00000000,0x00000019,
0x00050048,0x00000e90,0x00000000,0x00000023,
0x00000000,0x00030047,0x00000e90,0x00000003,
0x00040047,0x00000e92,0x00000022,0x00000000,
0x00040047,0x00000e92,0x00000021,0x00000001,
0x00040047,0x00000ea7,0x0000000b,0x00000019,
0x00020013,0x00000002,0x00030021,0x00000003,
0x00000002,0x00040015,0x00000006,0x00000020,
0x00000000,0x00040020,0x00000007,0x00000007,
0x00000006,0x00040015,0x00000019,0x00000020,
0x00000001,0x00040020,0x0000001a,0x00000007,
0x00000019,0x0004002b,0x00000006,0x00000031,
0x00000008,0x0004001c,0x00000032,0x00000019,
0x00000031,0x00040020,0x00000033,0x00000007,
0x00000032,0x0004002b,0x00000006,0x00000049,
0x00000010,0x0004001c,0x0000004a,0x00000006,
0x00000049,0x0004002b,0x00000006,0x00000054,
0x000000ff,0x0004002b,0x00000006,0x00000058,
0x00000040,0x0004001c,0x00000059,0x00000006,
0x00000058,0x0003001d,0x00000066,0x00000006,
0x0003001e,0x00000067,0x00000066,0x00040020,
0x00000068,0x00000002,0x00000067,0x0004003b,
0x00000068,0x00000069,0x00000002,0x0004002b,
0x00000019,0x0000006a,0x00000000,0x00040020,
0x0000006c,0x00000002,0x00000006,0x0004002b,
0x00000006,0x00000071,0x00000001,0x0004002b,
0x00000006,0x00000077,0x0000ffff,0x0004002b,
0x00000006,0x0000007e,0x0000000b,0x0004002b,
0x00000006,0x00000080,0x0000001f,0x0004002b,
0x00000006,0x00000084,0x00000005,0x0004002b,
0x00000006,0x00000086,0x0000003f,0x0004002b,
0x00000006,0x00000098,0x0000020f,0x0004002b,
0x00000006,0x0000009a,0x00000017,0x0004002b,
0x00000006,0x0000009c,0x00000006,0x0004002b,
0x00000006,0x000000a0,0x00000103,0x0004002b,
0x00000006,0x000000a2,0x00000021,0x0004002b,
0x00000006,0x000000aa,0x00000004,0x0004001c,
0x000000ab,0x00000006,0x000000aa,0x00040020,
0x000000ac,0x00000007,0x000000ab,0x0004002b,
0x00000006,0x000000ae,0xff000000,0x0004002b,
0x00000019,0x000000c4,0x00000001,0x00020014,
0x000000d0,0x0004002b,0x00000006,0x000000d4,
0x00000002,0x0004002b,0x00000006,0x000000d9,
0x0000015f,0x0004002b,0x00000006,0x000000db,
0x0000003d,0x0004002b,0x00000006,0x000000dd,
0x00000007,0x0004002b,0x00000006,0x000000e3,
0x00000acb,0x0004002b,0x00000006,0x000000e5,
0x0000040f,0x0004002b,0x00000019,0x000000ef,
0x00000002,0x0004002b,0x00000019,0x0000010e,
0x00000003,0x0004002b,0x00000006,0x0000011c,
0x0000041d,0x0004002b,0x00000006,0x0000011e,
0x0000007d,0x0004002b,0x00000006,0x00000124,
0x00001031,0x0004002b,0x00000006,0x00000126,
0x000003fb,0x0004002b,0x00000006,0x00000138,
0x00000000,0x0004002b,0x00000006,0x00000147,
0x00000003,0x0004002b,0x00000019,0x00000174,
0x00000040,0x0004002b,0x00000019,0x0000017c,
0x00000020,0x0004002b,0x00000019,0x0000017e,
0x00000006,0x0004002b,0x00000019,0x0000019a,
0x00000008,0x0004002b,0x00000019,0x000001c5,
0x00000007,0x0004002b,0x00000019,0x000001da,
0x00000004,0x0004002b,0x00000019,0x000001dd,
0x00000005,0x0004001c,0x000001fd,0x00000019,
0x000000aa,0x0004001c,0x000001fe,0x000001fd,
0x0000009c,0x00040020,0x000001ff,0x00000007,
0x000001fe,0x000b002c,0x00000032,0x00000203,
0x000001da,0x0000017e,0x000001dd,0x000001c5,
0x000001dd,0x000001c5,0x000001c5,0x000001dd,
0x000b002c,0x00000032,0x00000211,0x0000006a,
0x0000006a,0x0000006a,0x0000006a,0x0000017e,
0x0000019a,0x000001c5,0x000001dd,0x0004002b,
0x00000019,0x0000022f,0x000000cb,0x0004002b,
0x00000019,0x00000315,0x000000ff,0x0004002b,
0x00000019,0x0000034c,0x00000080,0x0004002b,
0x00000006,0x00000354,0x00000400,0x0004001c,
0x00000355,0x00000006,0x00000354,0x0004002b,
0x00000006,0x00000356,0x00000080,0x0004002b,
0x00000006,0x00000357,0x00000081,0x0004002b,
0x00000006,0x00000358,0x00000082,0x0403002c,
0x00000355,0x00000359,0x00000356,0x00000138,
0x00000071,0x00000357,0x00000138,0x00000138,
0x00000071,0x00000071,0x00000138,0x000000d4,
0x000000d4,0x00000071,0x000000d4,0x000000d4,
0x000000d4,0x00000358,0x00000356,0x00000138,
0x00000138,0x00000357,0x00000138,0x00000138,
0x00000071,0x00000071,0x00000358,0x000000d4,
0x00000071,0x00000071,0x000000d4,0x000000d4,
0x000000d4,0x00000071,0x00000356,0x00000138,
0x00000138,0x00000138,0x000000d4,0x00000138,
0x00000138,0x00000071,0x00000358,0x000000d4,
0x00000071,0x00000071,0x000000d4,0x000000d4,
0x00000071,0x00000357,0x00000356,0x000000d4,
0x000000d4,0x00000358,0x00000138,0x00000138,
0x000000d4,0x000000d4,0x00000138,0x00000138,
0x00000071,0x00000071,0x00000138,0x00000071,
0x00000071,0x00000357,0x00000356,0x00000138,
0x00000138,0x00000138,0x00000138,0x00000138,
0x00000138,0x00000138,0x00000357,0x00000071,
0x000000d4,0x000000d4,0x00000071,0x00000071,
0x000000d4,0x00000358,0x00000356,0x00000138,
0x00000071,0x00000357,0x00000138,0x00000138,
0x00000071,0x00000071,0x00000138,0x00000138,
0x000000d4,0x000000d4,0x00000138,0x00000138,
0x000000d4,0x00000358,0x00000356,0x00000138,
0x000000d4,0x00000358,0x00000138,0x00000138,
0x000000d4,0x000000d4,0x00000071,0x00000071,
0x00000071,0x00000071,0x00000071,0x00000071,
0x00000071,0x00000357,0x00000356,0x00000138,
0x00000071,0x00000071,0x00000138,0x00000138,
0x00000071,0x00000071,0x00000358,0x000000d4,
0x00000071,0x00000071,0x000000d4,0x000000d4,
0x00000071,0x00000357,0x00000356,0x00000138,
0x00000138,0x00000138,0x00000138,0x00000138,
0x00000138,0x00000138,0x00000357,0x00000071,
0x00000071,0x00000071,0x000000d4,0x000000d4,
0x000000d4,0x00000358,0x00000356,0x00000138,
0x00000138,0x00000138,0x00000071,0x00000071,
0x00000071,0x00000071,0x00000357,0x00000071,
0x00000071,0x00000071,0x000000d4,0x000000d4,
0x000000d4,0x00000358,0x00000356,0x00000138,
0x00000138,0x00000138,0x00000071,0x00000071,
0x00000357,0x00000071,0x000000d4,0x000000d4,
0x000000d4,0x000000d4,0x000000d4,0x000000d4,
0x000000d4,0x00000358,0x00000356,0x00000138,
0x00000071,0x000000d4,0x00000138,0x00000138,
0x00000357,0x000000d4,0x00000138,0x00000138,
0x00000071,0x000000d4,0x00000138,0x00000138,
0x00000071,0x00000358,0x00000356,0x00000071,
0x00000071,0x000000d4,0x00000138,0x00000071,
0x00000357,0x000000d4,0x00000138,0x00000071,
0x00000071,0x000000d4,0x00000138,0x00000071,
0x00000071,0x00000358,0x00000356,0x00000071,
0x000000d4,0x000000d4,0x00000138,0x00000357,
0x000000d4,0x000000d4,0x00000138,0x00000071,
0x000000d4,0x000000d4,0x00000138,0x00000071,
0x000000d4,0x00000358,0x00000356,0x00000138,
0x00000071,0x00000357,0x00000138,0x00000071,
0x00000071,0x000000d4,0x00000071,0x00000071,
0x000000d4,0x000000d4,0x00000071,0x000000d4,
0x000000d4,0x00000358,0x00000356,0x00000138,
0x00000071,0x00000357,0x000000d4,0x00000138,
0x00000138,0x00000071,0x00000358,0x000000d4,
0x00000138,0x00000138,0x000000d4,0x000000d4,
0x000000d4,0x00000138,0x00000356,0x00000138,
0x00000138,0x00000357,0x00000138,0x00000138,
0x00000071,0x00000071,0x00000138,0x00000071,
0x00000071,0x000000d4,0x00000071,0x00000071,
0x000000d4,0x00000358,0x00000356,0x00000071,
0x00000071,0x00000357,0x00000138,0x00000138,
0x00000071,0x00000071,0x00000358,0x00000138,
0x00000138,0x00000071,0x000000d4,0x000000d4,
0x00000138,0x00000138,0x00000356,0x00000138,
0x00000138,0x00000138,0x00000071,0x00000071,
0x000000d4,0x000000d4,0x00000357,0x00000071,
0x000000d4,0x000000d4,0x00000071,0x00000071,
0x000000d4,0x00000358,0x00000356,0x00000138,
0x000000d4,0x00000358,0x00000138,0x00000138,
0x000000d4,0x000000d4,0x00000138,0x00000138,
0x000000d4,0x000000d4,0x00000071,0x00000071,
0x00000071,0x00000357,0x00000356,0x00000071,
0x00000071,0x00000357,0x00000138,0x00000071,
0x00000071,0x00000071,0x00000138,0x000000d4,
0x000000d4,0x000000d4,0x00000138,0x000000d4,
0x000000d4,0x00000358,0x00000356,0x00000138,
0x00000138,0x00000357,0x00000138,0x00000138,
0x00000138,0x00000071,0x00000358,0x000000d4,
0x000000d4,0x00000071,0x000000d4,0x000000d4,
0x000000d4,0x00000071,0x00000356,0x00000138,
0x00000138,0x00000138,0x00000138,0x00000138,
0x00000357,0x00000071,0x00000138,0x00000071,
0x000000d4,0x000000d4,0x00000138,0x00000071,
0x000000d4,0x00000358,0x00000356,0x00000138,
0x00000138,0x00000138,0x00000071,0x00000071,
0x00000138,0x00000138,0x00000358,0x000000d4,
0x00000357,0x00000138,0x000000d4,0x000000d4,
0x00000071,0x00000138,0x00000356,0x00000071,
0x000000d4,0x00000358,0x00000138,0x00000357,
0x000000d4,0x000000d4,0x00000138,0x00000138,
0x00000071,0x00000071,0x00000138,0x00000138,
0x00000138,0x00000138,0x00000356,0x00000138,
0x00000071,0x000000d4,0x00000138,0x00000138,
0x00000071,0x000000d4,0x00000357,0x00000071,
0x000000d4,0x000000d4,0x000000d4,0x000000d4,
0x000000d4,0x00000358,0x00000356,0x00000071,
0x00000071,0x00000138,0x00000071,0x000000d4,
0x00000358,0x00000071,0x00000357,0x000000d4,
0x000000d4,0x00000071,0x00000138,0x00000071,
0x00000071,0x00000138,0x00000356,0x00000138,
0x00000138,0x00000138,0x00000138,0x00000071,
0x00000357,0x00000138,0x00000071,0x000000d4,
0x00000358,0x00000071,0x00000071,0x000000d4,
0x000000d4,0x00000071,0x00000356,0x00000138,
0x000000d4,0x000000d4,0x00000071,0x00000071,
0x00000138,0x000000d4,0x00000357,0x00000071,
0x00000138,0x000000d4,0x00000138,0x00000138,
0x000000d4,0x00000358,0x00000356,0x00000071,
0x00000071,0x00000138,0x00000138,0x00000357,
0x00000071,0x00000138,0x000000d4,0x00000138,
0x00000138,0x000000d4,0x000000d4,0x000000d4,
0x000000d4,0x00000358,0x00000356,0x00000138,
0x00000071,0x00000071,0x00000138,0x00000071,
0x000000d4,0x000000d4,0x00000138,0x00000071,
0x00000358,0x000000d4,0x00000138,0x00000138,
0x00000071,0x00000357,0x00000356,0x00000138,
0x00000138,0x00000138,0x000000d4,0x00000138,
0x00000138,0x00000138,0x00000358,0x000000d4,
0x00000071,0x00000071,0x000000d4,0x000000d4,
0x000000d4,0x00000357,0x00000356,0x00000138,
0x00000138,0x00000138,0x00000138,0x00000138,
0x00000138,0x000000d4,0x00000357,0x00000071,
0x000000d4,0x000000d4,0x00000071,0x000000d4,
0x000000d4,0x00000358,0x00000356,0x000000d4,
0x000000d4,0x00000358,0x00000138,0x00000138,
0x000000d4,0x000000d4,0x00000138,0x00000138,
0x00000071,0x000000d4,0x00000138,0x00000138,
0x00000071,0x00000357,0x00000356,0x00000138,
0x00000071,0x00000357,0x00000138,0x00000138,
0x00000071,0x000000d4,0x00000138,0x00000138,
0x000000d4,0x000000d4,0x00000138,0x000000d4,
0x000000d4,0x00000358,0x00000356,0x00000071,
0x000000d4,0x00000138,0x00000138,0x00000357,
0x000000d4,0x00000138,0x00000138,0x00000071,
0x00000358,0x00000138,0x00000138,0x00000071,
0x000000d4,0x00000138,0x00000356,0x00000138,
0x00000138,0x00000138,0x00000071,0x00000071,
0x00000357,0x00000071,0x000000d4,0x000000d4,
0x00000358,0x000000d4,0x00000138,0x00000138,
0x00000138,0x00000138,0x00000356,0x00000071,
0x000000d4,0x00000138,0x00000071,0x000000d4,
0x00000138,0x00000071,0x00000358,0x00000138,
0x00000357,0x000000d4,0x00000138,0x00000071,
0x000000d4,0x00000138,0x00000356,0x00000071,
0x000000d4,0x00000138,0x000000d4,0x00000138,
0x00000071,0x000000d4,0x00000357,0x00000358,
0x00000138,0x00000071,0x00000138,0x00000071,
0x000000d4,0x00000138,0x00000356,0x00000138,
0x00000071,0x00000071,0x000000d4,0x000000d4,
0x00000138,0x00000138,0x00000071,0x00000071,
0x00000358,0x000000d4,0x00000138,0x00000138,
0x00000071,0x00000357,0x00000356,0x00000138,
0x00000071,0x00000071,0x00000071,0x00000071,
0x00000358,0x000000d4,0x000000d4,0x000000d4,
0x00000138,0x00000138,0x00000138,0x00000138,
0x00000071,0x00000357,0x00000356,0x00000071,
0x00000138,0x00000357,0x00000138,0x00000071,
0x00000138,0x00000071,0x000000d4,0x000000d4,
0x000000d4,0x000000d4,0x000000d4,0x000000d4,
0x000000d4,0x00000358,0x00000356,0x00000138,
0x00000138,0x00000138,0x00000138,0x00000138,
0x00000138,0x00000138,0x00000358,0x00000071,
0x000000d4,0x00000071,0x000000d4,0x00000071,
0x000000d4,0x00000357,0x00000356,0x00000138,
0x000000d4,0x000000d4,0x00000071,0x00000357,
0x000000d4,0x000000d4,0x00000138,0x00000138,
0x000000d4,0x000000d4,0x00000071,0x00000071,
0x000000d4,0x00000358,0x00000356,0x00000138,
0x000000d4,0x00000358,0x00000138,0x00000138,
0x00000071,0x00000071,0x00000138,0x00000138,
0x000000d4,0x000000d4,0x00000138,0x00000138,
0x00000071,0x00000357,0x00000356,0x000000d4,
0x000000d4,0x00000138,0x00000071,0x000000d4,
0x00000358,0x00000071,0x00000138,0x000000d4,
0x000000d4,0x00000138,0x00000071,0x000000d4,
0x000000d4,0x00000357,0x00000356,0x00000071,
0x00000138,0x00000071,0x000000d4,0x000000d4,
0x00000358,0x000000d4,0x000000d4,0x000000d4,
0x000000d4,0x000000d4,0x00000138,0x00000071,
0x00000138,0x00000357,0x00000356,0x00000138,
0x00000138,0x00000138,0x000000d4,0x00000071,
0x000000d4,0x00000071,0x00000358,0x00000071,
0x000000d4,0x00000071,0x000000d4,0x00000071,
0x000000d4,0x00000357,0x00000356,0x00000071,
0x00000138,0x00000357,0x00000138,0x00000071,
0x00000138,0x00000071,0x00000138,0x00000071,
0x00000138,0x00000071,0x000000d4,0x000000d4,
0x000000d4,0x00000358,0x00000356,0x000000d4,
0x000000d4,0x00000358,0x00000138,0x00000071,
0x00000071,0x00000071,0x00000138,0x000000d4,
0x000000d4,0x000000d4,0x00000138,0x00000071,
0x00000071,0x00000357,0x00000356,0x00000138,
0x00000138,0x000000d4,0x00000071,0x00000357,
0x00000071,0x000000d4,0x00000138,0x00000138,
0x00000138,0x000000d4,0x00000071,0x00000071,
0x00000071,0x00000358,0x00000356,0x00000138,
0x00000138,0x00000138,0x000000d4,0x00000357,
0x00000071,0x000000d4,0x000000d4,0x00000071,
0x00000071,0x000000d4,0x000000d4,0x00000071,
0x00000071,0x00000358,0x00000356,0x000000d4,
0x000000d4,0x000000d4,0x00000138,0x00000357,
0x00000071,0x00000071,0x00000138,0x00000071,
0x00000071,0x00000071,0x00000138,0x000000d4,
0x000000d4,0x00000358,0x00000356,0x00000138,
0x00000138,0x000000d4,0x00000071,0x00000071,
0x00000071,0x000000d4,0x00000357,0x00000071,
0x00000071,0x000000d4,0x00000138,0x00000138,
0x00000138,0x00000358,0x00000356,0x00000071,
0x00000071,0x00000138,0x00000138,0x00000357,
0x00000071,0x00000138,0x00000138,0x00000071,
0x00000071,0x00000138,0x000000d4,0x000000d4,
0x000000d4,0x00000358,0x00000356,0x00000138,
0x00000138,0x00000138,0x00000138,0x00000138,
0x00000138,0x00000138,0x000000d4,0x00000071,
0x00000357,0x000000d4,0x000000d4,0x00000071,
0x00000071,0x00000358,0x00000356,0x00000071,
0x00000071,0x00000138,0x00000138,0x00000357,
0x00000071,0x00000138,0x000000d4,0x000000d4,
0x000000d4,0x000000d4,0x000000d4,0x000000d4,
0x000000d4,0x00000358,0x00000356,0x00000138,
0x000000d4,0x000000d4,0x00000138,0x00000138,
0x00000071,0x00000071,0x00000138,0x00000138,
0x00000357,0x00000071,0x00000138,0x00000138,
0x000000d4,0x00000358,0x00000356,0x00000138,
0x000000d4,0x000000d4,0x00000071,0x00000071,
0x000000d4,0x000000d4,0x00000357,0x00000071,
0x000000d4,0x000000d4,0x00000138,0x00000138,
0x000000d4,0x00000358,0x00000356,0x00000138,
0x00000138,0x00000138,0x00000138,0x00000138,
0x00000138,0x00000138,0x00000138,0x00000138,
0x00000138,0x00000138,0x000000d4,0x00000357,
0x00000071,0x00000358,0x00000356,0x00000138,
0x00000138,0x00000358,0x00000138,0x00000138,
0x00000138,0x00000071,0x00000138,0x00000138,
0x00000138,0x000000d4,0x00000138,0x00000138,
0x00000138,0x00000357,0x00000356,0x000000d4,
0x000000d4,0x000000d4,0x00000071,0x000000d4,
0x000000d4,0x000000d4,0x00000138,0x000000d4,
0x000000d4,0x000000d4,0x00000357,0x000000d4,
0x000000d4,0x00000358,0x00000356,0x00000071,
0x00000138,0x00000357,0x000000d4,0x000000d4,
0x000000d4,0x000000d4,0x000000d4,0x000000d4,
0x000000d4,0x000000d4,0x000000d4,0x000000d4,
0x000000d4,0x00000358,0x00000356,0x00000071,
0x00000071,0x00000357,0x000000d4,0x00000138,
0x00000071,0x00000071,0x00000358,0x000000d4,
0x00000138,0x00000071,0x000000d4,0x000000d4,
0x000000d4,0x00000138,0x0004002b,0x00000019,
0x0000035b,0x00000010,0x00040020,0x00000362,
0x00000007,0x00000355,0x0403002c,0x00000355,
0x00000368,0x00000356,0x00000138,0x00000071,
0x00000071,0x00000138,0x00000138,0x00000071,
0x00000071,0x00000138,0x00000138,0x00000071,
0x00000071,0x00000138,0x00000138,0x00000071,
0x00000357,0x00000356,0x00000138,0x00000138,
0x00000071,0x00000138,0x00000138,0x00000138,
0x00000071,0x00000138,0x00000138,0x00000138,
0x00000071,0x00000138,0x00000138,0x00000138,
0x00000357,0x00000356,0x00000071,0x00000071,
0x00000071,0x00000138,0x00000071,0x00000071,
0x00000071,0x00000138,0x00000071,0x00000071,
0x00000071,0x00000138,0x00000071,0x00000071,
0x00000357,0x00000356,0x00000138,0x00000138,
0x00000071,0x00000138,0x00000138,0x00000071,
0x00000071,0x00000138,0x00000138,0x00000071,
0x00000071,0x00000138,0x00000071,0x00000071,
0x00000357,0x00000356,0x00000138,0x00000138,
0x00000138,0x00000138,0x00000138,0x00000138,
0x00000071,0x00000138,0x00000138,0x00000138,
0x00000071,0x00000138,0x00000138,0x00000071,
0x00000357,0x00000356,0x00000138,0x00000071,
0x00000071,0x00000138,0x00000071,0x00000071,
0x00000071,0x00000138,0x00000071,0x00000071,
0x00000071,0x00000071,0x00000071,0x00000071,
0x00000357,0x00000356,0x00000138,0x00000138,
0x00000071,0x00000138,0x00000138,0x00000071,
0x00000071,0x00000138,0x00000071,0x00000071,
0x00000071,0x00000071,0x00000071,0x00000071,
0x00000357,0x00000356,0x00000138,0x00000138,
0x00000138,0x00000138,0x00000138,0x00000138,
0x00000071,0x00000138,0x00000138,0x00000071,
0x00000071,0x00000138,0x00000071,0x00000071,
0x00000357,0x00000356,0x00000138,0x00000138,
0x00000138,0x00000138,0x00000138,0x00000138,
0x00000138,0x00000138,0x00000138,0x00000138,
0x00000071,0x00000138,0x00000138,0x00000071,
0x00000357,0x00000356,0x00000138,0x00000071,
0x00000071,0x00000138,0x00000071,0x00000071,
0x00000071,0x00000071,0x00000071,0x00000071,
0x00000071,0x00000071,0x00000071,0x00000071,
0x00000357,0x00000356,0x00000138,0x00000138,
0x00000138,0x00000138,0x00000138,0x00000138,
0x00000071,0x00000138,0x00000071,0x00000071,
0x00000071,0x00000071,0x00000071,0x00000071,
0x00000357,0x00000356,0x00000138,0x00000138,
0x00000138,0x00000138,0x00000138,0x00000138,
0x00000138,0x00000138,0x00000138,0x00000138,
0x00000071,0x00000138,0x00000071,0x00000071,
0x00000357,0x00000356,0x00000138,0x00000138,
0x00000071,0x00000138,0x00000071,0x00000071,
0x00000071,0x00000071,0x00000071,0x00000071,
0x00000071,0x00000071,0x00000071,0x00000071,
0x00000357,0x00000356,0x00000138,0x00000138,
0x00000138,0x00000138,0x00000138,0x00000138,
0x00000138,0x00000071,0x00000071,0x00000071,
0x00000071,0x00000071,0x00000071,0x00000071,
0x00000357,0x00000356,0x00000138,0x00000138,
0x00000138,0x00000071,0x00000071,0x00000071,
0x00000071,0x00000071,0x00000071,0x00000071,
0x00000071,0x00000071,0x00000071,0x00000071,
0x00000357,0x00000356,0x00000138,0x00000138,
0x00000138,0x00000138,0x00000138,0x00000138,
0x00000138,0x00000138,0x00000138,0x00000138,
0x00000138,0x00000071,0x00000071,0x00000071,
0x00000357,0x00000356,0x00000138,0x00000138,
0x00000138,0x00000071,0x00000138,0x00000138,
0x00000138,0x00000071,0x00000071,0x00000071,
0x00000138,0x00000071,0x00000071,0x00000071,
0x00000357,0x00000356,0x00000071,0x00000357,
0x00000071,0x00000138,0x00000138,0x00000138,
0x00000071,0x00000138,0x00000138,0x00000138,
0x00000138,0x00000138,0x00000138,0x00000138,
0x00000138,0x00000356,0x00000138,0x00000138,
0x00000138,0x00000138,0x00000138,0x00000138,
0x00000138,0x00000357,0x00000138,0x00000138,
0x00000138,0x00000071,0x00000071,0x00000071,
0x00000138,0x00000356,0x00000071,0x00000357,
0x00000071,0x00000138,0x00000138,0x00000071,
0x00000071,0x00000138,0x00000138,0x00000138,
0x00000071,0x00000138,0x00000138,0x00000138,
0x00000138,0x00000356,0x00000138,0x00000357,
0x00000071,0x00000138,0x00000138,0x00000138,
0x00000071,0x00000138,0x00000138,0x00000138,
0x00000138,0x00000138,0x00000138,0x00000138,
0x00000138,0x00000356,0x00000138,0x00000138,
0x00000138,0x00000071,0x00000138,0x00000138,
0x00000138,0x00000357,0x00000071,0x00000138,
0x00000138,0x00000071,0x00000071,0x00000071,
0x00000138,0x00000356,0x00000138,0x00000138,
0x00000138,0x00000138,0x00000138,0x00000138,
0x00000138,0x00000357,0x00000138,0x00000138,
0x00000138,0x00000071,0x00000071,0x00000138,
0x00000138,0x00000356,0x00000071,0x00000071,
0x00000071,0x00000138,0x00000138,0x00000071,
0x00000071,0x00000138,0x00000138,0x00000071,
0x00000071,0x00000138,0x00000138,0x00000138,
0x00000357,0x00000356,0x00000138,0x00000357,
0x00000071,0x00000138,0x00000138,0x00000138,
0x00000071,0x00000138,0x00000138,0x00000138,
0x00000071,0x00000138,0x00000138,0x00000138,
0x00000138,0x00000356,0x00000138,0x00000138,
0x00000138,0x00000071,0x00000138,0x00000138,
0x00000138,0x00000357,0x00000138,0x00000138,
0x00000138,0x00000071,0x00000071,0x00000138,
0x00000138,0x00000356,0x00000071,0x00000357,
0x00000138,0x00000138,0x00000071,0x00000071,
0x00000138,0x00000138,0x00000071,0x00000071,
0x00000138,0x00000138,0x00000071,0x00000071,
0x00000138,0x00000356,0x00000138,0x00000357,
0x00000071,0x00000138,0x00000071,0x00000071,
0x00000138,0x00000138,0x00000071,0x00000071,
0x00000138,0x00000071,0x00000071,0x00000138,
0x00000138,0x00000356,0x00000138,0x00000138,
0x00000071,0x00000138,0x00000071,0x00000071,
0x00000071,0x00000357,0x00000071,0x00000071,
0x00000138,0x00000071,0x00000138,0x00000138,
0x00000138,0x00000356,0x00000138,0x00000138,
0x00000138,0x00000071,0x00000071,0x00000071,
0x00000071,0x00000357,0x00000071,0x00000071,
0x00000071,0x00000138,0x00000138,0x00000138,
0x00000138,0x00000356,0x00000071,0x00000357,
0x00000071,0x00000138,0x00000138,0x00000138,
0x00000071,0x00000071,0x00000138,0x00000138,
0x00000138,0x00000071,0x00000071,0x00000071,
0x00000138,0x00000356,0x00000138,0x00000357,
0x00000071,0x00000071,0x00000138,0x00000138,
0x00000071,0x00000071,0x00000138,0x00000138,
0x00000071,0x00000071,0x00000071,0x00000138,
0x00000138,0x00000356,0x00000071,0x00000138,
0x00000071,0x00000138,0x00000071,0x00000138,
0x00000071,0x00000138,0x00000071,0x00000138,
0x00000071,0x00000138,0x00000071,0x00000138,
0x00000357,0x00000356,0x00000138,0x00000138,
0x00000138,0x00000071,0x00000071,0x00000071,
0x00000071,0x00000138,0x00000138,0x00000138,
0x00000138,0x00000071,0x00000071,0x00000071,
0x00000357,0x00000356,0x00000071,0x00000138,
0x00000071,0x00000071,0x00000138,0x00000357,
0x00000138,0x00000138,0x00000071,0x00000138,
0x00000071,0x00000071,0x00000138,0x00000071,
0x00000138,0x00000356,0x00000138,0x00000071,
0x00000071,0x00000138,0x00000138,0x00000071,
0x00000071,0x00000357,0x00000071,0x00000138,
0x00000138,0x00000071,0x00000071,0x00000138,
0x00000138,0x00000356,0x00000138,0x00000357,
0x00000071,0x00000071,0x00000071,0x00000138,
0x00000138,0x00000138,0x00000138,0x00000071,
0x00000071,0x00000071,0x00000071,0x00000138,
0x00000138,0x00000356,0x00000071,0x00000138,
0x00000071,0x00000138,0x00000071,0x00000138,
0x00000071,0x00000357,0x00000138,0x00000071,
0x00000138,0x00000071,0x00000138,0x00000071,
0x00000138,0x00000356,0x00000071,0x00000071,
0x00000138,0x00000071,0x00000138,0x00000138,
0x00000071,0x00000138,0x00000071,0x00000071,
0x00000138,0x00000071,0x00000138,0x00000138,
0x00000357,0x00000356,0x00000071,0x00000138,
0x00000071,0x00000071,0x00000138,0x00000071,
0x00000138,0x00000071,0x00000138,0x00000071,
0x00000138,0x00000138,0x00000071,0x00000138,
0x00000357,0x00000356,0x00000071,0x00000357,
0x00000071,0x00000138,0x00000138,0x00000071,
0x00000071,0x00000071,0x00000071,0x00000138,
0x00000138,0x00000071,0x00000071,0x00000071,
0x00000138,0x00000356,0x00000138,0x00000138,
0x00000071,0x00000138,0x00000138,0x00000071,
0x00000071,0x00000357,0x00000071,0x00000138,
0x00000138,0x00000071,0x00000138,0x00000138,
0x00000138,0x00000356,0x00000138,0x00000357,
0x00000071,0x00000138,0x00000138,0x00000071,
0x00000138,0x00000138,0x00000071,0x00000138,
0x00000138,0x00000071,0x00000071,0x00000138,
0x00000138,0x00000356,0x00000138,0x00000357,
0x00000071,0x00000071,0x00000138,0x00000071,
0x00000071,0x00000071,0x00000071,0x00000138,
0x00000071,0x00000071,0x00000071,0x00000138,
0x00000138,0x00000356,0x00000071,0x00000357,
0x00000138,0x00000071,0x00000138,0x00000138,
0x00000071,0x00000071,0x00000138,0x00000138,
0x00000071,0x00000138,0x00000071,0x00000071,
0x00000138,0x00000356,0x00000138,0x00000071,
0x00000071,0x00000071,0x00000071,0x00000138,
0x00000138,0x00000071,0x00000071,0x00000138,
0x00000138,0x00000138,0x00000138,0x00000071,
0x00000357,0x00000356,0x00000071,0x00000071,
0x00000138,0x00000138,0x00000071,0x00000071,
0x00000138,0x00000071,0x00000138,0x00000138,
0x00000071,0x00000071,0x00000138,0x00000138,
0x00000357,0x00000356,0x00000138,0x00000138,
0x00000138,0x00000138,0x00000071,0x00000357,
0x00000138,0x00000138,0x00000071,0x00000071,
0x00000138,0x00000138,0x00000138,0x00000138,
0x00000138,0x00000356,0x00000071,0x00000138,
0x00000138,0x00000071,0x00000071,0x00000357,
0x00000138,0x00000138,0x00000071,0x00000138,
0x00000138,0x00000138,0x00000138,0x00000138,
0x00000138,0x00000356,0x00000138,0x00000357,
0x00000138,0x00000138,0x00000071,0x00000071,
0x00000071,0x00000138,0x00000138,0x00000071,
0x00000138,0x00000138,0x00000138,0x00000138,
0x00000138,0x00000356,0x00000138,0x00000138,
0x00000138,0x00000138,0x00000138,0x00000357,
0x00000138,0x00000138,0x00000071,0x00000071,
0x00000071,0x00000138,0x00000138,0x00000071,
0x00000138,0x00000356,0x00000138,0x00000138,
0x00000138,0x00000138,0x00000071,0x00000138,
0x00000138,0x00000357,0x00000071,0x00000071,
0x00000138,0x00000138,0x00000071,0x00000138,
0x00000138,0x00000356,0x00000071,0x00000071,
0x00000138,0x00000071,0x00000071,0x00000138,
0x00000138,0x00000071,0x00000138,0x00000138,
0x00000071,0x00000138,0x00000138,0x00000071,
0x00000357,0x00000356,0x00000138,0x00000071,
0x00000071,0x00000138,0x00000071,0x00000071,
0x00000138,0x00000071,0x00000071,0x00000138,
0x00000138,0x00000071,0x00000138,0x00000138,
0x00000357,0x00000356,0x00000071,0x00000357,
0x00000138,0x00000138,0x00000138,0x00000071,
0x00000071,0x00000071,0x00000138,0x00000138,
0x00000071,0x00000071,0x00000071,0x00000138,
0x00000138,0x00000356,0x00000138,0x00000357,
0x00000071,0x00000071,0x00000138,0x00000138,
0x00000071,0x00000071,0x00000071,0x00000138,
0x00000138,0x00000138,0x00000071,0x00000071,
0x00000138,0x00000356,0x00000071,0x00000071,
0x00000138,0x00000071,0x00000071,0x00000138,
0x00000138,0x00000071,0x00000071,0x00000138,
0x00000138,0x00000071,0x00000138,0x00000138,
0x00000357,0x00000356,0x00000071,0x00000071,
0x00000138,0x00000138,0x00000138,0x00000071,
0x00000071,0x00000138,0x00000138,0x00000071,
0x00000071,0x00000071,0x00000138,0x00000138,
0x00000357,0x00000356,0x00000071,0x00000071,
0x00000071,0x00000071,0x00000071,0x00000071,
0x00000138,0x00000071,0x00000138,0x00000138,
0x00000138,0x00000138,0x00000138,0x00000138,
0x00000357,0x00000356,0x00000138,0x00000138,
0x00000071,0x00000071,0x00000138,0x00000138,
0x00000138,0x00000071,0x00000071,0x00000071,
0x00000138,0x00000138,0x00000071,0x00000071,
0x00000357,0x00000356,0x00000138,0x00000138,
0x00000138,0x00000071,0x00000071,0x00000071,
0x00000071,0x00000138,0x00000138,0x00000071,
0x00000071,0x00000138,0x00000138,0x00000071,
0x00000357,0x00000356,0x00000138,0x00000357,
0x00000071,0x00000138,0x00000138,0x00000071,
0x00000071,0x00000071,0x00000071,0x00000071,
0x00000071,0x00000138,0x00000138,0x00000138,
0x00000138,0x00000356,0x00000138,0x00000357,
0x00000138,0x00000138,0x00000138,0x00000071,
0x00000138,0x00000071,0x00000071,0x00000071,
0x00000138,0x00000071,0x00000071,0x00000071,
0x00000138,0x00000356,0x00000071,0x00000138,
0x00000138,0x00000138,0x00000071,0x00000138,
0x00000138,0x00000138,0x00000071,0x00000071,
0x00000071,0x00000138,0x00000071,0x00000071,
0x00000357,0x0004001c,0x0000038b,0x00000019,
0x00000049,0x00040020,0x0000038c,0x00000007,
0x0000038b,0x0004002b,0x00000019,0x000003e6,
0x00000015,0x0004002b,0x00000019,0x000003e7,
0x0000002b,0x0007002c,0x000001fd,0x000003e8,
0x0000006a,0x000003e6,0x000003e7,0x00000174,
0x00040020,0x000003ea,0x00000007,0x000001fd,
0x0004002b,0x00000019,0x000003f4,0x00000009,
0x0004002b,0x00000019,0x000003f5,0x00000012,
0x0004002b,0x00000019,0x000003f6,0x0000001b,
0x0004002b,0x00000019,0x000003f7,0x00000025,
0x0004002b,0x00000019,0x000003f8,0x0000002e,
0x0004002b,0x00000019,0x000003f9,0x00000037,
0x000b002c,0x00000032,0x000003fa,0x0000006a,
0x000003f4,0x000003f5,0x000003f6,0x000003f7,
0x000003f8,0x000003f9,0x00000174,0x0004002b,
0x00000019,0x00000400,0x0000000d,0x0004002b,
0x00000019,0x00000401,0x00000011,0x0004002b,
0x00000019,0x00000402,0x0000001a,0x0004002b,
0x00000019,0x00000403,0x0000001e,0x0004002b,
0x00000019,0x00000404,0x00000022,0x0004002b,
0x00000019,0x00000405,0x00000026,0x0004002b,
0x00000019,0x00000406,0x0000002f,0x0004002b,
0x00000019,0x00000407,0x00000033,0x0004002b,
0x00000019,0x00000408,0x0000003c,0x0013002c,
0x0000038b,0x00000409,0x0000006a,0x000001da,
0x000003f4,0x00000400,0x00000401,0x000003e6,
0x00000402,0x00000403,0x00000404,0x00000405,
0x000003e7,0x00000406,0x00000407,0x000003f9,
0x00000408,0x00000174,0x0004002b,0x00000006,
0x00000512,0x00000018,0x0004002b,0x00000019,
0x00000533,0x0000001f,0x0004002b,0x00000019,
0x00000560,0xffffffff,0x0004001c,0x000005db,
0x00000019,0x00000147,0x00040020,0x000005dc,
0x00000007,0x000005db,0x0004002b,0x00000019,
0x000005f3,0x0000000b,0x0004002b,0x00000006,
0x000005f4,0x00000053,0x0004002b,0x00000019,
0x00000604,0x00000019,0x0004002b,0x00000019,
0x0000060c,0x00000021,0x0004002b,0x00000019,
0x00000614,0x00000029,0x0004002b,0x00000019,
0x0000061c,0x00000031,0x0004002b,0x00000019,
0x00000624,0x00000039,0x0004002b,0x00000006,
0x00000697,0x000000f3,0x0004001c,0x00000698,
0x00000006,0x00000697,0x0004002b,0x00000006,
0x00000699,0x00000009,0x0004002b,0x00000006,
0x0000069a,0x0000000a,0x0004002b,0x00000006,
0x0000069b,0x00000011,0x0004002b,0x00000006,
0x0000069c,0x00000012,0x0004002b,0x00000006,
0x0000069d,0x00000014,0x0004002b,0x00000006,
0x0000069e,0x00000015,0x0004002b,0x00000006,
0x0000069f,0x00000016,0x0004002b,0x00000006,
0x000006a0,0x00000019,0x0004002b,0x00000006,
0x000006a1,0x0000001a,0x0004002b,0x00000006,
0x000006a2,0x00000013,0x0004002b,0x00000006,
0x000006a3,0x0000001b,0x0004002b,0x00000006,
0x000006a4,0x0000000c,0x0004002b,0x00000006,
0x000006a5,0x0000000d,0x0004002b,0x00000006,
0x000006a6,0x0000000e,0x0004002b,0x00000006,
0x000006a7,0x00000020,0x0004002b,0x00000006,
0x000006a8,0x00000022,0x0004002b,0x00000006,
0x000006a9,0x00000024,0x0004002b,0x00000006,
0x000006aa,0x00000025,0x0004002b,0x00000006,
0x000006ab,0x00000026,0x0004002b,0x00000006,
0x000006ac,0x00000028,0x0004002b,0x00000006,
0x000006ad,0x00000029,0x0004002b,0x00000006,
0x000006ae,0x0000002a,0x0004002b,0x00000006,
0x000006af,0x00000030,0x0004002b,0x00000006,
0x000006b0,0x00000031,0x0004002b,0x00000006,
0x000006b1,0x00000032,0x0004002b,0x00000006,
0x000006b2,0x00000034,0x0004002b,0x00000006,
0x000006b3,0x00000035,0x0004002b,0x00000006,
0x000006b4,0x00000036,0x0004002b,0x00000006,
0x000006b5,0x00000038,0x0004002b,0x00000006,
0x000006b6,0x00000039,0x0004002b,0x00000006,
0x000006b7,0x0000003a,0x0004002b,0x00000006,
0x000006b8,0x00000023,0x0004002b,0x00000006,
0x000006b9,0x00000027,0x0004002b,0x00000006,
0x000006ba,0x0000002b,0x0004002b,0x00000006,
0x000006bb,0x00000033,0x0004002b,0x00000006,
0x000006bc,0x00000037,0x0004002b,0x00000006,
0x000006bd,0x0000003b,0x0004002b,0x00000006,
0x000006be,0x0000002c,0x0004002b,0x00000006,
0x000006bf,0x0000002d,0x0004002b,0x00000006,
0x000006c0,0x0000002e,0x0004002b,0x00000006,
0x000006c1,0x00000041,0x0004002b,0x00000006,
0x000006c2,0x00000042,0x0004002b,0x00000006,
0x000006c3,0x00000044,0x0004002b,0x00000006,
0x000006c4,0x00000045,0x0004002b,0x00000006,
0x000006c5,0x00000046,0x0004002b,0x00000006,
0x000006c6,0x00000048,0x0004002b,0x00000006,
0x000006c7,0x00000049,0x0004002b,0x00000006,
0x000006c8,0x0000004a,0x0004002b,0x00000006,
0x000006c9,0x00000050,0x0004002b,0x00000006,
0x000006ca,0x00000051,0x0004002b,0x00000006,
0x000006cb,0x00000052,0x0004002b,0x00000006,
0x000006cc,0x00000054,0x0004002b,0x00000006,
0x000006cd,0x00000055,0x0004002b,0x00000006,
0x000006ce,0x00000056,0x0004002b,0x00000006,
0x000006cf,0x00000058,0x0004002b,0x00000006,
0x000006d0,0x00000059,0x0004002b,0x00000006,
0x000006d1,0x0000005a,0x0004002b,0x00000006,
0x000006d2,0x00000043,0x0004002b,0x00000006,
0x000006d3,0x00000047,0x0004002b,0x00000006,
0x000006d4,0x0000004b,0x0004002b,0x00000006,
0x000006d5,0x00000057,0x0004002b,0x00000006,
0x000006d6,0x0000005b,0x0004002b,0x00000006,
0x000006d7,0x0000004c,0x0004002b,0x00000006,
0x000006d8,0x0000004d,0x0004002b,0x00000006,
0x000006d9,0x0000004e,0x0004002b,0x00000006,
0x000006da,0x00000084,0x0004002b,0x00000006,
0x000006db,0x00000085,0x0004002b,0x00000006,
0x000006dc,0x00000086,0x0004002b,0x00000006,
0x000006dd,0x00000088,0x0004002b,0x00000006,
0x000006de,0x00000089,0x0004002b,0x00000006,
0x000006df,0x0000008a,0x0004002b,0x00000006,
0x000006e0,0x00000090,0x0004002b,0x00000006,
0x000006e1,0x00000091,0x0004002b,0x00000006,
0x000006e2,0x00000092,0x0004002b,0x00000006,
0x000006e3,0x00000094,0x0004002b,0x00000006,
0x000006e4,0x00000095,0x0004002b,0x00000006,
0x000006e5,0x00000096,0x0004002b,0x00000006,
0x000006e6,0x00000098,0x0004002b,0x00000006,
0x000006e7,0x00000099,0x0004002b,0x00000006,
0x000006e8,0x0000009a,0x0004002b,0x00000006,
0x000006e9,0x00000083,0x0004002b,0x00000006,
0x000006ea,0x00000087,0x0004002b,0x00000006,
0x000006eb,0x0000008b,0x0004002b,0x00000006,
0x000006ec,0x00000093,0x0004002b,0x00000006,
0x000006ed,0x00000097,0x0004002b,0x00000006,
0x000006ee,0x0000009b,0x0004002b,0x00000006,
0x000006ef,0x0000008c,0x0004002b,0x00000006,
0x000006f0,0x0000008d,0x0004002b,0x00000006,
0x000006f1,0x0000008e,0x0004002b,0x00000006,
0x000006f2,0x000000a0,0x0004002b,0x00000006,
0x000006f3,0x000000a1,0x0004002b,0x00000006,
0x000006f4,0x000000a2,0x0004002b,0x00000006,
0x000006f5,0x000000a4,0x0004002b,0x00000006,
0x000006f6,0x000000a5,0x0004002b,0x00000006,
0x000006f7,0x000000a6,0x0004002b,0x00000006,
0x000006f8,0x000000a8,0x0004002b,0x00000006,
0x000006f9,0x000000a9,0x0004002b,0x00000006,
0x000006fa,0x000000aa,0x0004002b,0x00000006,
0x000006fb,0x000000b0,0x0004002b,0x00000006,
0x000006fc,0x000000b1,0x0004002b,0x00000006,
0x000006fd,0x000000b2,0x0004002b,0x00000006,
0x000006fe,0x000000b4,0x0004002b,0x00000006,
0x000006ff,0x000000b5,0x0004002b,0x00000006,
0x00000700,0x000000b6,0x0004002b,0x00000006,
0x00000701,0x000000b8,0x0004002b,0x00000006,
0x00000702,0x000000b9,0x0004002b,0x00000006,
0x00000703,0x000000ba,0x0004002b,0x00000006,
0x00000704,0x000000a3,0x0004002b,0x00000006,
0x00000705,0x000000a7,0x0004002b,0x00000006,
0x00000706,0x000000ab,0x0004002b,0x00000006,
0x00000707,0x000000b3,0x0004002b,0x00000006,
0x00000708,0x000000b7,0x0004002b,0x00000006,
0x00000709,0x000000bb,0x0004002b,0x00000006,
0x0000070a,0x000000ac,0x0004002b,0x00000006,
0x0000070b,0x000000ad,0x0004002b,0x00000006,
0x0000070c,0x000000ae,0x0004002b,0x00000006,
0x0000070d,0x000000c0,0x0004002b,0x00000006,
0x0000070e,0x000000c1,0x0004002b,0x00000006,
0x0000070f,0x000000c2,0x0004002b,0x00000006,
0x00000710,0x000000c4,0x0004002b,0x00000006,
0x00000711,0x000000c5,0x0004002b,0x00000006,
0x00000712,0x000000c6,0x0004002b,0x00000006,
0x00000713,0x000000c8,0x0004002b,0x00000006,
0x00000714,0x000000c9,0x0004002b,0x00000006,
0x00000715,0x000000ca,0x0004002b,0x00000006,
0x00000716,0x000000d0,0x0004002b,0x00000006,
0x00000717,0x000000d1,0x0004002b,0x00000006,
0x00000718,0x000000d2,0x0004002b,0x00000006,
0x00000719,0x000000d4,0x0004002b,0x00000006,
0x0000071a,0x000000d5,0x0004002b,0x00000006,
0x0000071b,0x000000d6,0x0004002b,0x00000006,
0x0000071c,0x000000d8,0x0004002b,0x00000006,
0x0000071d,0x000000d9,0x0004002b,0x00000006,
0x0000071e,0x000000da,0x0004002b,0x00000006,
0x0000071f,0x000000c3,0x0004002b,0x00000006,
0x00000720,0x000000c7,0x0004002b,0x00000006,
0x00000721,0x000000cb,0x0004002b,0x00000006,
0x00000722,0x000000d3,0x0004002b,0x00000006,
0x00000723,0x000000d7,0x0004002b,0x00000006,
0x00000724,0x000000db,0x0004002b,0x00000006,
0x00000725,0x000000cc,0x0004002b,0x00000006,
0x00000726,0x000000cd,0x0004002b,0x00000006,
0x00000727,0x000000ce,0x0004002b,0x00000006,
0x00000728,0x00000060,0x0004002b,0x00000006,
0x00000729,0x00000061,0x0004002b,0x00000006,
0x0000072a,0x00000062,0x0004002b,0x00000006,
0x0000072b,0x00000064,0x0004002b,0x00000006,
0x0000072c,0x00000065,0x0004002b,0x00000006,
0x0000072d,0x00000066,0x0004002b,0x00000006,
0x0000072e,0x00000068,0x0004002b,0x00000006,
0x0000072f,0x00000069,0x0004002b,0x00000006,
0x00000730,0x0000006a,0x0004002b,0x00000006,
0x00000731,0x00000070,0x0004002b,0x00000006,
0x00000732,0x00000071,0x0004002b,0x00000006,
0x00000733,0x00000072,0x0004002b,0x00000006,
0x00000734,0x00000074,0x0004002b,0x00000006,
0x00000735,0x00000075,0x0004002b,0x00000006,
0x00000736,0x00000076,0x0004002b,0x00000006,
0x00000737,0x00000078,0x0004002b,0x00000006,
0x00000738,0x00000079,0x0004002b,0x00000006,
0x00000739,0x0000007a,0x0004002b,0x00000006,
0x0000073a,0x00000063,0x0004002b,0x00000006,
0x0000073b,0x00000067,0x0004002b,0x00000006,
0x0000073c,0x0000006b,0x0004002b,0x00000006,
0x0000073d,0x00000073,0x0004002b,0x00000006,
0x0000073e,0x00000077,0x0004002b,0x00000006,
0x0000073f,0x0000007b,0x0004002b,0x00000006,
0x00000740,0x0000006c,0x0004002b,0x00000006,
0x00000741,0x0000006d,0x0004002b,0x00000006,
0x00000742,0x0000006e,0x0004002b,0x00000006,
0x00000743,0x000000e0,0x0004002b,0x00000006,
0x00000744,0x000000e1,0x0004002b,0x00000006,
0x00000745,0x000000e2,0x0004002b,0x00000006,
0x00000746,0x000000e4,0x0004002b,0x00000006,
0x00000747,0x000000e5,0x0004002b,0x00000006,
0x00000748,0x000000e6,0x0004002b,0x00000006,
0x00000749,0x000000e8,0x0004002b,0x00000006,
0x0000074a,0x000000e9,0x0004002b,0x00000006,
0x0000074b,0x000000ea,0x0004002b,0x00000006,
0x0000074c,0x000000f0,0x0004002b,0x00000006,
0x0000074d,0x000000f1,0x0004002b,0x00000006,
0x0000074e,0x000000f2,0x0004002b,0x00000006,
0x0000074f,0x000000f4,0x0004002b,0x00000006,
0x00000750,0x000000f5,0x0004002b,0x00000006,
0x00000751,0x000000f6,0x0004002b,0x00000006,
0x00000752,0x000000f8,0x0004002b,0x00000006,
0x00000753,0x000000f9,0x0004002b,0x00000006,
0x00000754,0x000000fa,0x0004002b,0x00000006,
0x00000755,0x000000e3,0x0004002b,0x00000006,
0x00000756,0x000000e7,0x0004002b,0x00000006,
0x00000757,0x000000eb,0x0004002b,0x00000006,
0x00000758,0x000000f7,0x0004002b,0x00000006,
0x00000759,0x000000fb,0x0004002b,0x00000006,
0x0000075a,0x000000ec,0x0004002b,0x00000006,
0x0000075b,0x000000ed,0x0004002b,0x00000006,
0x0000075c,0x000000ee,0x0004002b,0x00000006,
0x0000075d,0x0000001c,0x0004002b,0x00000006,
0x0000075e,0x0000001d,0x0004002b,0x00000006,
0x0000075f,0x0000001e,0x0004002b,0x00000006,
0x00000760,0x0000003c,0x0004002b,0x00000006,
0x00000761,0x0000003e,0x0004002b,0x00000006,
0x00000762,0x0000005c,0x0004002b,0x00000006,
0x00000763,0x0000005d,0x0004002b,0x00000006,
0x00000764,0x0000005e,0x0004002b,0x00000006,
0x00000765,0x0000009c,0x0004002b,0x00000006,
0x00000766,0x0000009d,0x0004002b,0x00000006,
0x00000767,0x0000009e,0x0004002b,0x00000006,
0x00000768,0x000000bc,0x0004002b,0x00000006,
0x00000769,0x000000bd,0x0004002b,0x00000006,
0x0000076a,0x000000be,0x0004002b,0x00000006,
0x0000076b,0x000000dc,0x0004002b,0x00000006,
0x0000076c,0x000000dd,0x0004002b,0x00000006,
0x0000076d,0x000000de,0x0004002b,0x00000006,
0x0000076e,0x0000005f,0x0004002b,0x00000006,
0x0000076f,0x0000009f,0x0004002b,0x00000006,
0x00000770,0x000000bf,0x0004002b,0x00000006,
0x00000771,0x000000df,0x0004002b,0x00000006,
0x00000772,0x0000007c,0x0004002b,0x00000006,
0x00000773,0x0000007e,0x00f6002c,0x00000698,
0x00000774,0x00000138,0x00000071,0x000000d4,
0x000000aa,0x00000084,0x0000009c,0x00000031,
0x00000699,0x0000069a,0x00000049,0x0000069b,
0x0000069c,0x0000069d,0x0000069e,0x0000069f,
0x00000512,0x000006a0,0x000006a1,0x00000147,
0x000000dd,0x0000007e,0x000006a2,0x0000009a,
0x000006a3,0x000006a4,0x000006a5,0x000006a6,
0x000006a7,0x000000a2,0x000006a8,0x000006a9,
0x000006aa,0x000006ab,0x000006ac,0x000006ad,
0x000006ae,0x000006af,0x000006b0,0x000006b1,
0x000006b2,0x000006b3,0x000006b4,0x000006b5,
0x000006b6,0x000006b7,0x000006b8,0x000006b9,
0x000006ba,0x000006bb,0x000006bc,0x000006bd,
0x000006be,0x000006bf,0x000006c0,0x00000058,
0x000006c1,0x000006c2,0x000006c3,0x000006c4,
0x000006c5,0x000006c6,0x000006c7,0x000006c8,
0x000006c9,0x000006ca,0x000006cb,0x000006cc,
0x000006cd,0x000006ce,0x000006cf,0x000006d0,
0x000006d1,0x000006d2,0x000006d3,0x000006d4,
0x000005f4,0x000006d5,0x000006d6,0x000006d7,
0x000006d8,0x000006d9,0x00000356,0x00000357,
0x00000358,0x000006da,0x000006db,0x000006dc,
0x000006dd,0x000006de,0x000006df,0x000006e0,
0x000006e1,0x000006e2,0x000006e3,0x000006e4,
0x000006e5,0x000006e6,0x000006e7,0x000006e8,
0x000006e9,0x000006ea,0x000006eb,0x000006ec,
0x000006ed,0x000006ee,0x000006ef,0x000006f0,
0x000006f1,0x000006f2,0x000006f3,0x000006f4,
0x000006f5,0x000006f6,0x000006f7,0x000006f8,
0x000006f9,0x000006fa,0x000006fb,0x000006fc,
0x000006fd,0x000006fe,0x000006ff,0x00000700,
0x00000701,0x00000702,0x00000703,0x00000704,
0x00000705,0x00000706,0x00000707,0x00000708,
0x00000709,0x0000070a,0x0000070b,0x0000070c,
0x0000070d,0x0000070e,0x0000070f,0x00000710,
0x00000711,0x00000712,0x00000713,0x00000714,
0x00000715,0x00000716,0x00000717,0x00000718,
0x00000719,0x0000071a,0x0000071b,0x0000071c,
0x0000071d,0x0000071e,0x0000071f,0x00000720,
0x00000721,0x00000722,0x00000723,0x00000724,
0x00000725,0x00000726,0x00000727,0x00000728,
0x00000729,0x0000072a,0x0000072b,0x0000072c,
0x0000072d,0x0000072e,0x0000072f,0x00000730,
0x00000731,0x00000732,0x00000733,0x00000734,
0x00000735,0x00000736,0x00000737,0x00000738,
0x00000739,0x0000073a,0x0000073b,0x0000073c,
0x0000073d,0x0000073e,0x0000073f,0x00000740,
0x00000741,0x00000742,0x00000743,0x00000744,
0x00000745,0x00000746,0x00000747,0x00000748,
0x00000749,0x0000074a,0x0000074b,0x0000074c,
0x0000074d,0x0000074e,0x0000074f,0x00000750,
0x00000751,0x00000752,0x00000753,0x00000754,
0x00000755,0x00000756,0x00000757,0x00000697,
0x00000758,0x00000759,0x0000075a,0x0000075b,
0x0000075c,0x0000075d,0x0000075e,0x0000075f,
0x00000760,0x000000db,0x00000761,0x00000762,
0x00000763,0x00000764,0x00000765,0x00000766,
0x00000767,0x00000768,0x00000769,0x0000076a,
0x0000076b,0x0000076c,0x0000076d,0x00000080,
0x00000086,0x0000076e,0x0000076f,0x00000770,
0x00000771,0x00000772,0x0000011e,0x00000773,
0x0004002b,0x00000019,0x00000787,0x00000051,
0x00040020,0x0000078d,0x00000007,0x00000698,
0x0004001c,0x0000079b,0x00000019,0x00000084,
0x0004002b,0x00000019,0x0000079c,0x0000000c,
0x0004002b,0x00000019,0x0000079d,0x00000017,
0x0008002c,0x0000079b,0x0000079e,0x0000006a,
0x0000017e,0x0000079c,0x00000401,0x0000079d,
0x00040020,0x000007a0,0x00000007,0x0000079b,
0x0004002b,0x00000019,0x000007a8,0x0000000f,
0x0004002b,0x00000019,0x000007c1,0x0000000a,
0x0004002b,0x00000019,0x000007c2,0x00000016,
0x000b002c,0x00000032,0x000007c3,0x000001da,
0x000001dd,0x000007c1,0x000005f3,0x0000035b,
0x000003e6,0x000007c2,0x000003f6,0x0004002b,
0x00000019,0x000007cf,0x0000002d,0x0004001c,
0x000007d1,0x00000006,0x000006a3,0x001e002c,
0x000007d1,0x000007d2,0x00000138,0x00000071,
0x000000d4,0x000000aa,0x00000084,0x0000009c,
0x00000031,0x00000699,0x0000069a,0x00000049,
0x0000069b,0x0000069c,0x0000069d,0x0000069e,
0x0000069f,0x00000512,0x000006a0,0x000006a1,
0x00000147,0x000000dd,0x0000007e,0x000006a2,
0x0000009a,0x000006a3,0x000006a4,0x000006a5,
0x000006a6,0x00040020,0x000007e0,0x00000007,
0x000007d1,0x0004002b,0x00000006,0x00000822,
0x00000100,0x0004001c,0x00000823,0x00000006,
0x00000822,0x0004002b,0x00000006,0x00000824,
0x0000002f,0x0004002b,0x00000006,0x00000825,
0x0000000f,0x0103002c,0x00000823,0x00000826,
0x00000138,0x00000138,0x00000138,0x00000049,
0x00000049,0x00000049,0x00000049,0x00000049,
0x00000049,0x000006a7,0x000006a7,0x000006a7,
0x000006a7,0x000006a7,0x000000d4,0x000000d4,
0x000000d4,0x000000d4,0x000000d4,0x0000069c,
0x0000069c,0x0000069c,0x0000069c,0x0000069c,
0x0000069c,0x000006a8,0x000006a8,0x000006a8,
0x000006a8,0x000006a8,0x000000aa,0x000000aa,
0x000000aa,0x000000aa,0x000000aa,0x000000aa,
0x0000069d,0x0000069d,0x0000069d,0x0000069d,
0x0000069d,0x000006a9,0x000006a9,0x000006a9,
0x000006a9,0x000006a9,0x0000009c,0x0000009c,
0x0000009c,0x0000009c,0x0000009c,0x0000009c,
0x0000069f,0x0000069f,0x0000069f,0x0000069f,
0x0000069f,0x000006ab,0x000006ab,0x000006ab,
0x000006ab,0x000006ab,0x00000031,0x00000031,
0x00000031,0x00000031,0x00000031,0x00000031,
0x00000512,0x00000512,0x00000512,0x00000512,
0x00000512,0x00000512,0x000006ac,0x000006ac,
0x000006ac,0x000006ac,0x000006ac,0x0000069a,
0x0000069a,0x0000069a,0x0000069a,0x0000069a,
0x000006a1,0x000006a1,0x000006a1,0x000006a1,
0x000006a1,0x000006a1,0x000006ae,0x000006ae,
0x000006ae,0x000006ae,0x000006ae,0x000006a4,
0x000006a4,0x000006a4,0x000006a4,0x000006a4,
0x000006a4,0x0000075d,0x0000075d,0x0000075d,
0x0000075d,0x0000075d,0x000006be,0x000006be,
0x000006be,0x000006be,0x000006be,0x000006a6,
0x000006a6,0x000006a6,0x000006a6,0x000006a6,
0x000006a6,0x0000075f,0x0000075f,0x0000075f,
0x0000075f,0x0000075f,0x000006c0,0x000006c0,
0x000006c0,0x000006c0,0x000006c0,0x000006c0,
0x00000824,0x00000824,0x00000824,0x00000824,
0x00000824,0x00000824,0x00000080,0x00000080,
0x00000080,0x00000080,0x00000080,0x00000825,
0x00000825,0x00000825,0x00000825,0x00000825,
0x00000825,0x000006bf,0x000006bf,0x000006bf,
0x000006bf,0x000006bf,0x0000075e,0x0000075e,
0x0000075e,0x0000075e,0x0000075e,0x000006a5,
0x000006a5,0x000006a5,0x000006a5,0x000006a5,
0x000006a5,0x000006ba,0x000006ba,0x000006ba,
0x000006ba,0x000006ba,0x000006a3,0x000006a3,
0x000006a3,0x000006a3,0x000006a3,0x000006a3,
0x0000007e,0x0000007e,0x0000007e,0x0000007e,
0x0000007e,0x000006ad,0x000006ad,0x000006ad,
0x000006ad,0x000006ad,0x000006a0,0x000006a0,
0x000006a0,0x000006a0,0x000006a0,0x000006a0,
0x00000699,0x00000699,0x00000699,0x00000699,
0x00000699,0x00000699,0x000006b9,0x000006b9,
0x000006b9,0x000006b9,0x000006b9,0x0000009a,
0x0000009a,0x0000009a,0x0000009a,0x0000009a,
0x000000dd,0x000000dd,0x000000dd,0x000000dd,
0x000000dd,0x000000dd,0x000006aa,0x000006aa,
0x000006aa,0x000006aa,0x000006aa,0x0000069e,
0x0000069e,0x0000069e,0x0000069e,0x0000069e,
0x00000084,0x00000084,0x00000084,0x00000084,
0x00000084,0x00000084,0x000006b8,0x000006b8,
0x000006b8,0x000006b8,0x000006b8,0x000006a2,
0x000006a2,0x000006a2,0x000006a2,0x000006a2,
0x000006a2,0x00000147,0x00000147,0x00000147,
0x00000147,0x00000147,0x000000a2,0x000000a2,
0x000000a2,0x000000a2,0x000000a2,0x0000069b,
0x0000069b,0x0000069b,0x0000069b,0x0000069b,
0x0000069b,0x00000071,0x00000071,0x00000071,
0x00040020,0x00000828,0x00000007,0x00000823,
0x0004002b,0x00000006,0x00000833,0x00000442,
0x0004001c,0x0000091d,0x00000006,0x000006af,
0x0004002b,0x00000006,0x0000091e,0x000000ef,
0x0004002b,0x00000006,0x0000091f,0x000000cf,
0x0033002c,0x0000091d,0x00000920,0x00000138,
0x00000054,0x00000049,0x0000091e,0x000006a7,
0x00000771,0x000006af,0x0000091f,0x000006c1,
0x0000076a,0x000006ca,0x0000070c,0x00000729,
0x00000767,0x00000732,0x000006f1,0x00000084,
0x00000754,0x0000069e,0x0000074b,0x000006ab,
0x0000071d,0x000006b4,0x00000714,0x000006c5,
0x00000702,0x000006ce,0x000006f9,0x0000073b,
0x000006e6,0x0000073e,0x000006dd,0x0000007e,
0x0000074f,0x000006a3,0x00000746,0x000006ba,
0x00000719,0x000006bd,0x00000710,0x000006d7,
0x00000707,0x00000762,0x00000704,0x00000740,
0x000006ec,0x00000772,0x000006e9,0x00040020,
0x00000923,0x00000007,0x0000091d,0x0004002b,
0x00000019,0x0000096f,0x0000003e,0x00030016,
0x00000b07,0x00000020,0x0004002b,0x00000b07,
0x00000b0a,0x00000000,0x0004002b,0x00000b07,
0x00000b40,0x3f800000,0x0004002b,0x00000b07,
0x00000b45,0x40e00000,0x0004001c,0x00000b47,
0x00000019,0x00000354,0x0004002b,0x00000019,
0x00000b48,0x000000a6,0x0004002b,0x00000019,
0x00000b49,0x0000004b,0x0004002b,0x00000019,
0x00000b4a,0xfffffff0,0x0004002b,0x00000019,
0x00000b4b,0xffffffe7,0x0004002b,0x00000019,
0x00000b4c,0xfffffffc,0x0004002b,0x00000019,
0x00000b4d,0xfffffffd,0x0004002b,0x00000019,
0x00000b4e,0xfffffff7,0x0004002b,0x00000019,
0x00000b4f,0xfffffff6,0x0004002b,0x00000019,
0x00000b50,0xfffffffe,0x0004002b,0x00000019,
0x00000b51,0xffffffd6,0x0004002b,0x00000019,
0x00000b52,0x00000084,0x0004002b,0x00000019,
0x00000b53,0x0000005d,0x0004002b,0x00000019,
0x00000b54,0xffffffd9,0x0004002b,0x00000019,
0x00000b55,0xfffffff2,0x0004002b,0x00000019,
0x00000b56,0xffffffec,0x0004002b,0x00000019,
0x00000b57,0x00000027,0x0004002b,0x00000019,
0x00000b58,0xffffffed,0x0004002b,0x00000019,
0x00000b59,0xfffffffa,0x0004002b,0x00000019,
0x00000b5a,0xfffffff8,0x0004002b,0x00000019,
0x00000b5b,0xfffffff1,0x0004002b,0x00000019,
0x00000b5c,0xffffffeb,0x0004002b,0x00000019,
0x00000b5d,0xffffffe0,0x0004002b,0x00000019,
0x00000b5e,0xffffffe9,0x0004002b,0x00000019,
0x00000b5f,0xfffffffb,0x0004002b,0x00000019,
0x00000b60,0x0000001c,0x0004002b,0x00000019,
0x00000b61,0x00000063,0x0004002b,0x00000019,
0x00000b62,0x0000004f,0x0004002b,0x00000019,
0x00000b63,0xffffffe5,0x0004002b,0x00000019,
0x00000b64,0x0000003b,0x0004002b,0x00000019,
0x00000b65,0xffffffea,0x0403002c,0x00000b47,
0x00000b66,0x00000b48,0x00000b49,0x00000b4a,
0x00000b4b,0x00000b4c,0x000007c1,0x000001da,
0x00000b4d,0x00000b49,0x0000060c,0x00000b4e,
0x00000b4f,0x00000b4d,0x000001dd,0x000000ef,
0x00000b50,0x00000b4a,0x00000b4e,0x00000b50,
0x000001dd,0x00000560,0x00000560,0x0000006a,
0x0000006a,0x00000b4b,0x00000b4f,0x000001dd,
0x000001dd,0x0000006a,0x00000b50,0x00000560,
0x0000006a,0x00000b4c,0x00000b4d,0x00000560,
0x0000006a,0x000000c4,0x0000006a,0x0000006a,
0x0000006a,0x000007c1,0x000001dd,0x00000560,
0x00000b50,0x0000006a,0x0000006a,0x0000006a,
0x0000006a,0x000001da,0x000000ef,0x0000006a,
0x00000560,0x0000006a,0x0000006a,0x0000006a,
0x0000006a,0x00000b4d,0x00000b50,0x0000006a,
0x0000006a,0x0000006a,0x0000006a,0x0000006a,
0x0000006a,0x00000b51,0x000007cf,0x00000b52,
0x00000b53,0x00000401,0x00000b54,0x00000b55,
0x0000079c,0x00000b56,0x000003e6,0x0000096f,
0x00000b57,0x000007c1,0x00000b58,0x00000b59,
0x0000017e,0x0000010e,0x00000b4d,0x00000b5a,
0x00000b5b,0x000001da,0x000000c4,0x000000c4,
0x0000006a,0x000001dd,0x00000b5a,0x00000b5c,
0x00000b4a,0x00000560,0x0000017e,0x000000ef,
0x00000560,0x000000c4,0x00000560,0x00000b4d,
0x00000560,0x00000b50,0x000000c4,0x0000006a,
0x0000006a,0x00000b50,0x0000010e,0x000001c5,
0x0000017e,0x000000c4,0x00000b50,0x00000560,
0x0000006a,0x00000560,0x000000c4,0x000000ef,
0x000000ef,0x0000006a,0x00000560,0x0000006a,
0x0000006a,0x000000c4,0x00000560,0x00000b50,
0x00000b50,0x00000560,0x0000006a,0x0000006a,
0x0000006a,0x0000079c,0x00000b55,0x00000b54,
0x00000401,0x00000b53,0x00000b52,0x000007cf,
0x00000b51,0x0000017e,0x00000b59,0x00000b58,
0x000007c1,0x00000b57,0x0000096f,0x000003e6,
0x00000b56,0x0000006a,0x000000c4,0x000000c4,
0x000001da,0x00000b5b,0x00000b5a,0x00000b4d,
0x0000010e,0x00000560,0x000000ef,0x0000017e,
0x00000560,0x00000b4a,0x00000b5c,0x00000b5a,
0x000001dd,0x0000006a,0x0000006a,0x000000c4,
0x00000b50,0x00000560,0x00000b4d,0x00000560,
0x000000c4,0x0000006a,0x00000560,0x00000b50,
0x000000c4,0x0000017e,0x000001c5,0x0000010e,
0x00000b50,0x0000006a,0x0000006a,0x00000560,
0x0000006a,0x000000ef,0x000000ef,0x000000c4,
0x00000560,0x0000006a,0x0000006a,0x0000006a,
0x00000560,0x00000b50,0x00000b50,0x00000560,
0x000000c4,0x00000b4d,0x000001da,0x000007c1,
0x00000b4c,0x00000b4b,0x00000b4a,0x00000b49,
0x00000b48,0x00000b50,0x000000ef,0x000001dd,
0x00000b4d,0x00000b4f,0x00000b4e,0x0000060c,
0x00000b49,0x0000006a,0x0000006a,0x00000560,
0x00000560,0x000001dd,0x00000b50,0x00000b4e,
0x00000b4a,0x0000006a,0x00000560,0x00000b50,
0x0000006a,0x000001dd,0x000001dd,0x00000b4f,
0x00000b4b,0x0000006a,0x0000006a,0x0000006a,
0x000000c4,0x0000006a,0x00000560,0x00000b4d,
0x00000b4c,0x0000006a,0x0000006a,0x0000006a,
0x0000006a,0x00000b50,0x00000560,0x000001dd,
0x000007c1,0x0000006a,0x0000006a,0x0000006a,
0x0000006a,0x00000560,0x0000006a,0x000000ef,
0x000001da,0x0000006a,0x0000006a,0x0000006a,
0x0000006a,0x0000006a,0x0000006a,0x00000b50,
0x00000b4d,0x00000b51,0x00000b56,0x0000010e,
0x000001dd,0x000000c4,0x00000b50,0x00000560,
0x000000c4,0x000007cf,0x000003e6,0x00000b4d,
0x00000b5a,0x00000560,0x0000010e,0x000000c4,
0x00000560,0x00000b52,0x0000096f,0x00000b5a,
0x00000b5c,0x00000b4d,0x000001c5,0x000000ef,
0x00000b50,0x00000b53,0x00000b57,0x00000b5b,
0x00000b4a,0x00000560,0x0000017e,0x000000ef,
0x00000b50,0x00000401,0x000007c1,0x000001da,
0x00000560,0x00000b50,0x000000c4,0x0000006a,
0x00000560,0x00000b54,0x00000b58,0x000000c4,
0x0000017e,0x000000c4,0x00000b50,0x00000560,
0x0000006a,0x00000b55,0x00000b59,0x000000c4,
0x000000ef,0x0000006a,0x00000560,0x0000006a,
0x0000006a,0x0000079c,0x0000017e,0x0000006a,
0x00000560,0x0000006a,0x0000006a,0x0000006a,
0x0000006a,0x0000079c,0x00000b4f,0x00000b5d,
0x00000b5e,0x00000b5f,0x000003f4,0x0000010e,
0x00000b4d,0x00000b4f,0x0000079c,0x00000404,
0x00000b60,0x000000ef,0x00000b4e,0x00000b4d,
0x0000010e,0x00000b5d,0x00000404,0x00000b61,
0x00000b62,0x000007c1,0x00000b63,0x00000b4e,
0x000003f4,0x00000b5e,0x00000b60,0x00000b62,
0x00000b64,0x000001da,0x00000b65,0x00000b5a,
0x000001c5,0x00000b5f,0x000000ef,0x000007c1,
0x000001da,0x0000019a,0x00000b4c,0x00000560,
0x000000ef,0x000003f4,0x00000b4e,0x00000b63,
0x00000b65,0x00000b4c,0x0000017e,0x000000ef,
0x00000b50,0x0000010e,0x00000b4d,0x00000b4e,
0x00000b5a,0x00000560,0x000000ef,0x000000c4,
0x00000560,0x00000b4d,0x0000010e,0x000003f4,
0x000001c5,0x000000ef,0x00000b50,0x00000560,
0x000000c4,0x00000b4d,0x0000010e,0x000003f4,
0x00000b5f,0x00000b5e,0x00000b5d,0x00000b4f,
0x0000079c,0x0000010e,0x00000b4d,0x00000b4e,
0x000000ef,0x00000b60,0x00000404,0x0000079c,
0x00000b4f,0x000003f4,0x00000b4e,0x00000b63,
0x000007c1,0x00000b62,0x00000b61,0x00000404,
0x00000b5d,0x000001c5,0x00000b5a,0x00000b65,
0x000001da,0x00000b64,0x00000b62,0x00000b60,
0x00000b5e,0x000000ef,0x00000560,0x00000b4c,
0x0000019a,0x000001da,0x000007c1,0x000000ef,
0x00000b5f,0x00000b50,0x000000ef,0x0000017e,
0x00000b4c,0x00000b65,0x00000b63,0x00000b4e,
0x000003f4,0x00000560,0x000000c4,0x000000ef,
0x00000560,0x00000b5a,0x00000b4e,0x00000b4d,
0x0000010e,0x000000c4,0x00000560,0x00000b50,
0x000000ef,0x000001c5,0x000003f4,0x0000010e,
0x00000b4d,0x000000c4,0x00000560,0x00000b50,
0x000000c4,0x000001dd,0x0000010e,0x00000b56,
0x00000b51,0x00000560,0x000000c4,0x0000010e,
0x00000560,0x00000b5a,0x00000b4d,0x000003e6,
0x000007cf,0x00000b50,0x000000ef,0x000001c5,
0x00000b4d,0x00000b5c,0x00000b5a,0x0000096f,
0x00000b52,0x00000b50,0x000000ef,0x0000017e,
0x00000560,0x00000b4a,0x00000b5b,0x00000b57,
0x00000b53,0x00000560,0x0000006a,0x000000c4,
0x00000b50,0x00000560,0x000001da,0x000007c1,
0x00000401,0x0000006a,0x00000560,0x00000b50,
0x000000c4,0x0000017e,0x000000c4,0x00000b58,
0x00000b54,0x0000006a,0x0000006a,0x00000560,
0x0000006a,0x000000ef,0x000000c4,0x00000b59,
0x00000b55,0x0000006a,0x0000006a,0x0000006a,
0x0000006a,0x00000560,0x0000006a,0x0000017e,
0x0000079c,0x0000079c,0x0000017e,0x0000006a,
0x00000560,0x0000006a,0x0000006a,0x0000006a,
0x0000006a,0x00000b55,0x00000b59,0x000000c4,
0x000000ef,0x0000006a,0x00000560,0x0000006a,
0x0000006a,0x00000b54,0x00000b58,0x000000c4,
0x0000017e,0x000000c4,0x00000b50,0x00000560,
0x0000006a,0x00000401,0x000007c1,0x000001da,
0x00000560,0x00000b50,0x000000c4,0x0000006a,
0x00000560,0x00000b53,0x00000b57,0x00000b5b,
0x00000b4a,0x00000560,0x0000017e,0x000000ef,
0x00000b50,0x00000b52,0x0000096f,0x00000b5a,
0x00000b5c,0x00000b4d,0x000001c5,0x000000ef,
0x00000b50,0x000007cf,0x000003e6,0x00000b4d,
0x00000b5a,0x00000560,0x0000010e,0x000000c4,
0x00000560,0x00000b51,0x00000b56,0x0000010e,
0x000001dd,0x000000c4,0x00000b50,0x00000560,
0x000000c4,0x00000b4d,0x0000010e,0x000003f4,
0x000001c5,0x000000ef,0x00000b50,0x00000560,
0x000000c4,0x0000010e,0x00000b4d,0x00000b4e,
0x00000b5a,0x00000560,0x000000ef,0x000000c4,
0x00000560,0x000003f4,0x00000b4e,0x00000b63,
0x00000b65,0x00000b4c,0x0000017e,0x000000ef,
0x00000b50,0x00000b5f,0x000000ef,0x000007c1,
0x000001da,0x0000019a,0x00000b4c,0x00000560,
0x000000ef,0x00000b5e,0x00000b60,0x00000b62,
0x00000b64,0x000001da,0x00000b65,0x00000b5a,
0x000001c5,0x00000b5d,0x00000404,0x00000b61,
0x00000b62,0x000007c1,0x00000b63,0x00000b4e,
0x000003f4,0x00000b4f,0x0000079c,0x00000404,
0x00000b60,0x000000ef,0x00000b4e,0x00000b4d,
0x0000010e,0x0000079c,0x00000b4f,0x00000b5d,
0x00000b5e,0x00000b5f,0x000003f4,0x0000010e,
0x00000b4d,0x000000c4,0x00000560,0x00000b50,
0x000000ef,0x000001c5,0x000003f4,0x0000010e,
0x00000b4d,0x00000560,0x000000c4,0x000000ef,
0x00000560,0x00000b5a,0x00000b4e,0x00000b4d,
0x0000010e,0x00000b50,0x000000ef,0x0000017e,
0x00000b4c,0x00000b65,0x00000b63,0x00000b4e,
0x000003f4,0x000000ef,0x00000560,0x00000b4c,
0x0000019a,0x000001da,0x000007c1,0x000000ef,
0x00000b5f,0x000001c5,0x00000b5a,0x00000b65,
0x000001da,0x00000b64,0x00000b62,0x00000b60,
0x00000b5e,0x000003f4,0x00000b4e,0x00000b63,
0x000007c1,0x00000b62,0x00000b61,0x00000404,
0x00000b5d,0x0000010e,0x00000b4d,0x00000b4e,
0x000000ef,0x00000b60,0x00000404,0x0000079c,
0x00000b4f,0x00000b4d,0x0000010e,0x000003f4,
0x00000b5f,0x00000b5e,0x00000b5d,0x00000b4f,
0x0000079c,0x0000006a,0x0000006a,0x0000006a,
0x0000006a,0x00000560,0x0000006a,0x0000017e,
0x0000079c,0x0000006a,0x0000006a,0x00000560,
0x0000006a,0x000000ef,0x000000c4,0x00000b59,
0x00000b55,0x0000006a,0x00000560,0x00000b50,
0x000000c4,0x0000017e,0x000000c4,0x00000b58,
0x00000b54,0x00000560,0x0000006a,0x000000c4,
0x00000b50,0x00000560,0x000001da,0x000007c1,
0x00000401,0x00000b50,0x000000ef,0x0000017e,
0x00000560,0x00000b4a,0x00000b5b,0x00000b57,
0x00000b53,0x00000b50,0x000000ef,0x000001c5,
0x00000b4d,0x00000b5c,0x00000b5a,0x0000096f,
0x00000b52,0x00000560,0x000000c4,0x0000010e,
0x00000560,0x00000b5a,0x00000b4d,0x000003e6,
0x000007cf,0x000000c4,0x00000560,0x00000b50,
0x000000c4,0x000001dd,0x0000010e,0x00000b56,
0x00000b51,0x00000b4d,0x00000b50,0x0000006a,
0x0000006a,0x0000006a,0x0000006a,0x0000006a,
0x0000006a,0x000001da,0x000000ef,0x0000006a,
0x00000560,0x0000006a,0x0000006a,0x0000006a,
0x0000006a,0x000007c1,0x000001dd,0x00000560,
0x00000b50,0x0000006a,0x0000006a,0x0000006a,
0x0000006a,0x00000b4c,0x00000b4d,0x00000560,
0x0000006a,0x000000c4,0x0000006a,0x0000006a,
0x0000006a,0x00000b4b,0x00000b4f,0x000001dd,
0x000001dd,0x0000006a,0x00000b50,0x00000560,
0x0000006a,0x00000b4a,0x00000b4e,0x00000b50,
0x000001dd,0x00000560,0x00000560,0x0000006a,
0x0000006a,0x00000b49,0x0000060c,0x00000b4e,
0x00000b4f,0x00000b4d,0x000001dd,0x000000ef,
0x00000b50,0x00000b48,0x00000b49,0x00000b4a,
0x00000b4b,0x00000b4c,0x000007c1,0x000001da,
0x00000b4d,0x000000c4,0x00000560,0x00000b50,
0x00000b50,0x00000560,0x0000006a,0x0000006a,
0x0000006a,0x00000560,0x000000c4,0x000000ef,
0x000000ef,0x0000006a,0x00000560,0x0000006a,
0x0000006a,0x00000b50,0x0000010e,0x000001c5,
0x0000017e,0x000000c4,0x00000b50,0x00000560,
0x0000006a,0x000000c4,0x00000560,0x00000b4d,
0x00000560,0x00000b50,0x000000c4,0x0000006a,
0x0000006a,0x000001dd,0x00000b5a,0x00000b5c,
0x00000b4a,0x00000560,0x0000017e,0x000000ef,
0x00000560,0x0000010e,0x00000b4d,0x00000b5a,
0x00000b5b,0x000001da,0x000000c4,0x000000c4,
0x0000006a,0x00000b56,0x000003e6,0x0000096f,
0x00000b57,0x000007c1,0x00000b58,0x00000b59,
0x0000017e,0x00000b51,0x000007cf,0x00000b52,
0x00000b53,0x00000401,0x00000b54,0x00000b55,
0x0000079c,0x0000006a,0x0000006a,0x0000006a,
0x00000560,0x00000b50,0x00000b50,0x00000560,
0x000000c4,0x0000006a,0x0000006a,0x00000560,
0x0000006a,0x000000ef,0x000000ef,0x000000c4,
0x00000560,0x0000006a,0x00000560,0x00000b50,
0x000000c4,0x0000017e,0x000001c5,0x0000010e,
0x00000b50,0x0000006a,0x0000006a,0x000000c4,
0x00000b50,0x00000560,0x00000b4d,0x00000560,
0x000000c4,0x00000560,0x000000ef,0x0000017e,
0x00000560,0x00000b4a,0x00000b5c,0x00000b5a,
0x000001dd,0x0000006a,0x000000c4,0x000000c4,
0x000001da,0x00000b5b,0x00000b5a,0x00000b4d,
0x0000010e,0x0000017e,0x00000b59,0x00000b58,
0x000007c1,0x00000b57,0x0000096f,0x000003e6,
0x00000b56,0x0000079c,0x00000b55,0x00000b54,
0x00000401,0x00000b53,0x00000b52,0x000007cf,
0x00000b51,0x0000006a,0x0000006a,0x0000006a,
0x0000006a,0x0000006a,0x0000006a,0x00000b50,
0x00000b4d,0x0000006a,0x0000006a,0x0000006a,
0x0000006a,0x00000560,0x0000006a,0x000000ef,
0x000001da,0x0000006a,0x0000006a,0x0000006a,
0x0000006a,0x00000b50,0x00000560,0x000001dd,
0x000007c1,0x0000006a,0x0000006a,0x0000006a,
0x000000c4,0x0000006a,0x00000560,0x00000b4d,
0x00000b4c,0x0000006a,0x00000560,0x00000b50,
0x0000006a,0x000001dd,0x000001dd,0x00000b4f,
0x00000b4b,0x0000006a,0x0000006a,0x00000560,
0x00000560,0x000001dd,0x00000b50,0x00000b4e,
0x00000b4a,0x00000b50,0x000000ef,0x000001dd,
0x00000b4d,0x00000b4f,0x00000b4e,0x0000060c,
0x00000b49,0x00000b4d,0x000001da,0x000007c1,
0x00000b4c,0x00000b4b,0x00000b4a,0x00000b49,
0x00000b48,0x00040020,0x00000b6b,0x00000007,
0x00000b47,0x0004002b,0x00000b07,0x00000b7a,
0x3f000000,0x0004002b,0x00000b07,0x00000d38,
0x40400000,0x000b001e,0x00000db4,0x00000006,
0x00000006,0x00000006,0x00000006,0x00000006,
0x00000006,0x00000006,0x00000006,0x00000006,
0x00040020,0x00000db5,0x00000009,0x00000db4,
0x0004003b,0x00000db5,0x00000db6,0x00000009,
0x00040020,0x00000db7,0x00000009,0x00000006,
0x00040017,0x00000dfa,0x00000006,0x00000003,
0x00040020,0x00000dfb,0x00000001,0x00000dfa,
0x0004003b,0x00000dfb,0x00000dfc,0x00000001,
0x00040020,0x00000dfd,0x00000001,0x00000006,
0x0003001d,0x00000e8f,0x00000006,0x0003001e,
0x00000e90,0x00000e8f,0x00040020,0x00000e91,
0x00000002,0x00000e90,0x0004003b,0x00000e91,
0x00000e92,0x00000002,0x0006002c,0x00000dfa,
0x00000ea7,0x00000031,0x00000031,0x00000071,
0x00040020,0x00002b7a,0x00000007,0x0000004a,
0x00040020,0x00002b7b,0x00000007,0x00000059,
0x0004002b,0x00000b07,0x000031c5,0x3b800000,
0x00050036,0x00000002,0x00000004,0x00000000,
0x00000003,0x000200f8,0x00000005,0x0004003b,
0x000000ac,0x0000052f,0x00000007,0x0004003b,
0x000000ac,0x0000015e,0x00000007,0x0004003b,
0x00002b7b,0x0000005b,0x00000007,0x0004003b,
0x00002b7a,0x0000004c,0x00000007,0x0004003b,
0x000005dc,0x000028b3,0x00000007,0x0004003b,
0x000005dc,0x000028b6,0x00000007,0x0004003b,
0x000005dc,0x000028d3,0x00000007,0x0004003b,
0x0000078d,0x000026c7,0x00000007,0x0004003b,
0x000007a0,0x000026c9,0x00000007,0x0004003b,
0x00000033,0x000026ce,0x00000007,0x0004003b,
0x000007e0,0x000026d3,0x00000007,0x0004003b,
0x000007a0,0x000026d5,0x00000007,0x0004003b,
0x00000033,0x000026da,0x00000007,0x0004003b,
0x00000828,0x000026b6,0x00000007,0x0004003b,
0x00000828,0x000026a7,0x00000007,0x0004003b,
0x00000828,0x00002698,0x00000007,0x0004003b,
0x00000828,0x00002689,0x00000007,0x0004003b,
0x00000828,0x0000267a,0x00000007,0x0004003b,
0x00000828,0x0000266b,0x00000007,0x0004003b,
0x00000828,0x0000265c,0x00000007,0x0004003b,
0x00000828,0x0000264d,0x00000007,0x0004003b,
0x000003ea,0x000023c7,0x00000007,0x0004003b,
0x000003ea,0x000023ce,0x00000007,0x0004003b,
0x00000033,0x000023d5,0x00000007,0x0004003b,
0x00000923,0x000023df,0x00000007,0x0004003b,
0x00000923,0x000023e0,0x00000007,0x0004003b,
0x00000923,0x000023e1,0x00000007,0x0004003b,
0x00000923,0x000023e3,0x00000007,0x0004003b,
0x00000923,0x000023e4,0x00000007,0x0004003b,
0x00000923,0x000023e5,0x00000007,0x0004003b,
0x00000033,0x000023e9,0x00000007,0x0004003b,
0x000005dc,0x000023ef,0x00000007,0x0004003b,
0x000001ff,0x00001e3a,0x00000007,0x0004003b,
0x00000033,0x00001e3b,0x00000007,0x0004003b,
0x00000033,0x00001e3d,0x00000007,0x0004003b,
0x00000033,0x00001e3f,0x00000007,0x0004003b,
0x00000033,0x00001e4f,0x00000007,0x0004003b,
0x00000033,0x00001e51,0x00000007,0x0004003b,
0x00000033,0x00001e52,0x00000007,0x0004003b,
0x00000362,0x00001e5d,0x00000007,0x0004003b,
0x00000362,0x00001e5e,0x00000007,0x0004003b,
0x0000038c,0x00001e61,0x00000007,0x0004003b,
0x00000362,0x00001e68,0x00000007,0x0004003b,
0x00000362,0x00001e69,0x00000007,0x0004003b,
0x000003ea,0x00001e6e,0x00000007,0x0004003b,
0x00000033,0x00001e70,0x00000007,0x0004003b,
0x0000038c,0x00001e71,0x00000007,0x0004003b,
0x000003ea,0x00001e87,0x00000007,0x0004003b,
0x00000033,0x00001e88,0x00000007,0x0004003b,
0x000000ac,0x00001d73,0x00000007,0x0004003b,
0x000005dc,0x00001a7c,0x00000007,0x0004003b,
0x000005dc,0x00001a7f,0x00000007,0x0004003b,
0x000005dc,0x00001a9c,0x00000007,0x0004003b,
0x00000b6b,0x00001aa6,0x00000007,0x0004003b,
0x0000078d,0x00001890,0x00000007,0x0004003b,
0x000007a0,0x00001892,0x00000007,0x0004003b,
0x00000033,0x00001897,0x00000007,0x0004003b,
0x000007e0,0x0000189c,0x00000007,0x0004003b,
0x000007a0,0x0000189e,0x00000007,0x0004003b,
0x00000033,0x000018a3,0x00000007,0x0004003b,
0x00000828,0x0000187f,0x00000007,0x0004003b,
0x00000828,0x00001870,0x00000007,0x0004003b,
0x00000828,0x00001861,0x00000007,0x0004003b,
0x00000828,0x00001852,0x00000007,0x0004003b,
0x00000828,0x00001843,0x00000007,0x0004003b,
0x00000828,0x00001834,0x00000007,0x0004003b,
0x00000828,0x00001825,0x00000007,0x0004003b,
0x00000828,0x00001816,0x00000007,0x0004003b,
0x000003ea,0x00001555,0x00000007,0x0004003b,
0x000003ea,0x0000155c,0x00000007,0x0004003b,
0x00000033,0x00001563,0x00000007,0x0004003b,
0x00000923,0x0000156d,0x00000007,0x0004003b,
0x00000923,0x0000156e,0x00000007,0x0004003b,
0x00000923,0x0000156f,0x00000007,0x0004003b,
0x00000923,0x00001571,0x00000007,0x0004003b,
0x00000923,0x00001572,0x00000007,0x0004003b,
0x00000923,0x00001573,0x00000007,0x0004003b,
0x00000033,0x00001577,0x00000007,0x0004003b,
0x000005dc,0x0000157d,0x00000007,0x0004003b,
0x00000b6b,0x0000158d,0x00000007,0x0004003b,
0x00000b6b,0x0000158e,0x00000007,0x0004003b,
0x000001ff,0x00000fc8,0x00000007,0x0004003b,
0x00000033,0x00000fc9,0x00000007,0x0004003b,
0x00000033,0x00000fcb,0x00000007,0x0004003b,
0x00000033,0x00000fcd,0x00000007,0x0004003b,
0x00000033,0x00000fdd,0x00000007,0x0004003b,
0x00000033,0x00000fdf,0x00000007,0x0004003b,
0x00000033,0x00000fe0,0x00000007,0x0004003b,
0x00000362,0x00000feb,0x00000007,0x0004003b,
0x00000362,0x00000fec,0x00000007,0x0004003b,
0x0000038c,0x00000fef,0x00000007,0x0004003b,
0x00000362,0x00000ff6,0x00000007,0x0004003b,
0x00000362,0x00000ff7,0x00000007,0x0004003b,
0x000003ea,0x00000ffc,0x00000007,0x0004003b,
0x00000033,0x00000ffe,0x00000007,0x0004003b,
0x0000038c,0x00000fff,0x00000007,0x0004003b,
0x000003ea,0x00001015,0x00000007,0x0004003b,
0x00000033,0x00001016,0x00000007,0x0004003b,
0x000000ac,0x00000f01,0x00000007,0x000300f7,
0x00000ea8,0x00000000,0x000300fb,0x00000138,
0x00000ea9,0x000200f8,0x00000ea9,0x00050041,
0x00000dfd,0x00000dfe,0x00000dfc,0x00000138,
0x0004003d,0x00000006,0x00000dff,0x00000dfe,
0x00050041,0x00000dfd,0x00000e01,0x00000dfc,
0x00000071,0x0004003d,0x00000006,0x00000e02,
0x00000e01,0x00050041,0x00000db7,0x00000e04,
0x00000db6,0x0000006a,0x0004003d,0x00000006,
0x00000e05,0x00000e04,0x000500ae,0x000000d0,
0x00000e06,0x00000dff,0x00000e05,0x000400a8,
0x000000d0,0x00000e07,0x00000e06,0x000300f7,
0x00000e09,0x00000000,0x000400fa,0x00000e07,
0x00000e08,0x00000e09,0x000200f8,0x00000e08,
0x00050041,0x00000db7,0x00000e0b,0x00000db6,
0x000000ef,0x0004003d,0x00000006,0x00000e0c,
0x00000e0b,0x000500ae,0x000000d0,0x00000e0d,
0x00000e02,0x00000e0c,0x000200f9,0x00000e09,
0x000200f8,0x00000e09,0x000700f5,0x000000d0,
0x00000e0e,0x00000e06,0x00000ea9,0x00000e0d,
0x00000e08,0x000300f7,0x00000e10,0x00000000,
0x000400fa,0x00000e0e,0x00000e0f,0x00000e10,
0x000200f8,0x00000e0f,0x000200f9,0x00000ea8,
0x000200f8,0x00000e10,0x00050041,0x00000db7,
0x00000e12,0x00000db6,0x0000017e,0x0004003d,
0x00000006,0x00000e13,0x00000e12,0x000500ab,
0x000000d0,0x00000e14,0x00000e13,0x00000138,
0x000300f7,0x00000e16,0x00000000,0x000400fa,
0x00000e14,0x00000e15,0x00000e61,0x000200f8,
0x00000e15,0x000200f9,0x00000e18,0x000200f8,
0x00000e18,0x000700f5,0x00000006,0x00002d86,
0x00000138,0x00000e15,0x00000e22,0x00000e19,
0x000500b0,0x000000d0,0x00000e1e,0x00002d86,
0x00000058,0x000400f6,0x00000e1a,0x00000e19,
0x00000000,0x000400fa,0x00000e1e,0x00000e19,
0x00000e1a,0x000200f8,0x00000e19,0x00050041,
0x00000007,0x00000e20,0x0000005b,0x00002d86,
0x0003003e,0x00000e20,0x00000138,0x00050080,
0x00000006,0x00000e22,0x00002d86,0x000000c4,
0x000200f9,0x00000e18,0x000200f8,0x00000e1a,
0x000200f9,0x00000e24,0x000200f8,0x00000e24,
0x000700f5,0x00000006,0x00002d87,0x00000138,
0x00000e1a,0x00000e58,0x00000e27,0x000500b0,
0x000000d0,0x00000e2a,0x00002d87,0x000000d4,
0x000400f6,0x00000e26,0x00000e27,0x00000000,
0x000400fa,0x00000e2a,0x00000e25,0x00000e26,
0x000200f8,0x00000e25,0x000200f9,0x00000e2c,
0x000200f8,0x00000e2c,0x000700f5,0x00000006,
0x00002eaa,0x00000138,0x00000e25,0x00000e56,
0x00000e2f,0x000500b0,0x000000d0,0x00000e32,
0x00002eaa,0x000000d4,0x000400f6,0x00000e2e,
0x00000e2f,0x00000000,0x000400fa,0x00000e32,
0x00000e2d,0x00000e2e,0x000200f8,0x00000e2d,
0x00050084,0x00000006,0x00000e35,0x000000d4,
0x00000dff,0x00050080,0x00000006,0x00000e37,
0x00000e35,0x00002eaa,0x00050084,0x00000006,
0x00000e3a,0x000000d4,0x00000e02,0x00050080,
0x00000006,0x00000e3c,0x00000e3a,0x00002d87,
0x00050041,0x00000db7,0x00000e3e,0x00000db6,
0x000001c5,0x0004003d,0x00000006,0x00000e3f,
0x00000e3e,0x000500ae,0x000000d0,0x00000e40,
0x00000e37,0x00000e3f,0x000400a8,0x000000d0,
0x00000e41,0x00000e40,0x000300f7,0x00000e43,
0x00000000,0x000400fa,0x00000e41,0x00000e42,
0x00000e43,0x000200f8,0x00000e42,0x00050041,
0x00000db7,0x00000e45,0x00000db6,0x0000019a,
0x0004003d,0x00000006,0x00000e46,0x00000e45,
0x000500ae,0x000000d0,0x00000e47,0x00000e3c,
0x00000e46,0x000200f9,0x00000e43,0x000200f8,
0x00000e43,0x000700f5,0x000000d0,0x00000e48,
0x00000e40,0x00000e2d,0x00000e47,0x00000e42,
0x000300f7,0x00000e4a,0x00000000,0x000400fa,
0x00000e48,0x00000e49,0x00000e4a,0x000200f8,
0x00000e49,0x000200f9,0x00000e2f,0x000200f8,
0x00000e4a,0x00050041,0x00000db7,0x00000eb8,
0x00000db6,0x000001da,0x0004003d,0x00000006,
0x00000eb9,0x00000eb8,0x000500aa,0x000000d0,
0x00000eba,0x00000eb9,0x00000138,0x000600a9,
0x00000006,0x00000ebb,0x00000eba,0x000000d4,
0x000000aa,0x00050041,0x00000db7,0x00000ebc,
0x00000db6,0x0000010e,0x0004003d,0x00000006,
0x00000ebd,0x00000ebc,0x00050041,0x00000db7,
0x00000ebf,0x00000db6,0x000000c4,0x0004003d,
0x00000006,0x00000ec0,0x00000ebf,0x00050084,
0x00000006,0x00000ec1,0x00000e3c,0x00000ec0,
0x00050080,0x00000006,0x00000ec3,0x00000ec1,
0x00000e37,0x00050084,0x00000006,0x00000ec5,
0x00000ec3,0x00000ebb,0x00050080,0x00000006,
0x00000ec6,0x00000ebd,0x00000ec5,0x000300f7,
0x00000ed0,0x00000000,0x000400fa,0x00000eba,
0x00000eca,0x00000ecd,0x000200f8,0x00000eca,
0x00060041,0x0000006c,0x00000f05,0x00000069,
0x0000006a,0x00000ec6,0x0004003d,0x00000006,
0x00000f06,0x00000f05,0x00050080,0x00000006,
0x00000f08,0x00000ec6,0x00000071,0x00060041,
0x0000006c,0x00000f09,0x00000069,0x0000006a,
0x00000f08,0x0004003d,0x00000006,0x00000f0a,
0x00000f09,0x000500c7,0x00000006,0x00000f0c,
0x00000f06,0x00000077,0x000500c2,0x00000006,
0x00000f0e,0x00000f06,0x00000049,0x000500c2,
0x00000006,0x00000f10,0x00000f0c,0x0000007e,
0x000500c7,0x00000006,0x00000f11,0x00000f10,
0x00000080,0x000500c2,0x00000006,0x00000f13,
0x00000f0c,0x00000084,0x000500c7,0x00000006,
0x00000f14,0x00000f13,0x00000086,0x000500c7,
0x00000006,0x00000f16,0x00000f0c,0x00000080,
0x000500c2,0x00000006,0x00000f18,0x00000f0e,
0x0000007e,0x000500c7,0x00000006,0x00000f19,
0x00000f18,0x00000080,0x000500c2,0x00000006,
0x00000f1b,0x00000f0e,0x00000084,0x000500c7,
0x00000006,0x00000f1c,0x00000f1b,0x00000086,
0x000500c7,0x00000006,0x00000f1e,0x00000f0e,
0x00000080,0x00050084,0x00000006,0x00000f20,
0x00000f11,0x00000098,0x00050080,0x00000006,
0x00000f21,0x00000f20,0x0000009a,0x000500c2,
0x00000006,0x00000f22,0x00000f21,0x0000009c,
0x00050084,0x00000006,0x00000f24,0x00000f14,
0x000000a0,0x00050080,0x00000006,0x00000f25,
0x00000f24,0x000000a2,0x000500c2,0x00000006,
0x00000f26,0x00000f25,0x0000009c,0x00050084,
0x00000006,0x00000f28,0x00000f16,0x00000098,
0x00050080,0x00000006,0x00000f29,0x00000f28,
0x0000009a,0x000500c2,0x00000006,0x00000f2a,
0x00000f29,0x0000009c,0x000500c4,0x00000006,
0x00000f2c,0x00000f2a,0x00000049,0x000500c5,
0x00000006,0x00000f2d,0x000000ae,0x00000f2c,
0x000500c4,0x00000006,0x00000f2f,0x00000f26,
0x00000031,0x000500c5,0x00000006,0x00000f30,
0x00000f2d,0x00000f2f,0x000500c5,0x00000006,
0x00000f32,0x00000f30,0x00000f22,0x00050041,
0x00000007,0x00000f33,0x00000f01,0x0000006a,
0x0003003e,0x00000f33,0x00000f32,0x00050084,
0x00000006,0x00000f35,0x00000f19,0x00000098,
0x00050080,0x00000006,0x00000f36,0x00000f35,
0x0000009a,0x000500c2,0x00000006,0x00000f37,
0x00000f36,0x0000009c,0x00050084,0x00000006,
0x00000f39,0x00000f1c,0x000000a0,0x00050080,
0x00000006,0x00000f3a,0x00000f39,0x000000a2,
0x000500c2,0x00000006,0x00000f3b,0x00000f3a,
0x0000009c,0x00050084,0x00000006,0x00000f3d,
0x00000f1e,0x00000098,0x00050080,0x00000006,
0x00000f3e,0x00000f3d,0x0000009a,0x000500c2,
0x00000006,0x00000f3f,0x00000f3e,0x0000009c,
0x000500c4,0x00000006,0x00000f41,0x00000f3f,
0x00000049,0x000500c5,0x00000006,0x00000f42,
0x000000ae,0x00000f41,0x000500c4,0x00000006,
0x00000f44,0x00000f3b,0x00000031,0x000500c5,
0x00000006,0x00000f45,0x00000f42,0x00000f44,
0x000500c5,0x00000006,0x00000f47,0x00000f45,
0x00000f37,0x00050041,0x00000007,0x00000f48,
0x00000f01,0x000000c4,0x0003003e,0x00000f48,
0x00000f47,0x000500ac,0x000000d0,0x00000f4b,
0x00000f0c,0x00000f0e,0x000300f7,0x00000fa6,
0x00000000,0x000400fa,0x00000f4b,0x00000f4c,
0x00000f89,0x000200f8,0x00000f4c,0x00050084,
0x00000006,0x00000f4e,0x000000d4,0x00000f11,
0x00050080,0x00000006,0x00000f50,0x00000f4e,
0x00000f19,0x00050084,0x00000006,0x00000f51,
0x00000f50,0x000000d9,0x00050080,0x00000006,
0x00000f52,0x00000f51,0x000000db,0x000500c2,
0x00000006,0x00000f53,0x00000f52,0x000000dd,
0x00050084,0x00000006,0x00000f55,0x000000d4,
0x00000f14,0x00050080,0x00000006,0x00000f57,
0x00000f55,0x00000f1c,0x00050084,0x00000006,
0x00000f58,0x00000f57,0x000000e3,0x00050080,
0x00000006,0x00000f59,0x00000f58,0x000000e5,
0x000500c2,0x00000006,0x00000f5a,0x00000f59,
0x0000007e,0x00050084,0x00000006,0x00000f5c,
0x000000d4,0x00000f16,0x00050080,0x00000006,
0x00000f5e,0x00000f5c,0x00000f1e,0x00050084,
0x00000006,0x00000f5f,0x00000f5e,0x000000d9,
0x00050080,0x00000006,0x00000f60,0x00000f5f,
0x000000db,0x000500c2,0x00000006,0x00000f61,
0x00000f60,0x000000dd,0x000500c4,0x00000006,
0x00000f63,0x00000f61,0x00000049,0x000500c5,
0x00000006,0x00000f64,0x000000ae,0x00000f63,
0x000500c4,0x00000006,0x00000f66,0x00000f5a,
0x00000031,0x000500c5,0x00000006,0x00000f67,
0x00000f64,0x00000f66,0x000500c5,0x00000006,
0x00000f69,0x00000f67,0x00000f53,0x00050041,
0x00000007,0x00000f6a,0x00000f01,0x000000ef,
0x0003003e,0x00000f6a,0x00000f69,0x00050084,
0x00000006,0x00000f6d,0x000000d4,0x00000f19,
0x00050080,0x00000006,0x00000f6e,0x00000f11,
0x00000f6d,0x00050084,0x00000006,0x00000f6f,
0x00000f6e,0x000000d9,0x00050080,0x00000006,
0x00000f70,0x00000f6f,0x000000db,0x000500c2,
0x00000006,0x00000f71,0x00000f70,0x000000dd,
0x00050084,0x00000006,0x00000f74,0x000000d4,
0x00000f1c,0x00050080,0x00000006,0x00000f75,
0x00000f14,0x00000f74,0x00050084,0x00000006,
0x00000f76,0x00000f75,0x000000e3,0x00050080,
0x00000006,0x00000f77,0x00000f76,0x000000e5,
0x000500c2,0x00000006,0x00000f78,0x00000f77,
0x0000007e,0x00050084,0x00000006,0x00000f7b,
0x000000d4,0x00000f1e,0x00050080,0x00000006,
0x00000f7c,0x00000f16,0x00000f7b,0x00050084,
0x00000006,0x00000f7d,0x00000f7c,0x000000d9,
0x00050080,0x00000006,0x00000f7e,0x00000f7d,
0x000000db,0x000500c2,0x00000006,0x00000f7f,
0x00000f7e,0x000000dd,0x000500c4,0x00000006,
0x00000f81,0x00000f7f,0x00000049,0x000500c5,
0x00000006,0x00000f82,0x000000ae,0x00000f81,
0x000500c4,0x00000006,0x00000f84,0x00000f78,
0x00000031,0x000500c5,0x00000006,0x00000f85,
0x00000f82,0x00000f84,0x000500c5,0x00000006,
0x00000f87,0x00000f85,0x00000f71,0x00050041,
0x00000007,0x00000f88,0x00000f01,0x0000010e,
0x0003003e,0x00000f88,0x00000f87,0x000200f9,
0x00000fa6,0x000200f8,0x00000f89,0x00050080,
0x00000006,0x00000f8c,0x00000f11,0x00000f19,
0x00050084,0x00000006,0x00000f8d,0x00000f8c,
0x0000011c,0x00050080,0x00000006,0x00000f8e,
0x00000f8d,0x0000011e,0x000500c2,0x00000006,
0x00000f8f,0x00000f8e,0x00000031,0x00050080,
0x00000006,0x00000f92,0x00000f14,0x00000f1c,
0x00050084,0x00000006,0x00000f93,0x00000f92,
0x00000124,0x00050080,0x00000006,0x00000f94,
0x00000f93,0x00000126,0x000500c2,0x00000006,
0x00000f95,0x00000f94,0x0000007e,0x00050080,
0x00000006,0x00000f98,0x00000f16,0x00000f1e,
0x00050084,0x00000006,0x00000f99,0x00000f98,
0x0000011c,0x00050080,0x00000006,0x00000f9a,
0x00000f99,0x0000011e,0x000500c2,0x00000006,
0x00000f9b,0x00000f9a,0x00000031,0x000500c4,
0x00000006,0x00000f9d,0x00000f9b,0x00000049,
0x000500c5,0x00000006,0x00000f9e,0x000000ae,
0x00000f9d,0x000500c4,0x00000006,0x00000fa0,
0x00000f95,0x00000031,0x000500c5,0x00000006,
0x00000fa1,0x00000f9e,0x00000fa0,0x000500c5,
0x00000006,0x00000fa3,0x00000fa1,0x00000f8f,
0x00050041,0x00000007,0x00000fa4,0x00000f01,
0x000000ef,0x0003003e,0x00000fa4,0x00000fa3,
0x00050041,0x00000007,0x00000fa5,0x00000f01,
0x0000010e,0x0003003e,0x00000fa5,0x00000138,
0x000200f9,0x00000fa6,0x000200f8,0x00000fa6,
0x000200f9,0x00000fa7,0x000200f8,0x00000fa7,
0x000700f5,0x00000006,0x00002fe8,0x00000138,
0x00000fa6,0x00000fb7,0x00000fab,0x000500b0,
0x000000d0,0x00000faa,0x00002fe8,0x00000049,
0x000400f6,0x00000fb8,0x00000fab,0x00000000,
0x000400fa,0x00000faa,0x00000fab,0x00000fb8,
0x000200f8,0x00000fab,0x00050084,0x00000006,
0x00000faf,0x00002fe8,0x000000d4,0x000500c2,
0x00000006,0x00000fb0,0x00000f0a,0x00000faf,
0x000500c7,0x00000006,0x00000fb1,0x00000fb0,
0x00000147,0x00050041,0x00000007,0x00000fb2,
0x00000f01,0x00000fb1,0x0004003d,0x00000006,
0x00000fb3,0x00000fb2,0x00050041,0x00000007,
0x00000fb4,0x0000004c,0x00002fe8,0x0003003e,
0x00000fb4,0x00000fb3,0x00050080,0x00000006,
0x00000fb7,0x00002fe8,0x000000c4,0x000200f9,
0x00000fa7,0x000200f8,0x00000fb8,0x000200f9,
0x00000ed0,0x000200f8,0x00000ecd,0x000300f7,
0x00001326,0x00000000,0x000300fb,0x00000138,
0x00001033,0x000200f8,0x00001033,0x000200f9,
0x00001034,0x000200f8,0x00001034,0x000700f5,
0x00000006,0x00002eae,0x00000138,0x00001033,
0x00001042,0x00001038,0x000500b0,0x000000d0,
0x00001037,0x00002eae,0x000000aa,0x000400f6,
0x00001043,0x00001038,0x00000000,0x000400fa,
0x00001037,0x00001038,0x00001043,0x000200f8,
0x00001038,0x00050080,0x00000006,0x0000103c,
0x00000ec6,0x00002eae,0x00060041,0x0000006c,
0x0000103d,0x00000069,0x0000006a,0x0000103c,
0x0004003d,0x00000006,0x0000103e,0x0000103d,
0x00050041,0x00000007,0x0000103f,0x0000015e,
0x00002eae,0x0003003e,0x0000103f,0x0000103e,
0x00050080,0x00000006,0x00001042,0x00002eae,
0x000000c4,0x000200f9,0x00001034,0x000200f8,
0x00001043,0x000200f9,0x00001044,0x000200f8,
0x00001044,0x000700f5,0x00000006,0x00002eb2,
0x00000138,0x00001043,0x00002eb8,0x0000104d,
0x000700f5,0x00000019,0x00002eaf,0x0000006a,
0x00001043,0x0000104f,0x0000104d,0x000400f6,
0x00001051,0x0000104d,0x00000000,0x000200f9,
0x00001045,0x000200f8,0x00001045,0x000500b1,
0x000000d0,0x00001047,0x00002eaf,0x0000019a,
0x000300f7,0x0000104b,0x00000000,0x000400fa,
0x00001047,0x00001048,0x0000104b,0x000200f8,
0x00001048,0x000200f9,0x0000132c,0x000200f8,
0x0000132c,0x000700f5,0x00000006,0x00002eb3,
0x00000138,0x00001048,0x00001340,0x00001331,
0x000700f5,0x00000006,0x00002eb0,0x00000138,
0x00001048,0x00001343,0x00001331,0x000500b0,
0x000000d0,0x00001330,0x00002eb0,0x00000071,
0x000400f6,0x00001344,0x00001331,0x00000000,
0x000400fa,0x00001330,0x00001331,0x00001344,
0x000200f8,0x00001331,0x00050080,0x00000006,
0x00001334,0x00002eb2,0x00002eb0,0x000500c2,
0x00000006,0x00001336,0x00001334,0x00000084,
0x00050041,0x00000007,0x00001337,0x0000015e,
0x00001336,0x0004003d,0x00000006,0x00001338,
0x00001337,0x000500c7,0x00000006,0x0000133a,
0x00001334,0x00000080,0x000500c2,0x00000006,
0x0000133b,0x00001338,0x0000133a,0x000500c7,
0x00000006,0x0000133c,0x0000133b,0x00000071,
0x000500c4,0x00000006,0x0000133e,0x0000133c,
0x00002eb0,0x000500c5,0x00000006,0x00001340,
0x00002eb3,0x0000133e,0x00050080,0x00000006,
0x00001343,0x00002eb0,0x000000c4,0x000200f9,
0x0000132c,0x000200f8,0x00001344,0x00050080,
0x00000006,0x00001347,0x00002eb2,0x00000071,
0x000500aa,0x000000d0,0x0000104a,0x00002eb3,
0x00000138,0x000200f9,0x0000104b,0x000200f8,
0x0000104b,0x000700f5,0x00000006,0x00002eb8,
0x00002eb2,0x00001045,0x00001347,0x00001344,
0x000700f5,0x000000d0,0x0000104c,0x00001047,
0x00001045,0x0000104a,0x00001344,0x000400fa,
0x0000104c,0x0000104d,0x00001051,0x000200f8,
0x0000104d,0x00050080,0x00000019,0x0000104f,
0x00002eaf,0x000000c4,0x000200f9,0x00001044,
0x000200f8,0x00001051,0x000500af,0x000000d0,
0x00001053,0x00002eaf,0x0000019a,0x000300f7,
0x00001060,0x00000000,0x000400fa,0x00001053,
0x00001054,0x00001060,0x000200f8,0x00001054,
0x000200f9,0x00001055,0x000200f8,0x00001055,
0x000700f5,0x00000006,0x00002fe7,0x00000138,
0x00001054,0x0000105e,0x00001059,0x000500b0,
0x000000d0,0x00001058,0x00002fe7,0x00000049,
0x000400f6,0x0000105f,0x00001059,0x00000000,
0x000400fa,0x00001058,0x00001059,0x0000105f,
0x000200f8,0x00001059,0x00050041,0x00000007,
0x0000105b,0x0000004c,0x00002fe7,0x0003003e,
0x0000105b,0x00000138,0x00050080,0x00000006,
0x0000105e,0x00002fe7,0x000000c4,0x000200f9,
0x00001055,0x000200f8,0x0000105f,0x000200f9,
0x00001326,0x000200f8,0x00001060,0x000500aa,
0x000000d0,0x00001062,0x00002eaf,0x0000006a,
0x000500aa,0x000000d0,0x00001064,0x00002eaf,
0x000000c4,0x000500a6,0x000000d0,0x00001065,
0x00001062,0x00001064,0x000500aa,0x000000d0,
0x00001067,0x00002eaf,0x000000ef,0x000500a6,
0x000000d0,0x00001068,0x00001065,0x00001067,
0x000500aa,0x000000d0,0x0000106a,0x00002eaf,
0x0000010e,0x000500a6,0x000000d0,0x0000106b,
0x00001068,0x0000106a,0x000500aa,0x000000d0,
0x0000106d,0x00002eaf,0x000001c5,0x000500a6,
0x000000d0,0x0000106e,0x0000106b,0x0000106d,
0x000300f7,0x0000107b,0x00000000,0x000400fa,
0x0000106e,0x0000106f,0x0000107b,0x000200f8,
0x0000106f,0x000500a6,0x000000d0,0x00001074,
0x00001062,0x00001067,0x000600a9,0x00000019,
0x00001075,0x00001074,0x0000010e,0x000000ef,
0x000600a9,0x00000006,0x00001078,0x00001062,
0x000000aa,0x0000009c,0x000200f9,0x0000134e,
0x000200f8,0x0000134e,0x000700f5,0x00000006,
0x00002eb9,0x00000138,0x0000106f,0x00001362,
0x00001353,0x000700f5,0x00000006,0x00002eb6,
0x00000138,0x0000106f,0x00001365,0x00001353,
0x000500b0,0x000000d0,0x00001352,0x00002eb6,
0x00001078,0x000400f6,0x00001366,0x00001353,
0x00000000,0x000400fa,0x00001352,0x00001353,
0x00001366,0x000200f8,0x00001353,0x00050080,
0x00000006,0x00001356,0x00002eb8,0x00002eb6,
0x000500c2,0x00000006,0x00001358,0x00001356,
0x00000084,0x00050041,0x00000007,0x00001359,
0x0000015e,0x00001358,0x0004003d,0x00000006,
0x0000135a,0x00001359,0x000500c7,0x00000006,
0x0000135c,0x00001356,0x00000080,0x000500c2,
0x00000006,0x0000135d,0x0000135a,0x0000135c,
0x000500c7,0x00000006,0x0000135e,0x0000135d,
0x00000071,0x000500c4,0x00000006,0x00001360,
0x0000135e,0x00002eb6,0x000500c5,0x00000006,
0x00001362,0x00002eb9,0x00001360,0x00050080,
0x00000006,0x00001365,0x00002eb6,0x000000c4,
0x000200f9,0x0000134e,0x000200f8,0x00001366,
0x00050080,0x00000006,0x00001369,0x00002eb8,
0x00001078,0x0004007c,0x00000019,0x0000107a,
0x00002eb9,0x000200f9,0x0000107b,0x000200f8,
0x0000107b,0x000700f5,0x00000019,0x00002f1e,
0x0000006a,0x00001060,0x0000107a,0x00001366,
0x000700f5,0x00000006,0x00002ec0,0x00002eb8,
0x00001060,0x00001369,0x00001366,0x000700f5,
0x00000019,0x00002eba,0x000000c4,0x00001060,
0x00001075,0x00001366,0x00050084,0x00000019,
0x0000107d,0x00002eba,0x000000ef,0x000500aa,
0x000000d0,0x0000107f,0x00002eaf,0x000001da,
0x000500aa,0x000000d0,0x00001081,0x00002eaf,
0x000001dd,0x000500a6,0x000000d0,0x00001082,
0x0000107f,0x00001081,0x000300f7,0x0000108c,
0x00000000,0x000400fa,0x00001082,0x00001083,
0x0000108c,0x000200f8,0x00001083,0x000200f9,
0x00001370,0x000200f8,0x00001370,0x000700f5,
0x00000006,0x00002ec1,0x00000138,0x00001083,
0x00001384,0x00001375,0x000700f5,0x00000006,
0x00002ebe,0x00000138,0x00001083,0x00001387,
0x00001375,0x000500b0,0x000000d0,0x00001374,
0x00002ebe,0x000000d4,0x000400f6,0x00001388,
0x00001375,0x00000000,0x000400fa,0x00001374,
0x00001375,0x00001388,0x000200f8,0x00001375,
0x00050080,0x00000006,0x00001378,0x00002ec0,
0x00002ebe,0x000500c2,0x00000006,0x0000137a,
0x00001378,0x00000084,0x00050041,0x00000007,
0x0000137b,0x0000015e,0x0000137a,0x0004003d,
0x00000006,0x0000137c,0x0000137b,0x000500c7,
0x00000006,0x0000137e,0x00001378,0x00000080,
0x000500c2,0x00000006,0x0000137f,0x0000137c,
0x0000137e,0x000500c7,0x00000006,0x00001380,
0x0000137f,0x00000071,0x000500c4,0x00000006,
0x00001382,0x00001380,0x00002ebe,0x000500c5,
0x00000006,0x00001384,0x00002ec1,0x00001382,
0x00050080,0x00000006,0x00001387,0x00002ebe,
0x000000c4,0x000200f9,0x00001370,0x000200f8,
0x00001388,0x00050080,0x00000006,0x0000138b,
0x00002ec0,0x000000d4,0x0004007c,0x00000019,
0x00001085,0x00002ec1,0x000300f7,0x0000108b,
0x00000000,0x000400fa,0x0000107f,0x00001088,
0x0000108b,0x000200f8,0x00001088,0x000200f9,
0x00001392,0x000200f8,0x00001392,0x000700f5,
0x00000006,0x00002ec5,0x00000138,0x00001088,
0x000013a6,0x00001397,0x000700f5,0x00000006,
0x00002ec3,0x00000138,0x00001088,0x000013a9,
0x00001397,0x000500b0,0x000000d0,0x00001396,
0x00002ec3,0x00000071,0x000400f6,0x000013aa,
0x00001397,0x00000000,0x000400fa,0x00001396,
0x00001397,0x000013aa,0x000200f8,0x00001397,
0x00050080,0x00000006,0x0000139a,0x0000138b,
0x00002ec3,0x000500c2,0x00000006,0x0000139c,
0x0000139a,0x00000084,0x00050041,0x00000007,
0x0000139d,0x0000015e,0x0000139c,0x0004003d,
0x00000006,0x0000139e,0x0000139d,0x000500c7,
0x00000006,0x000013a0,0x0000139a,0x00000080,
0x000500c2,0x00000006,0x000013a1,0x0000139e,
0x000013a0,0x000500c7,0x00000006,0x000013a2,
0x000013a1,0x00000071,0x000500c4,0x00000006,
0x000013a4,0x000013a2,0x00002ec3,0x000500c5,
0x00000006,0x000013a6,0x00002ec5,0x000013a4,
0x00050080,0x00000006,0x000013a9,0x00002ec3,
0x000000c4,0x000200f9,0x00001392,0x000200f8,
0x000013aa,0x00050080,0x00000006,0x000013ad,
0x00002ec0,0x00000147,0x0004007c,0x00000019,
0x0000108a,0x00002ec5,0x000200f9,0x0000108b,
0x000200f8,0x0000108b,0x000700f5,0x00000019,
0x00002f61,0x0000006a,0x00001388,0x0000108a,
0x000013aa,0x000700f5,0x00000006,0x00002ed8,
0x0000138b,0x00001388,0x000013ad,0x000013aa,
0x000200f9,0x0000108c,0x000200f8,0x0000108c,
0x000700f5,0x00000019,0x00002f7d,0x0000006a,
0x0000107b,0x00001085,0x0000108b,0x000700f5,
0x00000019,0x00002f5e,0x0000006a,0x0000107b,
0x00002f61,0x0000108b,0x000700f5,0x00000006,
0x00002ed7,0x00002ec0,0x0000107b,0x00002ed8,
0x0000108b,0x000200f9,0x0000108d,0x000200f8,
0x0000108d,0x000700f5,0x00000006,0x00002ed6,
0x00002ed7,0x0000108c,0x00002fe4,0x000010a5,
0x000700f5,0x00000019,0x00002ec6,0x0000006a,
0x0000108c,0x000010a7,0x000010a5,0x000500b1,
0x000000d0,0x00001090,0x00002ec6,0x0000010e,
0x000400f6,0x000010a8,0x000010a5,0x00000000,
0x000400fa,0x00001090,0x00001091,0x000010a8,
0x000200f8,0x00001091,0x000200f9,0x00001092,
0x000200f8,0x00001092,0x000700f5,0x00000006,
0x00002fe4,0x00002ed6,0x00001091,0x000013cf,
0x000010a1,0x000700f5,0x00000019,0x00002fdf,
0x0000006a,0x00001091,0x000010a3,0x000010a1,
0x000500b1,0x000000d0,0x00001096,0x00002fdf,
0x0000107d,0x000400f6,0x000010a4,0x000010a1,
0x00000000,0x000400fa,0x00001096,0x00001097,
0x000010a4,0x000200f8,0x00001097,0x0003003e,
0x00000fc9,0x00000203,0x00050041,0x0000001a,
0x0000109b,0x00000fc9,0x00002eaf,0x0004003d,
0x00000019,0x0000109c,0x0000109b,0x0004007c,
0x00000006,0x0000109d,0x0000109c,0x000200f9,
0x000013b4,0x000200f8,0x000013b4,0x000700f5,
0x00000006,0x00002fe5,0x00000138,0x00001097,
0x000013c8,0x000013b9,0x000700f5,0x00000006,
0x00002fe2,0x00000138,0x00001097,0x000013cb,
0x000013b9,0x000500b0,0x000000d0,0x000013b8,
0x00002fe2,0x0000109d,0x000400f6,0x000013cc,
0x000013b9,0x00000000,0x000400fa,0x000013b8,
0x000013b9,0x000013cc,0x000200f8,0x000013b9,
0x00050080,0x00000006,0x000013bc,0x00002fe4,
0x00002fe2,0x000500c2,0x00000006,0x000013be,
0x000013bc,0x00000084,0x00050041,0x00000007,
0x000013bf,0x0000015e,0x000013be,0x0004003d,
0x00000006,0x000013c0,0x000013bf,0x000500c7,
0x00000006,0x000013c2,0x000013bc,0x00000080,
0x000500c2,0x00000006,0x000013c3,0x000013c0,
0x000013c2,0x000500c7,0x00000006,0x000013c4,
0x000013c3,0x00000071,0x000500c4,0x00000006,
0x000013c6,0x000013c4,0x00002fe2,0x000500c5,
0x00000006,0x000013c8,0x00002fe5,0x000013c6,
0x00050080,0x00000006,0x000013cb,0x00002fe2,
0x000000c4,0x000200f9,0x000013b4,0x000200f8,
0x000013cc,0x00050080,0x00000006,0x000013cf,
0x00002fe4,0x0000109d,0x0004007c,0x00000019,
0x0000109f,0x00002fe5,0x00060041,0x0000001a,
0x000010a0,0x00000fc8,0x00002fdf,0x00002ec6,
0x0003003e,0x000010a0,0x0000109f,0x000200f9,
0x000010a1,0x000200f8,0x000010a1,0x00050080,
0x00000019,0x000010a3,0x00002fdf,0x000000c4,
0x000200f9,0x00001092,0x000200f8,0x000010a4,
0x000200f9,0x000010a5,0x000200f8,0x000010a5,
0x00050080,0x00000019,0x000010a7,0x00002ec6,
0x000000c4,0x000200f9,0x0000108d,0x000200f8,
0x000010a8,0x0003003e,0x00000fcb,0x00000211,
0x00050041,0x0000001a,0x000010aa,0x00000fcb,
0x00002eaf,0x0004003d,0x00000019,0x000010ab,
0x000010aa,0x000500ad,0x000000d0,0x000010ac,
0x000010ab,0x0000006a,0x000300f7,0x000010c0,
0x00000000,0x000400fa,0x000010ac,0x000010ad,
0x000010c0,0x000200f8,0x000010ad,0x000200f9,
0x000010ae,0x000200f8,0x000010ae,0x000700f5,
0x00000006,0x00002ed9,0x00002ed6,0x000010ad,
0x000013f1,0x000010bc,0x000700f5,0x00000019,
0x00002ecb,0x0000006a,0x000010ad,0x000010be,
0x000010bc,0x000500b1,0x000000d0,0x000010b2,
0x00002ecb,0x0000107d,0x000400f6,0x000010bf,
0x000010bc,0x00000000,0x000400fa,0x000010b2,
0x000010b3,0x000010bf,0x000200f8,0x000010b3,
0x0003003e,0x00000fcd,0x00000211,0x00050041,
0x0000001a,0x000010b6,0x00000fcd,0x00002eaf,
0x0004003d,0x00000019,0x000010b7,0x000010b6,
0x0004007c,0x00000006,0x000010b8,0x000010b7,
0x000200f9,0x000013d6,0x000200f8,0x000013d6,
0x000700f5,0x00000006,0x00002fdd,0x00000138,
0x000010b3,0x000013ea,0x000013db,0x000700f5,
0x00000006,0x00002fdb,0x00000138,0x000010b3,
0x000013ed,0x000013db,0x000500b0,0x000000d0,
0x000013da,0x00002fdb,0x000010b8,0x000400f6,
0x000013ee,0x000013db,0x00000000,0x000400fa,
0x000013da,0x000013db,0x000013ee,0x000200f8,
0x000013db,0x00050080,0x00000006,0x000013de,
0x00002ed9,0x00002fdb,0x000500c2,0x00000006,
0x000013e0,0x000013de,0x00000084,0x00050041,
0x00000007,0x000013e1,0x0000015e,0x000013e0,
0x0004003d,0x00000006,0x000013e2,0x000013e1,
0x000500c7,0x00000006,0x000013e4,0x000013de,
0x00000080,0x000500c2,0x00000006,0x000013e5,
0x000013e2,0x000013e4,0x000500c7,0x00000006,
0x000013e6,0x000013e5,0x00000071,0x000500c4,
0x00000006,0x000013e8,0x000013e6,0x00002fdb,
0x000500c5,0x00000006,0x000013ea,0x00002fdd,
0x000013e8,0x00050080,0x00000006,0x000013ed,
0x00002fdb,0x000000c4,0x000200f9,0x000013d6,
0x000200f8,0x000013ee,0x00050080,0x00000006,
0x000013f1,0x00002ed9,0x000010b8,0x0004007c,
0x00000019,0x000010ba,0x00002fdd,0x00060041,
0x0000001a,0x000010bb,0x00000fc8,0x00002ecb,
0x0000010e,0x0003003e,0x000010bb,0x000010ba,
0x000200f9,0x000010bc,0x000200f8,0x000010bc,
0x00050080,0x00000019,0x000010be,0x00002ecb,
0x000000c4,0x000200f9,0x000010ae,0x000200f8,
0x000010bf,0x000200f9,0x000010c0,0x000200f8,
0x000010c0,0x000700f5,0x00000006,0x00002ed5,
0x00002ed6,0x000010a8,0x00002ed9,0x000010bf,
0x000500a6,0x000000d0,0x000010c8,0x00001065,
0x0000106a,0x000500aa,0x000000d0,0x000010ca,
0x00002eaf,0x0000017e,0x000500a6,0x000000d0,
0x000010cb,0x000010c8,0x000010ca,0x000500a6,
0x000000d0,0x000010ce,0x000010cb,0x0000106d,
0x000300f7,0x00001136,0x00000000,0x000400fa,
0x000010ce,0x000010cf,0x00001136,0x000200f8,
0x000010cf,0x000200f9,0x000010d0,0x000200f8,
0x000010d0,0x000700f5,0x00000019,0x00002ece,
0x0000006a,0x000010cf,0x000010e7,0x000010e5,
0x000500b1,0x000000d0,0x000010d4,0x00002ece,
0x0000107d,0x000400f6,0x000010e8,0x000010e5,
0x00000000,0x000400fa,0x000010d4,0x000010d5,
0x000010e8,0x000200f8,0x000010d5,0x000200f9,
0x000010d6,0x000200f8,0x000010d6,0x000700f5,
0x00000019,0x00002fd9,0x0000006a,0x000010d5,
0x000010e3,0x000010da,0x000500b1,0x000000d0,
0x000010d9,0x00002fd9,0x000001da,0x000400f6,
0x000010e4,0x000010da,0x00000000,0x000400fa,
0x000010d9,0x000010da,0x000010e4,0x000200f8,
0x000010da,0x00060041,0x0000001a,0x000010dd,
0x00000fc8,0x00002ece,0x00002fd9,0x0004003d,
0x00000019,0x000010de,0x000010dd,0x000500c4,
0x00000019,0x000010df,0x000010de,0x000000c4,
0x0003003e,0x000010dd,0x000010df,0x00050080,
0x00000019,0x000010e3,0x00002fd9,0x000000c4,
0x000200f9,0x000010d6,0x000200f8,0x000010e4,
0x000200f9,0x000010e5,0x000200f8,0x000010e5,
0x00050080,0x00000019,0x000010e7,0x00002ece,
0x000000c4,0x000200f9,0x000010d0,0x000200f8,
0x000010e8,0x000300f7,0x00001135,0x00000000,
0x000400fa,0x00001064,0x000010eb,0x00001111,
0x000200f8,0x000010eb,0x000200f9,0x000013f8,
0x000200f8,0x000013f8,0x000700f5,0x00000006,
0x00002ee0,0x00000138,0x000010eb,0x0000140c,
0x000013fd,0x000700f5,0x00000006,0x00002ede,
0x00000138,0x000010eb,0x0000140f,0x000013fd,
0x000500b0,0x000000d0,0x000013fc,0x00002ede,
0x00000071,0x000400f6,0x00001410,0x000013fd,
0x00000000,0x000400fa,0x000013fc,0x000013fd,
0x00001410,0x000200f8,0x000013fd,0x00050080,
0x00000006,0x00001400,0x00002ed5,0x00002ede,
0x000500c2,0x00000006,0x00001402,0x00001400,
0x00000084,0x00050041,0x00000007,0x00001403,
0x0000015e,0x00001402,0x0004003d,0x00000006,
0x00001404,0x00001403,0x000500c7,0x00000006,
0x00001406,0x00001400,0x00000080,0x000500c2,
0x00000006,0x00001407,0x00001404,0x00001406,
0x000500c7,0x00000006,0x00001408,0x00001407,
0x00000071,0x000500c4,0x00000006,0x0000140a,
0x00001408,0x00002ede,0x000500c5,0x00000006,
0x0000140c,0x00002ee0,0x0000140a,0x00050080,
0x00000006,0x0000140f,0x00002ede,0x000000c4,
0x000200f9,0x000013f8,0x000200f8,0x00001410,
0x00050080,0x00000006,0x00001413,0x00002ed5,
0x00000071,0x0004007c,0x00000019,0x000010ed,
0x00002ee0,0x000200f9,0x0000141a,0x000200f8,
0x0000141a,0x000700f5,0x00000006,0x00002ee3,
0x00000138,0x00001410,0x0000142e,0x0000141f,
0x000700f5,0x00000006,0x00002ee1,0x00000138,
0x00001410,0x00001431,0x0000141f,0x000500b0,
0x000000d0,0x0000141e,0x00002ee1,0x00000071,
0x000400f6,0x00001432,0x0000141f,0x00000000,
0x000400fa,0x0000141e,0x0000141f,0x00001432,
0x000200f8,0x0000141f,0x00050080,0x00000006,
0x00001422,0x00001413,0x00002ee1,0x000500c2,
0x00000006,0x00001424,0x00001422,0x00000084,
0x00050041,0x00000007,0x00001425,0x0000015e,
0x00001424,0x0004003d,0x00000006,0x00001426,
0x00001425,0x000500c7,0x00000006,0x00001428,
0x00001422,0x00000080,0x000500c2,0x00000006,
0x00001429,0x00001426,0x00001428,0x000500c7,
0x00000006,0x0000142a,0x00001429,0x00000071,
0x000500c4,0x00000006,0x0000142c,0x0000142a,
0x00002ee1,0x000500c5,0x00000006,0x0000142e,
0x00002ee3,0x0000142c,0x00050080,0x00000006,
0x00001431,0x00002ee1,0x000000c4,0x000200f9,
0x0000141a,0x000200f8,0x00001432,0x00050080,
0x00000006,0x00001435,0x00002ed5,0x000000d4,
0x0004007c,0x00000019,0x000010ef,0x00002ee3,
0x000200f9,0x000010f0,0x000200f8,0x000010f0,
0x000700f5,0x00000019,0x00002ee4,0x0000006a,
0x00001432,0x0000110f,0x000010f4,0x000500b1,
0x000000d0,0x000010f3,0x00002ee4,0x0000010e,
0x000400f6,0x00001110,0x000010f4,0x00000000,
0x000400fa,0x000010f3,0x000010f4,0x00001110,
0x000200f8,0x000010f4,0x00060041,0x0000001a,
0x000010f7,0x00000fc8,0x0000006a,0x00002ee4,
0x0004003d,0x00000019,0x000010f8,0x000010f7,
0x000500c5,0x00000019,0x000010f9,0x000010f8,
0x000010ed,0x0003003e,0x000010f7,0x000010f9,
0x00060041,0x0000001a,0x000010fd,0x00000fc8,
0x000000c4,0x00002ee4,0x0004003d,0x00000019,
0x000010fe,0x000010fd,0x000500c5,0x00000019,
0x000010ff,0x000010fe,0x000010ed,0x0003003e,
0x000010fd,0x000010ff,0x00060041,0x0000001a,
0x00001103,0x00000fc8,0x000000ef,0x00002ee4,
0x0004003d,0x00000019,0x00001104,0x00001103,
0x000500c5,0x00000019,0x00001105,0x00001104,
0x000010ef,0x0003003e,0x00001103,0x00001105,
0x00060041,0x0000001a,0x00001109,0x00000fc8,
0x0000010e,0x00002ee4,0x0004003d,0x00000019,
0x0000110a,0x00001109,0x000500c5,0x00000019,
0x0000110b,0x0000110a,0x000010ef,0x0003003e,
0x00001109,0x0000110b,0x00050080,0x00000019,
0x0000110f,0x00002ee4,0x000000c4,0x000200f9,
0x000010f0,0x000200f8,0x00001110,0x000200f9,
0x00001135,0x000200f8,0x00001111,0x000500c4,
0x00000019,0x00001114,0x000000c4,0x00002eaf,
0x000500c7,0x00000019,0x00001115,0x0000022f,
0x00001114,0x000500ab,0x000000d0,0x00001116,
0x00001115,0x0000006a,0x000300f7,0x00001134,
0x00000000,0x000400fa,0x00001116,0x00001117,
0x00001134,0x000200f8,0x00001117,0x000200f9,
0x00001118,0x000200f8,0x00001118,0x000700f5,
0x00000006,0x00002ed3,0x00002ed5,0x00001117,
0x00001457,0x00001130,0x000700f5,0x00000019,
0x00002ed0,0x0000006a,0x00001117,0x00001132,
0x00001130,0x000500b1,0x000000d0,0x0000111c,
0x00002ed0,0x0000107d,0x000400f6,0x00001133,
0x00001130,0x00000000,0x000400fa,0x0000111c,
0x0000111d,0x00001133,0x000200f8,0x0000111d,
0x000200f9,0x0000143c,0x000200f8,0x0000143c,
0x000700f5,0x00000006,0x00002eda,0x00000138,
0x0000111d,0x00001450,0x00001441,0x000700f5,
0x00000006,0x00002ed1,0x00000138,0x0000111d,
0x00001453,0x00001441,0x000500b0,0x000000d0,
0x00001440,0x00002ed1,0x00000071,0x000400f6,
0x00001454,0x00001441,0x00000000,0x000400fa,
0x00001440,0x00001441,0x00001454,0x000200f8,
0x00001441,0x00050080,0x00000006,0x00001444,
0x00002ed3,0x00002ed1,0x000500c2,0x00000006,
0x00001446,0x00001444,0x00000084,0x00050041,
0x00000007,0x00001447,0x0000015e,0x00001446,
0x0004003d,0x00000006,0x00001448,0x00001447,
0x000500c7,0x00000006,0x0000144a,0x00001444,
0x00000080,0x000500c2,0x00000006,0x0000144b,
0x00001448,0x0000144a,0x000500c7,0x00000006,
0x0000144c,0x0000144b,0x00000071,0x000500c4,
0x00000006,0x0000144e,0x0000144c,0x00002ed1,
0x000500c5,0x00000006,0x00001450,0x00002eda,
0x0000144e,0x00050080,0x00000006,0x00001453,
0x00002ed1,0x000000c4,0x000200f9,0x0000143c,
0x000200f8,0x00001454,0x00050080,0x00000006,
0x00001457,0x00002ed3,0x00000071,0x0004007c,
0x00000019,0x0000111f,0x00002eda,0x000200f9,
0x00001120,0x000200f8,0x00001120,0x000700f5,
0x00000019,0x00002edb,0x0000006a,0x00001454,
0x0000112e,0x00001124,0x000500b1,0x000000d0,
0x00001123,0x00002edb,0x000001da,0x000400f6,
0x0000112f,0x00001124,0x00000000,0x000400fa,
0x00001123,0x00001124,0x0000112f,0x000200f8,
0x00001124,0x00060041,0x0000001a,0x00001128,
0x00000fc8,0x00002ed0,0x00002edb,0x0004003d,
0x00000019,0x00001129,0x00001128,0x000500c5,
0x00000019,0x0000112a,0x00001129,0x0000111f,
0x0003003e,0x00001128,0x0000112a,0x00050080,
0x00000019,0x0000112e,0x00002edb,0x000000c4,
0x000200f9,0x00001120,0x000200f8,0x0000112f,
0x000200f9,0x00001130,0x000200f8,0x00001130,
0x00050080,0x00000019,0x00001132,0x00002ed0,
0x000000c4,0x000200f9,0x00001118,0x000200f8,
0x00001133,0x000200f9,0x00001134,0x000200f8,
0x00001134,0x000700f5,0x00000006,0x00002f49,
0x00002ed5,0x00001111,0x00002ed3,0x00001133,
0x000200f9,0x00001135,0x000200f8,0x00001135,
0x000700f5,0x00000006,0x00002f47,0x00001435,
0x00001110,0x00002f49,0x00001134,0x000200f9,
0x00001136,0x000200f8,0x00001136,0x000700f5,
0x00000006,0x00002f46,0x00002ed5,0x000010c0,
0x00002f47,0x00001135,0x000200f9,0x00001137,
0x000200f8,0x00001137,0x000700f5,0x00000019,
0x00002ee5,0x0000006a,0x00001136,0x00001183,
0x00001181,0x000500b1,0x000000d0,0x0000113b,
0x00002ee5,0x0000107d,0x000400f6,0x00001184,
0x00001181,0x00000000,0x000400fa,0x0000113b,
0x0000113c,0x00001184,0x000200f8,0x0000113c,
0x0003003e,0x00000fdd,0x00000203,0x00050041,
0x0000001a,0x0000113e,0x00000fdd,0x00002eaf,
0x0004003d,0x00000019,0x0000113f,0x0000113e,
0x000500c3,0x00000019,0x00001142,0x0000022f,
0x00002eaf,0x000500c7,0x00000019,0x00001143,
0x00001142,0x000000c4,0x00050080,0x00000019,
0x00001144,0x0000113f,0x00001143,0x000200f9,
0x00001145,0x000200f8,0x00001145,0x000700f5,
0x00000019,0x00002fd5,0x0000006a,0x0000113c,
0x00001164,0x00001149,0x000500b1,0x000000d0,
0x00001148,0x00002fd5,0x0000010e,0x000400f6,
0x00001165,0x00001149,0x00000000,0x000400fa,
0x00001148,0x00001149,0x00001165,0x000200f8,
0x00001149,0x00060041,0x0000001a,0x0000114e,
0x00000fc8,0x00002ee5,0x00002fd5,0x0004003d,
0x00000019,0x0000114f,0x0000114e,0x00050082,
0x00000019,0x00001151,0x0000019a,0x00001144,
0x000500c4,0x00000019,0x00001152,0x0000114f,
0x00001151,0x0003003e,0x0000114e,0x00001152,
0x0004003d,0x00000019,0x00001159,0x0000114e,
0x0004003d,0x00000019,0x0000115d,0x0000114e,
0x000500c3,0x00000019,0x0000115f,0x0000115d,
0x00001144,0x000500c5,0x00000019,0x00001160,
0x00001159,0x0000115f,0x0003003e,0x0000114e,
0x00001160,0x00050080,0x00000019,0x00001164,
0x00002fd5,0x000000c4,0x000200f9,0x00001145,
0x000200f8,0x00001165,0x0003003e,0x00000fdf,
0x00000211,0x00050041,0x0000001a,0x00001167,
0x00000fdf,0x00002eaf,0x0004003d,0x00000019,
0x00001168,0x00001167,0x00050080,0x00000019,
0x0000116d,0x00001168,0x00001143,0x00060041,
0x0000001a,0x00001170,0x00000fc8,0x00002ee5,
0x0000010e,0x0004003d,0x00000019,0x00001171,
0x00001170,0x00050082,0x00000019,0x00001173,
0x0000019a,0x0000116d,0x000500c4,0x00000019,
0x00001174,0x00001171,0x00001173,0x0003003e,
0x00001170,0x00001174,0x0004003d,0x00000019,
0x00001179,0x00001170,0x0004003d,0x00000019,
0x0000117c,0x00001170,0x000500c3,0x00000019,
0x0000117e,0x0000117c,0x0000116d,0x000500c5,
0x00000019,0x0000117f,0x00001179,0x0000117e,
0x0003003e,0x00001170,0x0000117f,0x000200f9,
0x00001181,0x000200f8,0x00001181,0x00050080,
0x00000019,0x00001183,0x00002ee5,0x000000c4,
0x000200f9,0x00001137,0x000200f8,0x00001184,
0x0003003e,0x00000fe0,0x00000211,0x00050041,
0x0000001a,0x00001186,0x00000fe0,0x00002eaf,
0x0004003d,0x00000019,0x00001187,0x00001186,
0x000500aa,0x000000d0,0x00001188,0x00001187,
0x0000006a,0x000300f7,0x00001196,0x00000000,
0x000400fa,0x00001188,0x00001189,0x00001196,
0x000200f8,0x00001189,0x000200f9,0x0000118a,
0x000200f8,0x0000118a,0x000700f5,0x00000019,
0x00002ef0,0x0000006a,0x00001189,0x00001194,
0x0000118f,0x000500b1,0x000000d0,0x0000118e,
0x00002ef0,0x0000107d,0x000400f6,0x00001195,
0x0000118f,0x00000000,0x000400fa,0x0000118e,
0x0000118f,0x00001195,0x000200f8,0x0000118f,
0x00060041,0x0000001a,0x00001191,0x00000fc8,
0x00002ef0,0x0000010e,0x0003003e,0x00001191,
0x00000315,0x00050080,0x00000019,0x00001194,
0x00002ef0,0x000000c4,0x000200f9,0x0000118a,
0x000200f8,0x00001195,0x000200f9,0x00001196,
0x000200f8,0x00001196,0x000300f7,0x000011a1,
0x00000000,0x000400fa,0x00001065,0x0000119c,
0x0000119d,0x000200f8,0x0000119c,0x000200f9,
0x000011a1,0x000200f8,0x0000119d,0x000600a9,
0x00000019,0x000011a0,0x000010ca,0x000001da,
0x000000ef,0x000200f9,0x000011a1,0x000200f8,
0x000011a1,0x000700f5,0x00000019,0x00002ef3,
0x0000010e,0x0000119c,0x000011a0,0x0000119d,
0x000300f7,0x000011aa,0x00000000,0x000400fa,
0x0000107f,0x000011a5,0x000011a6,0x000200f8,
0x000011a5,0x000200f9,0x000011aa,0x000200f8,
0x000011a6,0x000600a9,0x00000019,0x000011a9,
0x00001081,0x000000ef,0x0000006a,0x000200f9,
0x000011aa,0x000200f8,0x000011aa,0x000700f5,
0x00000019,0x00002ef5,0x0000010e,0x000011a5,
0x000011a9,0x000011a6,0x000200f9,0x000011ac,
0x000200f8,0x000011ac,0x000700f5,0x00000006,
0x00002f41,0x00002f46,0x000011aa,0x00002fd1,
0x000011fb,0x000700f5,0x00000019,0x00002ef6,
0x0000006a,0x000011aa,0x000011fd,0x000011fb,
0x000500b1,0x000000d0,0x000011af,0x00002ef6,
0x000001da,0x000400f6,0x000011fe,0x000011fb,
0x00000000,0x000400fa,0x000011af,0x000011b0,
0x000011fe,0x000200f8,0x000011b0,0x000200f9,
0x000011b1,0x000200f8,0x000011b1,0x000700f5,
0x00000006,0x00002fd1,0x00002f41,0x000011b0,
0x00001479,0x000011f7,0x000700f5,0x00000019,
0x00002fb7,0x0000006a,0x000011b0,0x000011f9,
0x000011f7,0x000500b1,0x000000d0,0x000011b4,
0x00002fb7,0x000001da,0x000400f6,0x000011fa,
0x000011f7,0x00000000,0x000400fa,0x000011b4,
0x000011b5,0x000011fa,0x000200f8,0x000011b5,
0x000500aa,0x000000d0,0x000011b7,0x00002eba,
0x000000c4,0x000300f7,0x000011d9,0x00000000,
0x000400fa,0x000011b7,0x000011b8,0x000011be,
0x000200f8,0x000011b8,0x000500c5,0x00000019,
0x000011bb,0x00002ef6,0x00002fb7,0x000500ab,
0x000000d0,0x000011bc,0x000011bb,0x0000006a,
0x000600a9,0x00000019,0x000011bd,0x000011bc,
0x0000006a,0x0000034c,0x000200f9,0x000011d9,
0x000200f8,0x000011be,0x000500aa,0x000000d0,
0x000011c0,0x00002eba,0x0000010e,0x000300f7,
0x000011d7,0x00000000,0x000400fa,0x000011c0,
0x000011c1,0x000011cc,0x000200f8,0x000011c1,
0x00050084,0x00000019,0x000011c3,0x00002f1e,
0x0000035b,0x00050084,0x00000019,0x000011c5,
0x00002ef6,0x000001da,0x00050080,0x00000019,
0x000011c6,0x000011c3,0x000011c5,0x00050080,
0x00000019,0x000011c8,0x000011c6,0x00002fb7,
0x0003003e,0x00000feb,0x00000359,0x00050041,
0x00000007,0x000011c9,0x00000feb,0x000011c8,
0x0004003d,0x00000006,0x000011ca,0x000011c9,
0x0004007c,0x00000019,0x000011cb,0x000011ca,
0x000200f9,0x000011d7,0x000200f8,0x000011cc,
0x00050084,0x00000019,0x000011ce,0x00002f1e,
0x0000035b,0x00050084,0x00000019,0x000011d0,
0x00002ef6,0x000001da,0x00050080,0x00000019,
0x000011d1,0x000011ce,0x000011d0,0x00050080,
0x00000019,0x000011d3,0x000011d1,0x00002fb7,
0x0003003e,0x00000fec,0x00000368,0x00050041,
0x00000007,0x000011d4,0x00000fec,0x000011d3,
0x0004003d,0x00000006,0x000011d5,0x000011d4,
0x0004007c,0x00000019,0x000011d6,0x000011d5,
0x000200f9,0x000011d7,0x000200f8,0x000011d7,
0x000700f5,0x00000019,0x00002fbb,0x000011cb,
0x000011c1,0x000011d6,0x000011cc,0x000200f9,
0x000011d9,0x000200f8,0x000011d9,0x000700f5,
0x00000019,0x00002fbc,0x000011bd,0x000011b8,
0x00002fbb,0x000011d7,0x000300f7,0x000011e5,
0x00000000,0x000400fa,0x00001065,0x000011e0,
0x000011e1,0x000200f8,0x000011e0,0x000200f9,
0x000011e5,0x000200f8,0x000011e1,0x000600a9,
0x00000019,0x000011e4,0x000010ca,0x000001da,
0x000000ef,0x000200f9,0x000011e5,0x000200f8,
0x000011e5,0x000700f5,0x00000019,0x00002fc2,
0x0000010e,0x000011e0,0x000011e4,0x000011e1,
0x000500c7,0x00000019,0x000011e8,0x00002fbc,
0x0000034c,0x000500ab,0x000000d0,0x000011e9,
0x000011e8,0x0000006a,0x000300f7,0x000011ed,
0x00000000,0x000400fa,0x000011e9,0x000011ea,
0x000011ed,0x000200f8,0x000011ea,0x00050082,
0x00000019,0x000011ec,0x00002fc2,0x000000c4,
0x000200f9,0x000011ed,0x000200f8,0x000011ed,
0x000700f5,0x00000019,0x00002fcb,0x00002fc2,
0x000011e5,0x000011ec,0x000011ea,0x00050084,
0x00000019,0x000011ef,0x00002ef6,0x000001da,
0x00050080,0x00000019,0x000011f1,0x000011ef,
0x00002fb7,0x0004007c,0x00000006,0x000011f3,
0x00002fcb,0x000200f9,0x0000145e,0x000200f8,
0x0000145e,0x000700f5,0x00000006,0x00002fd3,
0x00000138,0x000011ed,0x00001472,0x00001463,
0x000700f5,0x00000006,0x00002fcc,0x00000138,
0x000011ed,0x00001475,0x00001463,0x000500b0,
0x000000d0,0x00001462,0x00002fcc,0x000011f3,
0x000400f6,0x00001476,0x00001463,0x00000000,
0x000400fa,0x00001462,0x00001463,0x00001476,
0x000200f8,0x00001463,0x00050080,0x00000006,
0x00001466,0x00002fd1,0x00002fcc,0x000500c2,
0x00000006,0x00001468,0x00001466,0x00000084,
0x00050041,0x00000007,0x00001469,0x0000015e,
0x00001468,0x0004003d,0x00000006,0x0000146a,
0x00001469,0x000500c7,0x00000006,0x0000146c,
0x00001466,0x00000080,0x000500c2,0x00000006,
0x0000146d,0x0000146a,0x0000146c,0x000500c7,
0x00000006,0x0000146e,0x0000146d,0x00000071,
0x000500c4,0x00000006,0x00001470,0x0000146e,
0x00002fcc,0x000500c5,0x00000006,0x00001472,
0x00002fd3,0x00001470,0x00050080,0x00000006,
0x00001475,0x00002fcc,0x000000c4,0x000200f9,
0x0000145e,0x000200f8,0x00001476,0x00050080,
0x00000006,0x00001479,0x00002fd1,0x000011f3,
0x0004007c,0x00000019,0x000011f5,0x00002fd3,
0x00050041,0x0000001a,0x000011f6,0x00000fef,
0x000011f1,0x0003003e,0x000011f6,0x000011f5,
0x000200f9,0x000011f7,0x000200f8,0x000011f7,
0x00050080,0x00000019,0x000011f9,0x00002fb7,
0x000000c4,0x000200f9,0x000011b1,0x000200f8,
0x000011fa,0x000200f9,0x000011fb,0x000200f8,
0x000011fb,0x00050080,0x00000019,0x000011fd,
0x00002ef6,0x000000c4,0x000200f9,0x000011ac,
0x000200f8,0x000011fe,0x000200f9,0x000011ff,
0x000200f8,0x000011ff,0x000700f5,0x00000019,
0x00002ef7,0x0000006a,0x000011fe,0x00001324,
0x00001322,0x000700f5,0x00000006,0x00002f40,
0x00002f41,0x000011fe,0x00002f3f,0x00001322,
0x000500b1,0x000000d0,0x00001202,0x00002ef7,
0x000001da,0x000400f6,0x00001325,0x00001322,
0x00000000,0x000400fa,0x00001202,0x00001203,
0x00001325,0x000200f8,0x00001203,0x000200f9,
0x00001204,0x000200f8,0x00001204,0x000700f5,
0x00000006,0x00002f3f,0x00002f40,0x00001203,
0x0000318c,0x0000131e,0x000700f5,0x00000019,
0x00002ef8,0x0000006a,0x00001203,0x00001320,
0x0000131e,0x000500b1,0x000000d0,0x00001207,
0x00002ef8,0x000001da,0x000400f6,0x00001321,
0x0000131e,0x00000000,0x000400fa,0x00001207,
0x00001208,0x00001321,0x000200f8,0x00001208,
0x000500aa,0x000000d0,0x0000120a,0x00002eba,
0x000000c4,0x000300f7,0x0000122c,0x00000000,
0x000400fa,0x0000120a,0x0000120b,0x00001211,
0x000200f8,0x0000120b,0x000500c5,0x00000019,
0x0000120e,0x00002ef7,0x00002ef8,0x000500ab,
0x000000d0,0x0000120f,0x0000120e,0x0000006a,
0x000600a9,0x00000019,0x00001210,0x0000120f,
0x0000006a,0x0000034c,0x000200f9,0x0000122c,
0x000200f8,0x00001211,0x000500aa,0x000000d0,
0x00001213,0x00002eba,0x0000010e,0x000300f7,
0x0000122a,0x00000000,0x000400fa,0x00001213,
0x00001214,0x0000121f,0x000200f8,0x00001214,
0x00050084,0x00000019,0x00001216,0x00002f1e,
0x0000035b,0x00050084,0x00000019,0x00001218,
0x00002ef7,0x000001da,0x00050080,0x00000019,
0x00001219,0x00001216,0x00001218,0x00050080,
0x00000019,0x0000121b,0x00001219,0x00002ef8,
0x0003003e,0x00000ff6,0x00000359,0x00050041,
0x00000007,0x0000121c,0x00000ff6,0x0000121b,
0x0004003d,0x00000006,0x0000121d,0x0000121c,
0x0004007c,0x00000019,0x0000121e,0x0000121d,
0x000200f9,0x0000122a,0x000200f8,0x0000121f,
0x00050084,0x00000019,0x00001221,0x00002f1e,
0x0000035b,0x00050084,0x00000019,0x00001223,
0x00002ef7,0x000001da,0x00050080,0x00000019,
0x00001224,0x00001221,0x00001223,0x00050080,
0x00000019,0x00001226,0x00001224,0x00002ef8,
0x0003003e,0x00000ff7,0x00000368,0x00050041,
0x00000007,0x00001227,0x00000ff7,0x00001226,
0x0004003d,0x00000006,0x00001228,0x00001227,
0x0004007c,0x00000019,0x00001229,0x00001228,
0x000200f9,0x0000122a,0x000200f8,0x0000122a,
0x000700f5,0x00000019,0x00002f2d,0x0000121e,
0x00001214,0x00001229,0x0000121f,0x000200f9,
0x0000122c,0x000200f8,0x0000122c,0x000700f5,
0x00000019,0x00002f2e,0x00001210,0x0000120b,
0x00002f2d,0x0000122a,0x000500c7,0x00000019,
0x0000122f,0x00002f2e,0x0000010e,0x00050084,
0x00000019,0x00001231,0x00002ef7,0x000001da,
0x00050080,0x00000019,0x00001233,0x00001231,
0x00002ef8,0x00050041,0x0000001a,0x00001234,
0x00000fef,0x00001233,0x0004003d,0x00000019,
0x00001235,0x00001234,0x000500aa,0x000000d0,
0x00001237,0x00002ef3,0x000000ef,0x000300f7,
0x00001249,0x00000000,0x000400fa,0x00001237,
0x00001238,0x0000123c,0x000200f8,0x00001238,
0x0003003e,0x00000ffc,0x000003e8,0x00050041,
0x0000001a,0x0000123a,0x00000ffc,0x00001235,
0x0004003d,0x00000019,0x0000123b,0x0000123a,
0x000200f9,0x00001249,0x000200f8,0x0000123c,
0x000500aa,0x000000d0,0x0000123e,0x00002ef3,
0x0000010e,0x000300f7,0x00001247,0x00000000,
0x000400fa,0x0000123e,0x0000123f,0x00001243,
0x000200f8,0x0000123f,0x0003003e,0x00000ffe,
0x000003fa,0x00050041,0x0000001a,0x00001241,
0x00000ffe,0x00001235,0x0004003d,0x00000019,
0x00001242,0x00001241,0x000200f9,0x00001247,
0x000200f8,0x00001243,0x0003003e,0x00000fff,
0x00000409,0x00050041,0x0000001a,0x00001245,
0x00000fff,0x00001235,0x0004003d,0x00000019,
0x00001246,0x00001245,0x000200f9,0x00001247,
0x000200f8,0x00001247,0x000700f5,0x00000019,
0x00002f33,0x00001242,0x0000123f,0x00001246,
0x00001243,0x000200f9,0x00001249,0x000200f8,
0x00001249,0x000700f5,0x00000019,0x00002f34,
0x0000123b,0x00001238,0x00002f33,0x00001247,
0x000500aa,0x000000d0,0x0000124c,0x00002ef5,
0x0000006a,0x000300f7,0x000012f3,0x00000000,
0x000400fa,0x0000124c,0x0000124d,0x0000127a,
0x000200f8,0x0000124d,0x00050084,0x00000019,
0x0000124f,0x0000122f,0x000000ef,0x00050080,
0x00000019,0x00001252,0x0000124f,0x000000c4,
0x00060041,0x0000001a,0x00001253,0x00000fc8,
0x0000124f,0x0000006a,0x0004003d,0x00000019,
0x00001254,0x00001253,0x00060041,0x0000001a,
0x00001255,0x00000fc8,0x00001252,0x0000006a,
0x0004003d,0x00000019,0x00001256,0x00001255,
0x00050082,0x00000019,0x0000147f,0x00000174,
0x00002f34,0x00050084,0x00000019,0x00001480,
0x00001254,0x0000147f,0x00050084,0x00000019,
0x00001483,0x00001256,0x00002f34,0x00050080,
0x00000019,0x00001484,0x00001480,0x00001483,
0x00050080,0x00000019,0x00001485,0x00001484,
0x0000017c,0x000500c3,0x00000019,0x00001486,
0x00001485,0x0000017e,0x00060041,0x0000001a,
0x0000125e,0x00000fc8,0x0000124f,0x000000c4,
0x0004003d,0x00000019,0x0000125f,0x0000125e,
0x00060041,0x0000001a,0x00001260,0x00000fc8,
0x00001252,0x000000c4,0x0004003d,0x00000019,
0x00001261,0x00001260,0x00050084,0x00000019,
0x0000148c,0x0000125f,0x0000147f,0x00050084,
0x00000019,0x0000148f,0x00001261,0x00002f34,
0x00050080,0x00000019,0x00001490,0x0000148c,
0x0000148f,0x00050080,0x00000019,0x00001491,
0x00001490,0x0000017c,0x000500c3,0x00000019,
0x00001492,0x00001491,0x0000017e,0x00060041,
0x0000001a,0x00001269,0x00000fc8,0x0000124f,
0x000000ef,0x0004003d,0x00000019,0x0000126a,
0x00001269,0x00060041,0x0000001a,0x0000126b,
0x00000fc8,0x00001252,0x000000ef,0x0004003d,
0x00000019,0x0000126c,0x0000126b,0x00050084,
0x00000019,0x00001498,0x0000126a,0x0000147f,
0x00050084,0x00000019,0x0000149b,0x0000126c,
0x00002f34,0x00050080,0x00000019,0x0000149c,
0x00001498,0x0000149b,0x00050080,0x00000019,
0x0000149d,0x0000149c,0x0000017c,0x000500c3,
0x00000019,0x0000149e,0x0000149d,0x0000017e,
0x00060041,0x0000001a,0x00001274,0x00000fc8,
0x0000124f,0x0000010e,0x0004003d,0x00000019,
0x00001275,0x00001274,0x00060041,0x0000001a,
0x00001276,0x00000fc8,0x00001252,0x0000010e,
0x0004003d,0x00000019,0x00001277,0x00001276,
0x00050084,0x00000019,0x000014a4,0x00001275,
0x0000147f,0x00050084,0x00000019,0x000014a7,
0x00001277,0x00002f34,0x00050080,0x00000019,
0x000014a8,0x000014a4,0x000014a7,0x00050080,
0x00000019,0x000014a9,0x000014a8,0x0000017c,
0x000500c3,0x00000019,0x000014aa,0x000014a9,
0x0000017e,0x000200f9,0x000012f3,0x000200f8,
0x0000127a,0x000500c5,0x00000019,0x0000127d,
0x00002ef7,0x00002ef8,0x000500ab,0x000000d0,
0x0000127e,0x0000127d,0x0000006a,0x000300f7,
0x00001286,0x00000000,0x000400fa,0x0000127e,
0x0000127f,0x00001282,0x000200f8,0x0000127f,
0x0004007c,0x00000006,0x00001281,0x00002ef5,
0x000200f9,0x00001286,0x000200f8,0x00001282,
0x00050082,0x00000019,0x00001284,0x00002ef5,
0x000000c4,0x0004007c,0x00000006,0x00001285,
0x00001284,0x000200f9,0x00001286,0x000200f8,
0x00001286,0x000700f5,0x00000006,0x00002f39,
0x00001281,0x0000127f,0x00001285,0x00001282,
0x000200f9,0x000014b0,0x000200f8,0x000014b0,
0x000700f5,0x00000006,0x00002f4d,0x00000138,
0x00001286,0x000014c4,0x000014b5,0x000700f5,
0x00000006,0x00002f3a,0x00000138,0x00001286,
0x000014c7,0x000014b5,0x000500b0,0x000000d0,
0x000014b4,0x00002f3a,0x00002f39,0x000400f6,
0x000014c8,0x000014b5,0x00000000,0x000400fa,
0x000014b4,0x000014b5,0x000014c8,0x000200f8,
0x000014b5,0x00050080,0x00000006,0x000014b8,
0x00002f3f,0x00002f3a,0x000500c2,0x00000006,
0x000014ba,0x000014b8,0x00000084,0x00050041,
0x00000007,0x000014bb,0x0000015e,0x000014ba,
0x0004003d,0x00000006,0x000014bc,0x000014bb,
0x000500c7,0x00000006,0x000014be,0x000014b8,
0x00000080,0x000500c2,0x00000006,0x000014bf,
0x000014bc,0x000014be,0x000500c7,0x00000006,
0x000014c0,0x000014bf,0x00000071,0x000500c4,
0x00000006,0x000014c2,0x000014c0,0x00002f3a,
0x000500c5,0x00000006,0x000014c4,0x00002f4d,
0x000014c2,0x00050080,0x00000006,0x000014c7,
0x00002f3a,0x000000c4,0x000200f9,0x000014b0,
0x000200f8,0x000014c8,0x00050080,0x00000006,
0x000014cb,0x00002f3f,0x00002f39,0x0004007c,
0x00000019,0x00001289,0x00002f4d,0x000500aa,
0x000000d0,0x0000128b,0x00002ef5,0x000000ef,
0x000300f7,0x00001294,0x00000000,0x000400fa,
0x0000128b,0x0000128c,0x00001290,0x000200f8,
0x0000128c,0x0003003e,0x00001015,0x000003e8,
0x00050041,0x0000001a,0x0000128e,0x00001015,
0x00001289,0x0004003d,0x00000019,0x0000128f,
0x0000128e,0x000200f9,0x00001294,0x000200f8,
0x00001290,0x0003003e,0x00001016,0x000003fa,
0x00050041,0x0000001a,0x00001292,0x00001016,
0x00001289,0x0004003d,0x00000019,0x00001293,
0x00001292,0x000200f9,0x00001294,0x000200f8,
0x00001294,0x000700f5,0x00000019,0x00002f4e,
0x0000128f,0x0000128c,0x00001293,0x00001290,
0x000500aa,0x000000d0,0x00001297,0x00002f5e,
0x0000006a,0x000300f7,0x000012f2,0x00000000,
0x000400fa,0x00001297,0x00001298,0x000012c5,
0x000200f8,0x00001298,0x00050084,0x00000019,
0x0000129a,0x0000122f,0x000000ef,0x00050080,
0x00000019,0x0000129d,0x0000129a,0x000000c4,
0x00060041,0x0000001a,0x0000129e,0x00000fc8,
0x0000129a,0x0000006a,0x0004003d,0x00000019,
0x0000129f,0x0000129e,0x00060041,0x0000001a,
0x000012a0,0x00000fc8,0x0000129d,0x0000006a,
0x0004003d,0x00000019,0x000012a1,0x000012a0,
0x00050082,0x00000019,0x000014d1,0x00000174,
0x00002f34,0x00050084,0x00000019,0x000014d2,
0x0000129f,0x000014d1,0x00050084,0x00000019,
0x000014d5,0x000012a1,0x00002f34,0x00050080,
0x00000019,0x000014d6,0x000014d2,0x000014d5,
0x00050080,0x00000019,0x000014d7,0x000014d6,
0x0000017c,0x000500c3,0x00000019,0x000014d8,
0x000014d7,0x0000017e,0x00060041,0x0000001a,
0x000012a9,0x00000fc8,0x0000129a,0x000000c4,
0x0004003d,0x00000019,0x000012aa,0x000012a9,
0x00060041,0x0000001a,0x000012ab,0x00000fc8,
0x0000129d,0x000000c4,0x0004003d,0x00000019,
0x000012ac,0x000012ab,0x00050084,0x00000019,
0x000014de,0x000012aa,0x000014d1,0x00050084,
0x00000019,0x000014e1,0x000012ac,0x00002f34,
0x00050080,0x00000019,0x000014e2,0x000014de,
0x000014e1,0x00050080,0x00000019,0x000014e3,
0x000014e2,0x0000017c,0x000500c3,0x00000019,
0x000014e4,0x000014e3,0x0000017e,0x00060041,
0x0000001a,0x000012b4,0x00000fc8,0x0000129a,
0x000000ef,0x0004003d,0x00000019,0x000012b5,
0x000012b4,0x00060041,0x0000001a,0x000012b6,
0x00000fc8,0x0000129d,0x000000ef,0x0004003d,
0x00000019,0x000012b7,0x000012b6,0x00050084,
0x00000019,0x000014ea,0x000012b5,0x000014d1,
0x00050084,0x00000019,0x000014ed,0x000012b7,
0x00002f34,0x00050080,0x00000019,0x000014ee,
0x000014ea,0x000014ed,0x00050080,0x00000019,
0x000014ef,0x000014ee,0x0000017c,0x000500c3,
0x00000019,0x000014f0,0x000014ef,0x0000017e,
0x00060041,0x0000001a,0x000012bf,0x00000fc8,
0x0000129a,0x0000010e,0x0004003d,0x00000019,
0x000012c0,0x000012bf,0x00060041,0x0000001a,
0x000012c1,0x00000fc8,0x0000129d,0x0000010e,
0x0004003d,0x00000019,0x000012c2,0x000012c1,
0x00050082,0x00000019,0x000014f5,0x00000174,
0x00002f4e,0x00050084,0x00000019,0x000014f6,
0x000012c0,0x000014f5,0x00050084,0x00000019,
0x000014f9,0x000012c2,0x00002f4e,0x00050080,
0x00000019,0x000014fa,0x000014f6,0x000014f9,
0x00050080,0x00000019,0x000014fb,0x000014fa,
0x0000017c,0x000500c3,0x00000019,0x000014fc,
0x000014fb,0x0000017e,0x000200f9,0x000012f2,
0x000200f8,0x000012c5,0x00050084,0x00000019,
0x000012c7,0x0000122f,0x000000ef,0x00050080,
0x00000019,0x000012ca,0x000012c7,0x000000c4,
0x00060041,0x0000001a,0x000012cb,0x00000fc8,
0x000012c7,0x0000006a,0x0004003d,0x00000019,
0x000012cc,0x000012cb,0x00060041,0x0000001a,
0x000012cd,0x00000fc8,0x000012ca,0x0000006a,
0x0004003d,0x00000019,0x000012ce,0x000012cd,
0x00050082,0x00000019,0x00001501,0x00000174,
0x00002f4e,0x00050084,0x00000019,0x00001502,
0x000012cc,0x00001501,0x00050084,0x00000019,
0x00001505,0x000012ce,0x00002f4e,0x00050080,
0x00000019,0x00001506,0x00001502,0x00001505,
0x00050080,0x00000019,0x00001507,0x00001506,
0x0000017c,0x000500c3,0x00000019,0x00001508,
0x00001507,0x0000017e,0x00060041,0x0000001a,
0x000012d6,0x00000fc8,0x000012c7,0x000000c4,
0x0004003d,0x00000019,0x000012d7,0x000012d6,
0x00060041,0x0000001a,0x000012d8,0x00000fc8,
0x000012ca,0x000000c4,0x0004003d,0x00000019,
0x000012d9,0x000012d8,0x00050084,0x00000019,
0x0000150e,0x000012d7,0x00001501,0x00050084,
0x00000019,0x00001511,0x000012d9,0x00002f4e,
0x00050080,0x00000019,0x00001512,0x0000150e,
0x00001511,0x00050080,0x00000019,0x00001513,
0x00001512,0x0000017c,0x000500c3,0x00000019,
0x00001514,0x00001513,0x0000017e,0x00060041,
0x0000001a,0x000012e1,0x00000fc8,0x000012c7,
0x000000ef,0x0004003d,0x00000019,0x000012e2,
0x000012e1,0x00060041,0x0000001a,0x000012e3,
0x00000fc8,0x000012ca,0x000000ef,0x0004003d,
0x00000019,0x000012e4,0x000012e3,0x00050084,
0x00000019,0x0000151a,0x000012e2,0x00001501,
0x00050084,0x00000019,0x0000151d,0x000012e4,
0x00002f4e,0x00050080,0x00000019,0x0000151e,
0x0000151a,0x0000151d,0x00050080,0x00000019,
0x0000151f,0x0000151e,0x0000017c,0x000500c3,
0x00000019,0x00001520,0x0000151f,0x0000017e,
0x00060041,0x0000001a,0x000012ec,0x00000fc8,
0x000012c7,0x0000010e,0x0004003d,0x00000019,
0x000012ed,0x000012ec,0x00060041,0x0000001a,
0x000012ee,0x00000fc8,0x000012ca,0x0000010e,
0x0004003d,0x00000019,0x000012ef,0x000012ee,
0x00050082,0x00000019,0x00001525,0x00000174,
0x00002f34,0x00050084,0x00000019,0x00001526,
0x000012ed,0x00001525,0x00050084,0x00000019,
0x00001529,0x000012ef,0x00002f34,0x00050080,
0x00000019,0x0000152a,0x00001526,0x00001529,
0x00050080,0x00000019,0x0000152b,0x0000152a,
0x0000017c,0x000500c3,0x00000019,0x0000152c,
0x0000152b,0x0000017e,0x000200f9,0x000012f2,
0x000200f8,0x000012f2,0x000700f5,0x00000019,
0x00002f9a,0x000014d8,0x00001298,0x00001508,
0x000012c5,0x000700f5,0x00000019,0x00002f98,
0x000014e4,0x00001298,0x00001514,0x000012c5,
0x000700f5,0x00000019,0x00002f96,0x000014f0,
0x00001298,0x00001520,0x000012c5,0x000700f5,
0x00000019,0x00002f94,0x000014fc,0x00001298,
0x0000152c,0x000012c5,0x000200f9,0x000012f3,
0x000200f8,0x000012f3,0x000700f5,0x00000006,
0x0000318c,0x00002f3f,0x0000124d,0x000014cb,
0x000012f2,0x000700f5,0x00000019,0x00002f99,
0x00001486,0x0000124d,0x00002f9a,0x000012f2,
0x000700f5,0x00000019,0x00002f97,0x00001492,
0x0000124d,0x00002f98,0x000012f2,0x000700f5,
0x00000019,0x00002f95,0x0000149e,0x0000124d,
0x00002f96,0x000012f2,0x000700f5,0x00000019,
0x00002f93,0x000014aa,0x0000124d,0x00002f94,
0x000012f2,0x000500aa,0x000000d0,0x000012f5,
0x00002f7d,0x000000c4,0x000300f7,0x0000130a,
0x00000000,0x000400fa,0x000012f5,0x000012f6,
0x000012fa,0x000200f8,0x000012f6,0x000200f9,
0x0000130a,0x000200f8,0x000012fa,0x000500aa,
0x000000d0,0x000012fc,0x00002f7d,0x000000ef,
0x000300f7,0x00001309,0x00000000,0x000400fa,
0x000012fc,0x000012fd,0x00001301,0x000200f8,
0x000012fd,0x000200f9,0x00001309,0x000200f8,
0x00001301,0x000500aa,0x000000d0,0x00001303,
0x00002f7d,0x0000010e,0x000600a9,0x00000019,
0x000031c6,0x00001303,0x00002f95,0x00002f93,
0x000600a9,0x00000019,0x000031c7,0x00001303,
0x00002f93,0x00002f95,0x000200f9,0x00001309,
0x000200f8,0x00001309,0x000700f5,0x00000019,
0x00002fb5,0x00002f97,0x000012fd,0x000031c6,
0x00001301,0x000700f5,0x00000019,0x00002fb2,
0x00002f95,0x000012fd,0x000031c7,0x00001301,
0x000600a9,0x00000019,0x000031c8,0x000012fc,
0x00002f93,0x00002f97,0x000200f9,0x0000130a,
0x000200f8,0x0000130a,0x000700f5,0x00000019,
0x00002fb4,0x00002f99,0x000012f6,0x00002fb5,
0x00001309,0x000700f5,0x00000019,0x00002fb1,
0x00002f95,0x000012f6,0x00002fb2,0x00001309,
0x000700f5,0x00000019,0x00002fae,0x00002f97,
0x000012f6,0x000031c8,0x00001309,0x000600a9,
0x00000019,0x000031c9,0x000012f5,0x00002f93,
0x00002f99,0x0004007c,0x00000006,0x00001310,
0x000031c9,0x0004007c,0x00000006,0x00001312,
0x00002fae,0x000500c4,0x00000006,0x00001313,
0x00001312,0x00000031,0x000500c5,0x00000006,
0x00001314,0x00001310,0x00001313,0x0004007c,
0x00000006,0x00001316,0x00002fb1,0x000500c4,
0x00000006,0x00001317,0x00001316,0x00000049,
0x000500c5,0x00000006,0x00001318,0x00001314,
0x00001317,0x0004007c,0x00000006,0x0000131a,
0x00002fb4,0x000500c4,0x00000006,0x0000131b,
0x0000131a,0x00000512,0x000500c5,0x00000006,
0x0000131c,0x00001318,0x0000131b,0x00050041,
0x00000007,0x0000131d,0x0000004c,0x00001233,
0x0003003e,0x0000131d,0x0000131c,0x000200f9,
0x0000131e,0x000200f8,0x0000131e,0x00050080,
0x00000019,0x00001320,0x00002ef8,0x000000c4,
0x000200f9,0x00001204,0x000200f8,0x00001321,
0x000200f9,0x00001322,0x000200f8,0x00001322,
0x00050080,0x00000019,0x00001324,0x00002ef7,
0x000000c4,0x000200f9,0x000011ff,0x000200f8,
0x00001325,0x000200f9,0x00001326,0x000200f8,
0x00001326,0x000200f9,0x00000ed0,0x000200f8,
0x00000ed0,0x000200f9,0x00000ed1,0x000200f8,
0x00000ed1,0x000700f5,0x00000006,0x00002fe9,
0x00000138,0x00000ed0,0x00000ef2,0x00000ef0,
0x000500b0,0x000000d0,0x00000ed4,0x00002fe9,
0x000000aa,0x000400f6,0x00000ef3,0x00000ef0,
0x00000000,0x000400fa,0x00000ed4,0x00000ed5,
0x00000ef3,0x000200f8,0x00000ed5,0x000200f9,
0x00000ed6,0x000200f8,0x00000ed6,0x000700f5,
0x00000006,0x00002fea,0x00000138,0x00000ed5,
0x00000eee,0x00000eda,0x000500b0,0x000000d0,
0x00000ed9,0x00002fea,0x000000aa,0x000400f6,
0x00000eef,0x00000eda,0x00000000,0x000400fa,
0x00000ed9,0x00000eda,0x00000eef,0x000200f8,
0x00000eda,0x00050084,0x00000006,0x00000edc,
0x00002d87,0x000000aa,0x00050080,0x00000006,
0x00000ede,0x00000edc,0x00002fe9,0x00050084,
0x00000006,0x00000edf,0x00000ede,0x00000031,
0x00050084,0x00000006,0x00000ee1,0x00002eaa,
0x000000aa,0x00050080,0x00000006,0x00000ee3,
0x00000ee1,0x00002fea,0x00050080,0x00000006,
0x00000ee4,0x00000edf,0x00000ee3,0x00050084,
0x00000006,0x00000ee6,0x00002fe9,0x000000aa,
0x00050080,0x00000006,0x00000ee8,0x00000ee6,
0x00002fea,0x00050041,0x00000007,0x00000ee9,
0x0000004c,0x00000ee8,0x0004003d,0x00000006,
0x00000eea,0x00000ee9,0x00050041,0x00000007,
0x00000eeb,0x0000005b,0x00000ee4,0x0003003e,
0x00000eeb,0x00000eea,0x00050080,0x00000006,
0x00000eee,0x00002fea,0x000000c4,0x000200f9,
0x00000ed6,0x000200f8,0x00000eef,0x000200f9,
0x00000ef0,0x000200f8,0x00000ef0,0x00050080,
0x00000006,0x00000ef2,0x00002fe9,0x000000c4,
0x000200f9,0x00000ed1,0x000200f8,0x00000ef3,
0x000200f9,0x00000e2f,0x000200f8,0x00000e2f,
0x00050080,0x00000006,0x00000e56,0x00002eaa,
0x000000c4,0x000200f9,0x00000e2c,0x000200f8,
0x00000e2e,0x000200f9,0x00000e27,0x000200f8,
0x00000e27,0x00050080,0x00000006,0x00000e58,
0x00002d87,0x000000c4,0x000200f9,0x00000e24,
0x000200f8,0x00000e26,0x00050041,0x00000db7,
0x00000e59,0x00000db6,0x000001dd,0x0004003d,
0x00000006,0x00000e5a,0x00000e59,0x000500ab,
0x000000d0,0x00000e5b,0x00000e5a,0x00000138,
0x000300f7,0x00000e5d,0x00000000,0x000400fa,
0x00000e5b,0x00000e5c,0x00000e5f,0x000200f8,
0x00000e5c,0x00050041,0x00000007,0x0000159c,
0x0000052f,0x0000006a,0x0003003e,0x0000159c,
0x00000138,0x00050041,0x00000007,0x0000159d,
0x0000052f,0x000000c4,0x0003003e,0x0000159d,
0x00000138,0x00050041,0x00000007,0x0000159e,
0x0000052f,0x000000ef,0x0003003e,0x0000159e,
0x00000138,0x00050041,0x00000007,0x0000159f,
0x0000052f,0x0000010e,0x0003003e,0x0000159f,
0x00000138,0x000200f9,0x0000174e,0x000200f8,
0x0000174e,0x000700f5,0x00000019,0x00002dcf,
0x0000006a,0x00000e5c,0x0000176b,0x00001769,
0x000500b1,0x000000d0,0x00001752,0x00002dcf,
0x000005f3,0x000400f6,0x0000176c,0x00001769,
0x00000000,0x000400fa,0x00001752,0x00001753,
0x0000176c,0x000200f8,0x00001753,0x0004007c,
0x00000006,0x00001756,0x00002dcf,0x000500c4,
0x00000006,0x00001757,0x00000071,0x00001756,
0x000500c7,0x00000006,0x00001758,0x00000833,
0x00001757,0x000500ab,0x000000d0,0x00001759,
0x00001758,0x00000138,0x000300f7,0x00001768,
0x00000000,0x000400fa,0x00001759,0x0000175a,
0x00001768,0x000200f8,0x0000175a,0x000500c3,
0x00000019,0x0000175f,0x00002dcf,0x000001dd,
0x000500c7,0x00000019,0x00001761,0x00002dcf,
0x00000533,0x0004007c,0x00000006,0x00001762,
0x00001761,0x000500c4,0x00000006,0x00001763,
0x00000071,0x00001762,0x00050041,0x00000007,
0x00001764,0x0000052f,0x0000175f,0x0004003d,
0x00000006,0x00001765,0x00001764,0x000500c5,
0x00000006,0x00001766,0x00001765,0x00001763,
0x0003003e,0x00001764,0x00001766,0x000200f9,
0x00001768,0x000200f8,0x00001768,0x000200f9,
0x00001769,0x000200f8,0x00001769,0x00050080,
0x00000019,0x0000176b,0x00002dcf,0x000000c4,
0x000200f9,0x0000174e,0x000200f8,0x0000176c,
0x000200f9,0x00001770,0x000200f8,0x00001770,
0x000700f5,0x00000019,0x00002dd0,0x0000006a,
0x0000176c,0x0000178d,0x0000178b,0x000500b1,
0x000000d0,0x00001774,0x00002dd0,0x000001da,
0x000400f6,0x0000178e,0x0000178b,0x00000000,
0x000400fa,0x00001774,0x00001775,0x0000178e,
0x000200f8,0x00001775,0x0004007c,0x00000006,
0x00001778,0x00002dd0,0x000500c4,0x00000006,
0x00001779,0x00000071,0x00001778,0x000500c7,
0x00000006,0x0000177a,0x000006a4,0x00001779,
0x000500ab,0x000000d0,0x0000177b,0x0000177a,
0x00000138,0x000300f7,0x0000178a,0x00000000,
0x000400fa,0x0000177b,0x0000177c,0x0000178a,
0x000200f8,0x0000177c,0x00050080,0x00000019,
0x0000177f,0x00000400,0x00002dd0,0x000500c3,
0x00000019,0x00001781,0x0000177f,0x000001dd,
0x000500c7,0x00000019,0x00001783,0x0000177f,
0x00000533,0x0004007c,0x00000006,0x00001784,
0x00001783,0x000500c4,0x00000006,0x00001785,
0x00000071,0x00001784,0x00050041,0x00000007,
0x00001786,0x0000052f,0x00001781,0x0004003d,
0x00000006,0x00001787,0x00001786,0x000500c5,
0x00000006,0x00001788,0x00001787,0x00001785,
0x0003003e,0x00001786,0x00001788,0x000200f9,
0x0000178a,0x000200f8,0x0000178a,0x000200f9,
0x0000178b,0x000200f8,0x0000178b,0x00050080,
0x00000019,0x0000178d,0x00002dd0,0x000000c4,
0x000200f9,0x00001770,0x000200f8,0x0000178e,
0x000200f9,0x000015a2,0x000200f8,0x000015a2,
0x000700f5,0x00000019,0x00002dd3,0x0000006a,
0x0000178e,0x000030ec,0x000015d3,0x000700f5,
0x00000019,0x00002dd2,0x0000006a,0x0000178e,
0x000030e9,0x000015d3,0x000700f5,0x00000019,
0x00002dd1,0x0000006a,0x0000178e,0x000015a8,
0x000015d3,0x000700f5,0x00000019,0x00002ea4,
0x00000560,0x0000178e,0x00002ea3,0x000015d3,
0x000500b1,0x000000d0,0x000015a5,0x00002dd1,
0x00000174,0x000400f6,0x000015d6,0x000015d3,
0x00000000,0x000400fa,0x000015a5,0x000015a6,
0x000015d6,0x000200f8,0x000015a6,0x00050080,
0x00000019,0x000015a8,0x00002dd1,0x000000c4,
0x000200f9,0x000015a9,0x000200f8,0x000015a9,
0x000700f5,0x00000019,0x00002ea3,0x00002ea4,
0x000015a6,0x000031ca,0x000015cf,0x000700f5,
0x00000019,0x00002e9e,0x000015a8,0x000015a6,
0x000015d1,0x000015cf,0x000700f5,0x00000019,
0x000030ec,0x00002dd3,0x000015a6,0x000031cb,
0x000015cf,0x000700f5,0x00000019,0x000030e9,
0x00002dd2,0x000015a6,0x000031cc,0x000015cf,
0x000500b1,0x000000d0,0x000015ac,0x00002e9e,
0x00000174,0x000400f6,0x000015d2,0x000015cf,
0x00000000,0x000400fa,0x000015ac,0x000015ad,
0x000015d2,0x000200f8,0x000015ad,0x000200f9,
0x000015ae,0x000200f8,0x000015ae,0x000700f5,
0x00000019,0x00002ea1,0x0000006a,0x000015ad,
0x000015c2,0x000015b2,0x000700f5,0x00000006,
0x00002ea0,0x00000138,0x000015ad,0x000015c5,
0x000015b2,0x000500b0,0x000000d0,0x000015b1,
0x00002ea0,0x00000147,0x000400f6,0x000015c6,
0x000015b2,0x00000000,0x000400fa,0x000015b1,
0x000015b2,0x000015c6,0x000200f8,0x000015b2,
0x0004007c,0x00000006,0x000015b4,0x00002dd1,
0x00050041,0x00000007,0x00001792,0x0000005b,
0x000015b4,0x0004003d,0x00000006,0x00001793,
0x00001792,0x00050084,0x00000006,0x00001795,
0x00002ea0,0x00000031,0x000500c2,0x00000006,
0x00001796,0x00001793,0x00001795,0x000500c7,
0x00000006,0x00001797,0x00001796,0x00000054,
0x0004007c,0x00000019,0x000015b7,0x00001797,
0x0004007c,0x00000006,0x000015b9,0x00002e9e,
0x00050041,0x00000007,0x0000179b,0x0000005b,
0x000015b9,0x0004003d,0x00000006,0x0000179c,
0x0000179b,0x000500c2,0x00000006,0x0000179f,
0x0000179c,0x00001795,0x000500c7,0x00000006,
0x000017a0,0x0000179f,0x00000054,0x0004007c,
0x00000019,0x000015bc,0x000017a0,0x00050082,
0x00000019,0x000015bd,0x000015b7,0x000015bc,
0x00050084,0x00000019,0x000015c0,0x000015bd,
0x000015bd,0x00050080,0x00000019,0x000015c2,
0x00002ea1,0x000015c0,0x00050080,0x00000006,
0x000015c5,0x00002ea0,0x000000c4,0x000200f9,
0x000015ae,0x000200f8,0x000015c6,0x000500ad,
0x000000d0,0x000015c9,0x00002ea1,0x00002ea3,
0x000600a9,0x00000019,0x000031ca,0x000015c9,
0x00002ea1,0x00002ea3,0x000600a9,0x00000019,
0x000031cb,0x000015c9,0x00002e9e,0x000030ec,
0x000600a9,0x00000019,0x000031cc,0x000015c9,
0x00002dd1,0x000030e9,0x000200f9,0x000015cf,
0x000200f8,0x000015cf,0x00050080,0x00000019,
0x000015d1,0x00002e9e,0x000000c4,0x000200f9,
0x000015a9,0x000200f8,0x000015d2,0x000200f9,
0x000015d3,0x000200f8,0x000015d3,0x000200f9,
0x000015a2,0x000200f8,0x000015d6,0x0004007c,
0x00000006,0x000015d8,0x00002dd2,0x00050041,
0x00000007,0x000017a4,0x0000005b,0x000015d8,
0x0004003d,0x00000006,0x000017a5,0x000017a4,
0x000500c2,0x00000006,0x000017a8,0x000017a5,
0x00000138,0x000500c7,0x00000006,0x000017a9,
0x000017a8,0x00000054,0x0004003d,0x00000006,
0x000017ae,0x000017a4,0x000500c2,0x00000006,
0x000017b1,0x000017ae,0x00000031,0x000500c7,
0x00000006,0x000017b2,0x000017b1,0x00000054,
0x00050080,0x00000006,0x000015dd,0x000017a9,
0x000017b2,0x0004003d,0x00000006,0x000017b7,
0x000017a4,0x000500c2,0x00000006,0x000017ba,
0x000017b7,0x00000049,0x000500c7,0x00000006,
0x000017bb,0x000017ba,0x00000054,0x00050080,
0x00000006,0x000015e1,0x000015dd,0x000017bb,
0x0004007c,0x00000019,0x000015e2,0x000015e1,
0x0004007c,0x00000006,0x000015e4,0x00002dd3,
0x00050041,0x00000007,0x000017bf,0x0000005b,
0x000015e4,0x0004003d,0x00000006,0x000017c0,
0x000017bf,0x000500c2,0x00000006,0x000017c3,
0x000017c0,0x00000138,0x000500c7,0x00000006,
0x000017c4,0x000017c3,0x00000054,0x0004003d,
0x00000006,0x000017c9,0x000017bf,0x000500c2,
0x00000006,0x000017cc,0x000017c9,0x00000031,
0x000500c7,0x00000006,0x000017cd,0x000017cc,
0x00000054,0x00050080,0x00000006,0x000015e9,
0x000017c4,0x000017cd,0x0004003d,0x00000006,
0x000017d2,0x000017bf,0x000500c2,0x00000006,
0x000017d5,0x000017d2,0x00000049,0x000500c7,
0x00000006,0x000017d6,0x000017d5,0x00000054,
0x00050080,0x00000006,0x000015ed,0x000015e9,
0x000017d6,0x0004007c,0x00000019,0x000015ee,
0x000015ed,0x000500af,0x000000d0,0x000015f1,
0x000015ee,0x000015e2,0x000600a9,0x00000019,
0x000015f4,0x000015f1,0x00002dd2,0x00002dd3,
0x000600a9,0x00000019,0x000015fa,0x000015f1,
0x00002dd3,0x00002dd2,0x000200f9,0x000015fb,
0x000200f8,0x000015fb,0x000700f5,0x00000019,
0x00002dd6,0x0000006a,0x000015d6,0x000031ce,
0x000015ff,0x000700f5,0x00000019,0x00002dd5,
0x00000315,0x000015d6,0x000031cd,0x000015ff,
0x000700f5,0x00000019,0x00002dd4,0x0000006a,
0x000015d6,0x00001612,0x000015ff,0x000500b1,
0x000000d0,0x000015fe,0x00002dd4,0x00000174,
0x000400f6,0x00001613,0x000015ff,0x00000000,
0x000400fa,0x000015fe,0x000015ff,0x00001613,
0x000200f8,0x000015ff,0x0004007c,0x00000006,
0x00001601,0x00002dd4,0x00050041,0x00000007,
0x000017da,0x0000005b,0x00001601,0x0004003d,
0x00000006,0x000017db,0x000017da,0x000500c2,
0x00000006,0x000017de,0x000017db,0x00000512,
0x000500c7,0x00000006,0x000017df,0x000017de,
0x00000054,0x0004007c,0x00000019,0x00001603,
0x000017df,0x000500b1,0x000000d0,0x00001606,
0x00001603,0x00002dd5,0x000600a9,0x00000019,
0x000031cd,0x00001606,0x00001603,0x00002dd5,
0x000500ad,0x000000d0,0x0000160c,0x00001603,
0x00002dd6,0x000600a9,0x00000019,0x000031ce,
0x0000160c,0x00001603,0x00002dd6,0x00050080,
0x00000019,0x00001612,0x00002dd4,0x000000c4,
0x000200f9,0x000015fb,0x000200f8,0x00001613,
0x0004007c,0x00000006,0x00001615,0x000015f4,
0x00050041,0x00000007,0x000017e3,0x0000005b,
0x00001615,0x0004003d,0x00000006,0x000017e4,
0x000017e3,0x000500c2,0x00000006,0x000017e7,
0x000017e4,0x00000138,0x000500c7,0x00000006,
0x000017e8,0x000017e7,0x00000054,0x0004007c,
0x00000019,0x00001617,0x000017e8,0x0004003d,
0x00000006,0x000017ed,0x000017e3,0x000500c2,
0x00000006,0x000017f0,0x000017ed,0x00000031,
0x000500c7,0x00000006,0x000017f1,0x000017f0,
0x00000054,0x0004007c,0x00000019,0x0000161b,
0x000017f1,0x0004003d,0x00000006,0x000017f6,
0x000017e3,0x000500c2,0x00000006,0x000017f9,
0x000017f6,0x00000049,0x000500c7,0x00000006,
0x000017fa,0x000017f9,0x00000054,0x0004007c,
0x00000019,0x0000161f,0x000017fa,0x00070050,
0x000001fd,0x00001621,0x00001617,0x0000161b,
0x0000161f,0x00002dd5,0x0003003e,0x00001555,
0x00001621,0x0004007c,0x00000006,0x00001623,
0x000015fa,0x00050041,0x00000007,0x000017fe,
0x0000005b,0x00001623,0x0004003d,0x00000006,
0x000017ff,0x000017fe,0x000500c2,0x00000006,
0x00001802,0x000017ff,0x00000138,0x000500c7,
0x00000006,0x00001803,0x00001802,0x00000054,
0x0004007c,0x00000019,0x00001625,0x00001803,
0x0004003d,0x00000006,0x00001808,0x000017fe,
0x000500c2,0x00000006,0x0000180b,0x00001808,
0x00000031,0x000500c7,0x00000006,0x0000180c,
0x0000180b,0x00000054,0x0004007c,0x00000019,
0x00001629,0x0000180c,0x0004003d,0x00000006,
0x00001811,0x000017fe,0x000500c2,0x00000006,
0x00001814,0x00001811,0x00000049,0x000500c7,
0x00000006,0x00001815,0x00001814,0x00000054,
0x0004007c,0x00000019,0x0000162d,0x00001815,
0x00070050,0x000001fd,0x0000162f,0x00001625,
0x00001629,0x0000162d,0x00002dd6,0x0003003e,
0x0000155c,0x0000162f,0x00050041,0x0000001a,
0x00001630,0x00001555,0x0000006a,0x0004003d,
0x00000019,0x00001631,0x00001630,0x000500b1,
0x000000d0,0x0000181a,0x00001631,0x0000006a,
0x000600a9,0x00000019,0x000031cf,0x0000181a,
0x0000006a,0x00001631,0x000500ad,0x000000d0,
0x0000181e,0x000031cf,0x00000315,0x000600a9,
0x00000019,0x000031d0,0x0000181e,0x00000315,
0x000031cf,0x0003003e,0x00001816,0x00000826,
0x00050041,0x00000007,0x00001822,0x00001816,
0x000031d0,0x0004003d,0x00000006,0x00001823,
0x00001822,0x0004007c,0x00000019,0x00001824,
0x00001823,0x00050041,0x0000001a,0x00001633,
0x0000155c,0x0000006a,0x0004003d,0x00000019,
0x00001634,0x00001633,0x000500b1,0x000000d0,
0x00001829,0x00001634,0x0000006a,0x000600a9,
0x00000019,0x000031d1,0x00001829,0x0000006a,
0x00001634,0x000500ad,0x000000d0,0x0000182d,
0x000031d1,0x00000315,0x000600a9,0x00000019,
0x000031d2,0x0000182d,0x00000315,0x000031d1,
0x0003003e,0x00001825,0x00000826,0x00050041,
0x00000007,0x00001831,0x00001825,0x000031d2,
0x0004003d,0x00000006,0x00001832,0x00001831,
0x0004007c,0x00000019,0x00001833,0x00001832,
0x00050041,0x0000001a,0x00001636,0x00001555,
0x000000c4,0x0004003d,0x00000019,0x00001637,
0x00001636,0x000500b1,0x000000d0,0x00001838,
0x00001637,0x0000006a,0x000600a9,0x00000019,
0x000031d3,0x00001838,0x0000006a,0x00001637,
0x000500ad,0x000000d0,0x0000183c,0x000031d3,
0x00000315,0x000600a9,0x00000019,0x000031d4,
0x0000183c,0x00000315,0x000031d3,0x0003003e,
0x00001834,0x00000826,0x00050041,0x00000007,
0x00001840,0x00001834,0x000031d4,0x0004003d,
0x00000006,0x00001841,0x00001840,0x0004007c,
0x00000019,0x00001842,0x00001841,0x00050041,
0x0000001a,0x00001639,0x0000155c,0x000000c4,
0x0004003d,0x00000019,0x0000163a,0x00001639,
0x000500b1,0x000000d0,0x00001847,0x0000163a,
0x0000006a,0x000600a9,0x00000019,0x000031d5,
0x00001847,0x0000006a,0x0000163a,0x000500ad,
0x000000d0,0x0000184b,0x000031d5,0x00000315,
0x000600a9,0x00000019,0x000031d6,0x0000184b,
0x00000315,0x000031d5,0x0003003e,0x00001843,
0x00000826,0x00050041,0x00000007,0x0000184f,
0x00001843,0x000031d6,0x0004003d,0x00000006,
0x00001850,0x0000184f,0x0004007c,0x00000019,
0x00001851,0x00001850,0x00050041,0x0000001a,
0x0000163c,0x00001555,0x000000ef,0x0004003d,
0x00000019,0x0000163d,0x0000163c,0x000500b1,
0x000000d0,0x00001856,0x0000163d,0x0000006a,
0x000600a9,0x00000019,0x000031d7,0x00001856,
0x0000006a,0x0000163d,0x000500ad,0x000000d0,
0x0000185a,0x000031d7,0x00000315,0x000600a9,
0x00000019,0x000031d8,0x0000185a,0x00000315,
0x000031d7,0x0003003e,0x00001852,0x00000826,
0x00050041,0x00000007,0x0000185e,0x00001852,
0x000031d8,0x0004003d,0x00000006,0x0000185f,
0x0000185e,0x0004007c,0x00000019,0x00001860,
0x0000185f,0x00050041,0x0000001a,0x0000163f,
0x0000155c,0x000000ef,0x0004003d,0x00000019,
0x00001640,0x0000163f,0x000500b1,0x000000d0,
0x00001865,0x00001640,0x0000006a,0x000600a9,
0x00000019,0x000031d9,0x00001865,0x0000006a,
0x00001640,0x000500ad,0x000000d0,0x00001869,
0x000031d9,0x00000315,0x000600a9,0x00000019,
0x000031da,0x00001869,0x00000315,0x000031d9,
0x0003003e,0x00001861,0x00000826,0x00050041,
0x00000007,0x0000186d,0x00001861,0x000031da,
0x0004003d,0x00000006,0x0000186e,0x0000186d,
0x0004007c,0x00000019,0x0000186f,0x0000186e,
0x00050041,0x0000001a,0x00001642,0x00001555,
0x0000010e,0x0004003d,0x00000019,0x00001643,
0x00001642,0x000500b1,0x000000d0,0x00001874,
0x00001643,0x0000006a,0x000600a9,0x00000019,
0x000031db,0x00001874,0x0000006a,0x00001643,
0x000500ad,0x000000d0,0x00001878,0x000031db,
0x00000315,0x000600a9,0x00000019,0x000031dc,
0x00001878,0x00000315,0x000031db,0x0003003e,
0x00001870,0x00000826,0x00050041,0x00000007,
0x0000187c,0x00001870,0x000031dc,0x0004003d,
0x00000006,0x0000187d,0x0000187c,0x0004007c,
0x00000019,0x0000187e,0x0000187d,0x00050041,
0x0000001a,0x00001645,0x0000155c,0x0000010e,
0x0004003d,0x00000019,0x00001646,0x00001645,
0x000500b1,0x000000d0,0x00001883,0x00001646,
0x0000006a,0x000600a9,0x00000019,0x000031dd,
0x00001883,0x0000006a,0x00001646,0x000500ad,
0x000000d0,0x00001887,0x000031dd,0x00000315,
0x000600a9,0x00000019,0x000031de,0x00001887,
0x00000315,0x000031dd,0x0003003e,0x0000187f,
0x00000826,0x00050041,0x00000007,0x0000188b,
0x0000187f,0x000031de,0x0004003d,0x00000006,
0x0000188c,0x0000188b,0x0004007c,0x00000019,
0x0000188d,0x0000188c,0x000b0050,0x00000032,
0x00001648,0x00001824,0x00001833,0x00001842,
0x00001851,0x00001860,0x0000186f,0x0000187e,
0x0000188d,0x0003003e,0x00001563,0x00001648,
0x00050041,0x0000001a,0x00001649,0x00001563,
0x0000006a,0x0004003d,0x00000019,0x0000164a,
0x00001649,0x0003003e,0x0000156d,0x00000920,
0x00050041,0x00000007,0x0000164b,0x0000156d,
0x0000164a,0x0004003d,0x00000006,0x0000164c,
0x0000164b,0x0004007c,0x00000019,0x0000164d,
0x0000164c,0x00050041,0x0000001a,0x0000164e,
0x00001563,0x000000ef,0x0004003d,0x00000019,
0x0000164f,0x0000164e,0x0003003e,0x0000156e,
0x00000920,0x00050041,0x00000007,0x00001650,
0x0000156e,0x0000164f,0x0004003d,0x00000006,
0x00001651,0x00001650,0x0004007c,0x00000019,
0x00001652,0x00001651,0x00050080,0x00000019,
0x00001653,0x0000164d,0x00001652,0x00050041,
0x0000001a,0x00001654,0x00001563,0x000001da,
0x0004003d,0x00000019,0x00001655,0x00001654,
0x0003003e,0x0000156f,0x00000920,0x00050041,
0x00000007,0x00001656,0x0000156f,0x00001655,
0x0004003d,0x00000006,0x00001657,0x00001656,
0x0004007c,0x00000019,0x00001658,0x00001657,
0x00050080,0x00000019,0x00001659,0x00001653,
0x00001658,0x00050041,0x0000001a,0x0000165a,
0x00001563,0x000000c4,0x0004003d,0x00000019,
0x0000165b,0x0000165a,0x0003003e,0x00001571,
0x00000920,0x00050041,0x00000007,0x0000165c,
0x00001571,0x0000165b,0x0004003d,0x00000006,
0x0000165d,0x0000165c,0x0004007c,0x00000019,
0x0000165e,0x0000165d,0x00050041,0x0000001a,
0x0000165f,0x00001563,0x0000010e,0x0004003d,
0x00000019,0x00001660,0x0000165f,0x0003003e,
0x00001572,0x00000920,0x00050041,0x00000007,
0x00001661,0x00001572,0x00001660,0x0004003d,
0x00000006,0x00001662,0x00001661,0x0004007c,
0x00000019,0x00001663,0x00001662,0x00050080,
0x00000019,0x00001664,0x0000165e,0x00001663,
0x00050041,0x0000001a,0x00001665,0x00001563,
0x000001dd,0x0004003d,0x00000019,0x00001666,
0x00001665,0x0003003e,0x00001573,0x00000920,
0x00050041,0x00000007,0x00001667,0x00001573,
0x00001666,0x0004003d,0x00000006,0x00001668,
0x00001667,0x0004007c,0x00000019,0x00001669,
0x00001668,0x00050080,0x00000019,0x0000166a,
0x00001664,0x00001669,0x000500b1,0x000000d0,
0x0000166d,0x0000166a,0x00001659,0x000600a9,
0x00000019,0x0000166e,0x0000166d,0x000000c4,
0x0000006a,0x000500ab,0x000000d0,0x00001670,
0x0000166e,0x0000006a,0x000300f7,0x00001688,
0x00000000,0x000400fa,0x00001670,0x00001671,
0x00001688,0x000200f8,0x00001671,0x000200f9,
0x00001672,0x000200f8,0x00001672,0x000700f5,
0x00000019,0x00002de7,0x0000006a,0x00001671,
0x00001686,0x00001676,0x000500b1,0x000000d0,
0x00001675,0x00002de7,0x0000019a,0x000400f6,
0x00001687,0x00001676,0x00000000,0x000400fa,
0x00001675,0x00001676,0x00001687,0x000200f8,
0x00001676,0x00050041,0x0000001a,0x00001678,
0x00001563,0x00002de7,0x0004003d,0x00000019,
0x00001679,0x00001678,0x00050080,0x00000019,
0x0000167c,0x00002de7,0x000000c4,0x00050041,
0x0000001a,0x0000167d,0x00001563,0x0000167c,
0x0004003d,0x00000019,0x0000167e,0x0000167d,
0x0003003e,0x00001678,0x0000167e,0x0003003e,
0x0000167d,0x00001679,0x00050080,0x00000019,
0x00001686,0x00002de7,0x000000ef,0x000200f9,
0x00001672,0x000200f8,0x00001687,0x000200f9,
0x00001688,0x000200f8,0x00001688,0x0004003d,
0x00000032,0x00001689,0x00001563,0x0003003e,
0x00001577,0x00001689,0x00050041,0x0000001a,
0x000018a8,0x00001577,0x0000006a,0x0004003d,
0x00000019,0x000018a9,0x000018a8,0x000500c3,
0x00000019,0x000018aa,0x000018a9,0x000001da,
0x00050041,0x0000001a,0x000018ab,0x00001577,
0x000000c4,0x0004003d,0x00000019,0x000018ac,
0x000018ab,0x000500c3,0x00000019,0x000018ad,
0x000018ac,0x000001da,0x00050084,0x00000019,
0x000018ae,0x0000010e,0x000018ad,0x00050080,
0x00000019,0x000018af,0x000018aa,0x000018ae,
0x00050041,0x0000001a,0x000018b0,0x00001577,
0x000000ef,0x0004003d,0x00000019,0x000018b1,
0x000018b0,0x000500c3,0x00000019,0x000018b2,
0x000018b1,0x000001da,0x00050084,0x00000019,
0x000018b3,0x000003f4,0x000018b2,0x00050080,
0x00000019,0x000018b4,0x000018af,0x000018b3,
0x00050041,0x0000001a,0x000018b5,0x00001577,
0x0000010e,0x0004003d,0x00000019,0x000018b6,
0x000018b5,0x000500c3,0x00000019,0x000018b7,
0x000018b6,0x000001da,0x00050084,0x00000019,
0x000018b8,0x000003f6,0x000018b7,0x00050080,
0x00000019,0x000018b9,0x000018b4,0x000018b8,
0x00050041,0x0000001a,0x000018ba,0x00001577,
0x000001da,0x0004003d,0x00000019,0x000018bb,
0x000018ba,0x000500c3,0x00000019,0x000018bc,
0x000018bb,0x000001da,0x00050084,0x00000019,
0x000018bd,0x00000787,0x000018bc,0x00050080,
0x00000019,0x000018be,0x000018b9,0x000018bd,
0x0003003e,0x00001890,0x00000774,0x00050041,
0x00000007,0x000018bf,0x00001890,0x000018be,
0x0004003d,0x00000006,0x000018c0,0x000018bf,
0x0004007c,0x00000019,0x000018c1,0x000018c0,
0x000200f9,0x000018c2,0x000200f8,0x000018c2,
0x000700f5,0x00000019,0x00002de8,0x0000006a,
0x00001688,0x000018d4,0x000018d2,0x000500b1,
0x000000d0,0x000018c5,0x00002de8,0x000001dd,
0x000400f6,0x000018d5,0x000018d2,0x00000000,
0x000400fa,0x000018c5,0x000018c6,0x000018d5,
0x000200f8,0x000018c6,0x0003003e,0x00001892,
0x0000079e,0x00050041,0x0000001a,0x000018c9,
0x00001892,0x00002de8,0x0004003d,0x00000019,
0x000018ca,0x000018c9,0x00050080,0x00000019,
0x000018cb,0x00000401,0x000018ca,0x00050041,
0x0000001a,0x000018cd,0x00001577,0x00002de8,
0x0004003d,0x00000019,0x000018ce,0x000018cd,
0x000500c7,0x00000019,0x000018cf,0x000018ce,
0x000007a8,0x0004007c,0x00000006,0x000018d0,
0x000018cf,0x000200f9,0x0000192a,0x000200f8,
0x0000192a,0x000700f5,0x00000019,0x00002e98,
0x0000006a,0x000018c6,0x00001947,0x00001945,
0x000500b1,0x000000d0,0x0000192e,0x00002e98,
0x000001da,0x000400f6,0x00001948,0x00001945,
0x00000000,0x000400fa,0x0000192e,0x0000192f,
0x00001948,0x000200f8,0x0000192f,0x0004007c,
0x00000006,0x00001932,0x00002e98,0x000500c4,
0x00000006,0x00001933,0x00000071,0x00001932,
0x000500c7,0x00000006,0x00001934,0x000018d0,
0x00001933,0x000500ab,0x000000d0,0x00001935,
0x00001934,0x00000138,0x000300f7,0x00001944,
0x00000000,0x000400fa,0x00001935,0x00001936,
0x00001944,0x000200f8,0x00001936,0x00050080,
0x00000019,0x00001939,0x000018cb,0x00002e98,
0x000500c3,0x00000019,0x0000193b,0x00001939,
0x000001dd,0x000500c7,0x00000019,0x0000193d,
0x00001939,0x00000533,0x0004007c,0x00000006,
0x0000193e,0x0000193d,0x000500c4,0x00000006,
0x0000193f,0x00000071,0x0000193e,0x00050041,
0x00000007,0x00001940,0x0000052f,0x0000193b,
0x0004003d,0x00000006,0x00001941,0x00001940,
0x000500c5,0x00000006,0x00001942,0x00001941,
0x0000193f,0x0003003e,0x00001940,0x00001942,
0x000200f9,0x00001944,0x000200f8,0x00001944,
0x000200f9,0x00001945,0x000200f8,0x00001945,
0x00050080,0x00000019,0x00001947,0x00002e98,
0x000000c4,0x000200f9,0x0000192a,0x000200f8,
0x00001948,0x000200f9,0x000018d2,0x000200f8,
0x000018d2,0x00050080,0x00000019,0x000018d4,
0x00002de8,0x000000c4,0x000200f9,0x000018c2,
0x000200f8,0x000018d5,0x000200f9,0x000018d6,
0x000200f8,0x000018d6,0x000700f5,0x00000019,
0x00002de9,0x0000006a,0x000018d5,0x000018ea,
0x000018e8,0x000500b1,0x000000d0,0x000018d9,
0x00002de9,0x0000019a,0x000400f6,0x000018eb,
0x000018e8,0x00000000,0x000400fa,0x000018d9,
0x000018da,0x000018eb,0x000200f8,0x000018da,
0x000500c3,0x00000019,0x000018dd,0x000018c1,
0x00002de9,0x000500c7,0x00000019,0x000018de,
0x000018dd,0x000000c4,0x000500ab,0x000000d0,
0x000018df,0x000018de,0x0000006a,0x000300f7,
0x000018e7,0x00000000,0x000400fa,0x000018df,
0x000018e0,0x000018e7,0x000200f8,0x000018e0,
0x0003003e,0x00001897,0x000007c3,0x00050041,
0x0000001a,0x000018e3,0x00001897,0x00002de9,
0x0004003d,0x00000019,0x000018e4,0x000018e3,
0x00050080,0x00000019,0x000018e5,0x00000401,
0x000018e4,0x000200f9,0x0000194c,0x000200f8,
0x0000194c,0x000700f5,0x00000019,0x00002e94,
0x0000006a,0x000018e0,0x00001969,0x00001967,
0x000500b1,0x000000d0,0x00001950,0x00002e94,
0x000000c4,0x000400f6,0x0000196a,0x00001967,
0x00000000,0x000400fa,0x00001950,0x00001951,
0x0000196a,0x000200f8,0x00001951,0x0004007c,
0x00000006,0x00001954,0x00002e94,0x000500c4,
0x00000006,0x00001955,0x00000071,0x00001954,
0x000500c7,0x00000006,0x00001956,0x00000071,
0x00001955,0x000500ab,0x000000d0,0x00001957,
0x00001956,0x00000138,0x000300f7,0x00001966,
0x00000000,0x000400fa,0x00001957,0x00001958,
0x00001966,0x000200f8,0x00001958,0x00050080,
0x00000019,0x0000195b,0x000018e5,0x00002e94,
0x000500c3,0x00000019,0x0000195d,0x0000195b,
0x000001dd,0x000500c7,0x00000019,0x0000195f,
0x0000195b,0x00000533,0x0004007c,0x00000006,
0x00001960,0x0000195f,0x000500c4,0x00000006,
0x00001961,0x00000071,0x00001960,0x00050041,
0x00000007,0x00001962,0x0000052f,0x0000195d,
0x0004003d,0x00000006,0x00001963,0x00001962,
0x000500c5,0x00000006,0x00001964,0x00001963,
0x00001961,0x0003003e,0x00001962,0x00001964,
0x000200f9,0x00001966,0x000200f8,0x00001966,
0x000200f9,0x00001967,0x000200f8,0x00001967,
0x00050080,0x00000019,0x00001969,0x00002e94,
0x000000c4,0x000200f9,0x0000194c,0x000200f8,
0x0000196a,0x000200f9,0x000018e7,0x000200f8,
0x000018e7,0x000200f9,0x000018e8,0x000200f8,
0x000018e8,0x00050080,0x00000019,0x000018ea,
0x00002de9,0x000000c4,0x000200f9,0x000018d6,
0x000200f8,0x000018eb,0x00050041,0x0000001a,
0x000018ec,0x00001577,0x000001dd,0x0004003d,
0x00000019,0x000018ed,0x000018ec,0x000500c3,
0x00000019,0x000018ee,0x000018ed,0x000001da,
0x00050041,0x0000001a,0x000018ef,0x00001577,
0x0000017e,0x0004003d,0x00000019,0x000018f0,
0x000018ef,0x000500c3,0x00000019,0x000018f1,
0x000018f0,0x000001da,0x00050084,0x00000019,
0x000018f2,0x0000010e,0x000018f1,0x00050080,
0x00000019,0x000018f3,0x000018ee,0x000018f2,
0x00050041,0x0000001a,0x000018f4,0x00001577,
0x000001c5,0x0004003d,0x00000019,0x000018f5,
0x000018f4,0x000500c3,0x00000019,0x000018f6,
0x000018f5,0x000001da,0x00050084,0x00000019,
0x000018f7,0x000003f4,0x000018f6,0x00050080,
0x00000019,0x000018f8,0x000018f3,0x000018f7,
0x0003003e,0x0000189c,0x000007d2,0x00050041,
0x00000007,0x000018f9,0x0000189c,0x000018f8,
0x0004003d,0x00000006,0x000018fa,0x000018f9,
0x0004007c,0x00000019,0x000018fb,0x000018fa,
0x000200f9,0x000018fc,0x000200f8,0x000018fc,
0x000700f5,0x00000019,0x00002dea,0x0000006a,
0x000018eb,0x0000190f,0x0000190d,0x000500b1,
0x000000d0,0x000018ff,0x00002dea,0x0000010e,
0x000400f6,0x00001910,0x0000190d,0x00000000,
0x000400fa,0x000018ff,0x00001900,0x00001910,
0x000200f8,0x00001900,0x0003003e,0x0000189e,
0x0000079e,0x00050041,0x0000001a,0x00001903,
0x0000189e,0x00002dea,0x0004003d,0x00000019,
0x00001904,0x00001903,0x00050080,0x00000019,
0x00001905,0x000007cf,0x00001904,0x00050080,
0x00000019,0x00001907,0x000001dd,0x00002dea,
0x00050041,0x0000001a,0x00001908,0x00001577,
0x00001907,0x0004003d,0x00000019,0x00001909,
0x00001908,0x000500c7,0x00000019,0x0000190a,
0x00001909,0x000007a8,0x0004007c,0x00000006,
0x0000190b,0x0000190a,0x000200f9,0x0000196e,
0x000200f8,0x0000196e,0x000700f5,0x00000019,
0x00002e8f,0x0000006a,0x00001900,0x0000198b,
0x00001989,0x000500b1,0x000000d0,0x00001972,
0x00002e8f,0x000001da,0x000400f6,0x0000198c,
0x00001989,0x00000000,0x000400fa,0x00001972,
0x00001973,0x0000198c,0x000200f8,0x00001973,
0x0004007c,0x00000006,0x00001976,0x00002e8f,
0x000500c4,0x00000006,0x00001977,0x00000071,
0x00001976,0x000500c7,0x00000006,0x00001978,
0x0000190b,0x00001977,0x000500ab,0x000000d0,
0x00001979,0x00001978,0x00000138,0x000300f7,
0x00001988,0x00000000,0x000400fa,0x00001979,
0x0000197a,0x00001988,0x000200f8,0x0000197a,
0x00050080,0x00000019,0x0000197d,0x00001905,
0x00002e8f,0x000500c3,0x00000019,0x0000197f,
0x0000197d,0x000001dd,0x000500c7,0x00000019,
0x00001981,0x0000197d,0x00000533,0x0004007c,
0x00000006,0x00001982,0x00001981,0x000500c4,
0x00000006,0x00001983,0x00000071,0x00001982,
0x00050041,0x00000007,0x00001984,0x0000052f,
0x0000197f,0x0004003d,0x00000006,0x00001985,
0x00001984,0x000500c5,0x00000006,0x00001986,
0x00001985,0x00001983,0x0003003e,0x00001984,
0x00001986,0x000200f9,0x00001988,0x000200f8,
0x00001988,0x000200f9,0x00001989,0x000200f8,
0x00001989,0x00050080,0x00000019,0x0000198b,
0x00002e8f,0x000000c4,0x000200f9,0x0000196e,
0x000200f8,0x0000198c,0x000200f9,0x0000190d,
0x000200f8,0x0000190d,0x00050080,0x00000019,
0x0000190f,0x00002dea,0x000000c4,0x000200f9,
0x000018fc,0x000200f8,0x00001910,0x000200f9,
0x00001911,0x000200f8,0x00001911,0x000700f5,
0x00000019,0x00002deb,0x0000006a,0x00001910,
0x00001925,0x00001923,0x000500b1,0x000000d0,
0x00001914,0x00002deb,0x000001dd,0x000400f6,
0x00001926,0x00001923,0x00000000,0x000400fa,
0x00001914,0x00001915,0x00001926,0x000200f8,
0x00001915,0x000500c3,0x00000019,0x00001918,
0x000018fb,0x00002deb,0x000500c7,0x00000019,
0x00001919,0x00001918,0x000000c4,0x000500ab,
0x000000d0,0x0000191a,0x00001919,0x0000006a,
0x000300f7,0x00001922,0x00000000,0x000400fa,
0x0000191a,0x0000191b,0x00001922,0x000200f8,
0x0000191b,0x0003003e,0x000018a3,0x000007c3,
0x00050041,0x0000001a,0x0000191e,0x000018a3,
0x00002deb,0x0004003d,0x00000019,0x0000191f,
0x0000191e,0x00050080,0x00000019,0x00001920,
0x000007cf,0x0000191f,0x000200f9,0x00001990,
0x000200f8,0x00001990,0x000700f5,0x00000019,
0x00002e8b,0x0000006a,0x0000191b,0x000019ad,
0x000019ab,0x000500b1,0x000000d0,0x00001994,
0x00002e8b,0x000000c4,0x000400f6,0x000019ae,
0x000019ab,0x00000000,0x000400fa,0x00001994,
0x00001995,0x000019ae,0x000200f8,0x00001995,
0x0004007c,0x00000006,0x00001998,0x00002e8b,
0x000500c4,0x00000006,0x00001999,0x00000071,
0x00001998,0x000500c7,0x00000006,0x0000199a,
0x00000071,0x00001999,0x000500ab,0x000000d0,
0x0000199b,0x0000199a,0x00000138,0x000300f7,
0x000019aa,0x00000000,0x000400fa,0x0000199b,
0x0000199c,0x000019aa,0x000200f8,0x0000199c,
0x00050080,0x00000019,0x0000199f,0x00001920,
0x00002e8b,0x000500c3,0x00000019,0x000019a1,
0x0000199f,0x000001dd,0x000500c7,0x00000019,
0x000019a3,0x0000199f,0x00000533,0x0004007c,
0x00000006,0x000019a4,0x000019a3,0x000500c4,
0x00000006,0x000019a5,0x00000071,0x000019a4,
0x00050041,0x00000007,0x000019a6,0x0000052f,
0x000019a1,0x0004003d,0x00000006,0x000019a7,
0x000019a6,0x000500c5,0x00000006,0x000019a8,
0x000019a7,0x000019a5,0x0003003e,0x000019a6,
0x000019a8,0x000200f9,0x000019aa,0x000200f8,
0x000019aa,0x000200f9,0x000019ab,0x000200f8,
0x000019ab,0x00050080,0x00000019,0x000019ad,
0x00002e8b,0x000000c4,0x000200f9,0x00001990,
0x000200f8,0x000019ae,0x000200f9,0x00001922,
0x000200f8,0x00001922,0x000200f9,0x00001923,
0x000200f8,0x00001923,0x00050080,0x00000019,
0x00001925,0x00002deb,0x000000c4,0x000200f9,
0x00001911,0x000200f8,0x00001926,0x000200f9,
0x000019b2,0x000200f8,0x000019b2,0x000700f5,
0x00000019,0x00002dec,0x0000006a,0x00001926,
0x000019cf,0x000019cd,0x000500b1,0x000000d0,
0x000019b6,0x00002dec,0x000000ef,0x000400f6,
0x000019d0,0x000019cd,0x00000000,0x000400fa,
0x000019b6,0x000019b7,0x000019d0,0x000200f8,
0x000019b7,0x0004007c,0x00000006,0x000019ba,
0x00002dec,0x000500c4,0x00000006,0x000019bb,
0x00000071,0x000019ba,0x000500c7,0x00000006,
0x000019bc,0x00000147,0x000019bb,0x000500ab,
0x000000d0,0x000019bd,0x000019bc,0x00000138,
0x000300f7,0x000019cc,0x00000000,0x000400fa,
0x000019bd,0x000019be,0x000019cc,0x000200f8,
0x000019be,0x00050080,0x00000019,0x000019c1,
0x0000096f,0x00002dec,0x000500c3,0x00000019,
0x000019c3,0x000019c1,0x000001dd,0x000500c7,
0x00000019,0x000019c5,0x000019c1,0x00000533,
0x0004007c,0x00000006,0x000019c6,0x000019c5,
0x000500c4,0x00000006,0x000019c7,0x00000071,
0x000019c6,0x00050041,0x00000007,0x000019c8,
0x0000052f,0x000019c3,0x0004003d,0x00000006,
0x000019c9,0x000019c8,0x000500c5,0x00000006,
0x000019ca,0x000019c9,0x000019c7,0x0003003e,
0x000019c8,0x000019ca,0x000200f9,0x000019cc,
0x000200f8,0x000019cc,0x000200f9,0x000019cd,
0x000200f8,0x000019cd,0x00050080,0x00000019,
0x000019cf,0x00002dec,0x000000c4,0x000200f9,
0x000019b2,0x000200f8,0x000019d0,0x000200f9,
0x0000168c,0x000200f8,0x0000168c,0x000700f5,
0x00000019,0x00002e3f,0x0000006a,0x000019d0,
0x000016a2,0x00001690,0x000700f5,0x00000006,
0x00002ded,0x00000138,0x000019d0,0x000016a5,
0x00001690,0x000500b0,0x000000d0,0x0000168f,
0x00002ded,0x00000147,0x000400f6,0x000016a6,
0x00001690,0x00000000,0x000400fa,0x0000168f,
0x00001690,0x000016a6,0x000200f8,0x00001690,
0x00050041,0x0000001a,0x00001693,0x0000155c,
0x00002ded,0x0004003d,0x00000019,0x00001694,
0x00001693,0x00050041,0x0000001a,0x00001696,
0x00001555,0x00002ded,0x0004003d,0x00000019,
0x00001697,0x00001696,0x00050082,0x00000019,
0x00001698,0x00001694,0x00001697,0x00050041,
0x0000001a,0x00001699,0x0000157d,0x00002ded,
0x0003003e,0x00001699,0x00001698,0x0004003d,
0x00000019,0x0000169c,0x00001699,0x0004003d,
0x00000019,0x0000169f,0x00001699,0x00050084,
0x00000019,0x000016a0,0x0000169c,0x0000169f,
0x00050080,0x00000019,0x000016a2,0x00002e3f,
0x000016a0,0x00050080,0x00000006,0x000016a5,
0x00002ded,0x000000c4,0x000200f9,0x0000168c,
0x000200f8,0x000016a6,0x00050082,0x00000019,
0x000016a9,0x00002dd6,0x00002dd5,0x000200f9,
0x000016aa,0x000200f8,0x000016aa,0x000700f5,
0x00000019,0x00002e1e,0x0000006a,0x000016a6,
0x00001749,0x00001747,0x000500b1,0x000000d0,
0x000016ad,0x00002e1e,0x0000035b,0x000400f6,
0x0000174a,0x00001747,0x00000000,0x000400fa,
0x000016ad,0x000016ae,0x0000174a,0x000200f8,
0x000016ae,0x000200f9,0x000016af,0x000200f8,
0x000016af,0x000700f5,0x00000b07,0x00002e21,
0x00000b0a,0x000016ae,0x00001716,0x00001717,
0x000700f5,0x00000b07,0x00002e20,0x00000b0a,
0x000016ae,0x0000170b,0x00001717,0x000700f5,
0x00000019,0x00002e1f,0x0000006a,0x000016ae,
0x00001719,0x00001717,0x000500b1,0x000000d0,
0x000016b2,0x00002e1f,0x00000174,0x000400f6,
0x0000171a,0x00001717,0x00000000,0x000400fa,
0x000016b2,0x000016b3,0x0000171a,0x000200f8,
0x000016b3,0x000500aa,0x000000d0,0x000016b5,
0x00002e3f,0x0000006a,0x000300f7,0x000016df,
0x00000000,0x000400fa,0x000016b5,0x000016b6,
0x000016b7,0x000200f8,0x000016b6,0x000200f9,
0x000016df,0x000200f8,0x000016b7,0x000200f9,
0x000016b8,0x000200f8,0x000016b8,0x000700f5,
0x00000019,0x00002e4b,0x0000006a,0x000016b7,
0x000016cb,0x000016bc,0x000700f5,0x00000006,
0x00002e4a,0x00000138,0x000016b7,0x000016ce,
0x000016bc,0x000500b0,0x000000d0,0x000016bb,
0x00002e4a,0x00000147,0x000400f6,0x000016cf,
0x000016bc,0x00000000,0x000400fa,0x000016bb,
0x000016bc,0x000016cf,0x000200f8,0x000016bc,
0x0004007c,0x00000006,0x000016be,0x00002e1f,
0x00050041,0x00000007,0x000019d4,0x0000005b,
0x000016be,0x0004003d,0x00000006,0x000019d5,
0x000019d4,0x00050084,0x00000006,0x000019d7,
0x00002e4a,0x00000031,0x000500c2,0x00000006,
0x000019d8,0x000019d5,0x000019d7,0x000500c7,
0x00000006,0x000019d9,0x000019d8,0x00000054,
0x0004007c,0x00000019,0x000016c1,0x000019d9,
0x00050041,0x0000001a,0x000016c3,0x00001555,
0x00002e4a,0x0004003d,0x00000019,0x000016c4,
0x000016c3,0x00050082,0x00000019,0x000016c5,
0x000016c1,0x000016c4,0x00050041,0x0000001a,
0x000016c7,0x0000157d,0x00002e4a,0x0004003d,
0x00000019,0x000016c8,0x000016c7,0x00050084,
0x00000019,0x000016c9,0x000016c5,0x000016c8,
0x00050080,0x00000019,0x000016cb,0x00002e4b,
0x000016c9,0x00050080,0x00000006,0x000016ce,
0x00002e4a,0x000000c4,0x000200f9,0x000016b8,
0x000200f8,0x000016cf,0x0004006f,0x00000b07,
0x000016d1,0x00002e4b,0x0004006f,0x00000b07,
0x000016d3,0x00002e3f,0x00050088,0x00000b07,
0x000016d4,0x000016d1,0x000016d3,0x000500b8,
0x000000d0,0x000016d6,0x000016d4,0x00000b0a,
0x000600a9,0x00000b07,0x000031df,0x000016d6,
0x00000b0a,0x000016d4,0x000500ba,0x000000d0,
0x000016da,0x000031df,0x00000b40,0x000600a9,
0x00000b07,0x000031e0,0x000016da,0x00000b40,
0x000031df,0x00050085,0x00000b07,0x000016de,
0x000031e0,0x00000d38,0x000200f9,0x000016df,
0x000200f8,0x000016df,0x000700f5,0x00000b07,
0x00002e66,0x00000b0a,0x000016b6,0x000016de,
0x000016cf,0x000500aa,0x000000d0,0x000016e1,
0x000016a9,0x0000006a,0x000300f7,0x000016f8,
0x00000000,0x000400fa,0x000016e1,0x000016e2,
0x000016e3,0x000200f8,0x000016e2,0x000200f9,
0x000016f8,0x000200f8,0x000016e3,0x0004007c,
0x00000006,0x000016e5,0x00002e1f,0x00050041,
0x00000007,0x000019dd,0x0000005b,0x000016e5,
0x0004003d,0x00000006,0x000019de,0x000019dd,
0x000500c2,0x00000006,0x000019e1,0x000019de,
0x00000512,0x000500c7,0x00000006,0x000019e2,
0x000019e1,0x00000054,0x0004007c,0x00000019,
0x000016e7,0x000019e2,0x00050082,0x00000019,
0x000016e9,0x000016e7,0x00002dd5,0x0004006f,
0x00000b07,0x000016ea,0x000016e9,0x0004006f,
0x00000b07,0x000016ec,0x000016a9,0x00050088,
0x00000b07,0x000016ed,0x000016ea,0x000016ec,
0x000500b8,0x000000d0,0x000016ef,0x000016ed,
0x00000b0a,0x000600a9,0x00000b07,0x000031e1,
0x000016ef,0x00000b0a,0x000016ed,0x000500ba,
0x000000d0,0x000016f3,0x000031e1,0x00000b40,
0x000600a9,0x00000b07,0x000031e2,0x000016f3,
0x00000b40,0x000031e1,0x00050085,0x00000b07,
0x000016f7,0x000031e2,0x00000d38,0x000200f9,
0x000016f8,0x000200f8,0x000016f8,0x000700f5,
0x00000b07,0x00002e69,0x00000b0a,0x000016e2,
0x000016f7,0x000016e3,0x000300f7,0x00001700,
0x00000000,0x000400fa,0x00001670,0x000016fb,
0x00001700,0x000200f8,0x000016fb,0x00050083,
0x00000b07,0x000016fd,0x00000d38,0x00002e66,
0x00050083,0x00000b07,0x000016ff,0x00000d38,
0x00002e69,0x000200f9,0x00001700,0x000200f8,
0x00001700,0x000700f5,0x00000b07,0x00002e7f,
0x00002e69,0x000016f8,0x000016ff,0x000016fb,
0x000700f5,0x00000b07,0x00002e76,0x00002e66,
0x000016f8,0x000016fd,0x000016fb,0x00050084,
0x00000019,0x00001702,0x00002e1e,0x00000174,
0x00050080,0x00000019,0x00001704,0x00001702,
0x00002e1f,0x0003003e,0x0000158d,0x00000b66,
0x00050041,0x0000001a,0x00001705,0x0000158d,
0x00001704,0x0004003d,0x00000019,0x00001706,
0x00001705,0x0004006f,0x00000b07,0x00001707,
0x00001706,0x0008000c,0x00000b07,0x0000170b,
0x00000001,0x00000032,0x00001707,0x00002e76,
0x00002e20,0x0003003e,0x0000158e,0x00000b66,
0x00050041,0x0000001a,0x00001710,0x0000158e,
0x00001704,0x0004003d,0x00000019,0x00001711,
0x00001710,0x0004006f,0x00000b07,0x00001712,
0x00001711,0x0008000c,0x00000b07,0x00001716,
0x00000001,0x00000032,0x00001712,0x00002e7f,
0x00002e21,0x000200f9,0x00001717,0x000200f8,
0x00001717,0x00050080,0x00000019,0x00001719,
0x00002e1f,0x000000c4,0x000200f9,0x000016af,
0x000200f8,0x0000171a,0x0008000c,0x00000b07,
0x0000171d,0x00000001,0x00000032,0x00002e20,
0x000031c5,0x00000b7a,0x0006000c,0x00000b07,
0x0000171e,0x00000001,0x00000008,0x0000171d,
0x0004006e,0x00000019,0x0000171f,0x0000171e,
0x0008000c,0x00000b07,0x00001722,0x00000001,
0x00000032,0x00002e21,0x000031c5,0x00000b7a,
0x0006000c,0x00000b07,0x00001723,0x00000001,
0x00000008,0x00001722,0x0004006e,0x00000019,
0x00001724,0x00001723,0x000500b1,0x000000d0,
0x00001726,0x0000171f,0x0000006a,0x000600a9,
0x00000019,0x000031e3,0x00001726,0x0000006a,
0x0000171f,0x000500ad,0x000000d0,0x0000172a,
0x000031e3,0x0000010e,0x000600a9,0x00000019,
0x000031e4,0x0000172a,0x0000010e,0x000031e3,
0x000500b1,0x000000d0,0x0000172e,0x00001724,
0x0000006a,0x000600a9,0x00000019,0x000031e5,
0x0000172e,0x0000006a,0x00001724,0x000500ad,
0x000000d0,0x00001732,0x000031e5,0x0000010e,
0x000600a9,0x00000019,0x000031e6,0x00001732,
0x0000010e,0x000031e5,0x00050084,0x00000019,
0x00001736,0x000000ef,0x00002e1e,0x00050080,
0x00000019,0x00001737,0x00001736,0x000000c4,
0x00050084,0x00000019,0x00001738,0x00001737,
0x000000ef,0x00050082,0x00000019,0x00001739,
0x0000034c,0x00001738,0x0004007c,0x00000006,
0x0000173b,0x000031e4,0x000200f9,0x000019e7,
0x000200f8,0x000019e7,0x000700f5,0x00000006,
0x00002e2f,0x00000138,0x0000171a,0x000019f9,
0x000019ec,0x000700f5,0x00000019,0x00002e2e,
0x0000006a,0x0000171a,0x000019fc,0x000019ec,
0x000500b1,0x000000d0,0x000019eb,0x00002e2e,
0x000000ef,0x000400f6,0x000019fd,0x000019ec,
0x00000000,0x000400fa,0x000019eb,0x000019ec,
0x000019fd,0x000200f8,0x000019ec,0x0004007c,
0x00000006,0x000019ef,0x00002e2e,0x000500c2,
0x00000006,0x000019f0,0x0000173b,0x000019ef,
0x000500c7,0x00000006,0x000019f1,0x000019f0,
0x00000071,0x00050082,0x00000019,0x000019f5,
0x000000c4,0x00002e2e,0x0004007c,0x00000006,
0x000019f6,0x000019f5,0x000500c4,0x00000006,
0x000019f7,0x000019f1,0x000019f6,0x000500c5,
0x00000006,0x000019f9,0x00002e2f,0x000019f7,
0x00050080,0x00000019,0x000019fc,0x00002e2e,
0x000000c4,0x000200f9,0x000019e7,0x000200f8,
0x000019fd,0x000200f9,0x00001a02,0x000200f8,
0x00001a02,0x000700f5,0x00000019,0x00002e30,
0x0000006a,0x000019fd,0x00001a1f,0x00001a1d,
0x000500b1,0x000000d0,0x00001a06,0x00002e30,
0x000000ef,0x000400f6,0x00001a20,0x00001a1d,
0x00000000,0x000400fa,0x00001a06,0x00001a07,
0x00001a20,0x000200f8,0x00001a07,0x0004007c,
0x00000006,0x00001a0a,0x00002e30,0x000500c4,
0x00000006,0x00001a0b,0x00000071,0x00001a0a,
0x000500c7,0x00000006,0x00001a0c,0x00002e2f,
0x00001a0b,0x000500ab,0x000000d0,0x00001a0d,
0x00001a0c,0x00000138,0x000300f7,0x00001a1c,
0x00000000,0x000400fa,0x00001a0d,0x00001a0e,
0x00001a1c,0x000200f8,0x00001a0e,0x00050080,
0x00000019,0x00001a11,0x00001739,0x00002e30,
0x000500c3,0x00000019,0x00001a13,0x00001a11,
0x000001dd,0x000500c7,0x00000019,0x00001a15,
0x00001a11,0x00000533,0x0004007c,0x00000006,
0x00001a16,0x00001a15,0x000500c4,0x00000006,
0x00001a17,0x00000071,0x00001a16,0x00050041,
0x00000007,0x00001a18,0x0000052f,0x00001a13,
0x0004003d,0x00000006,0x00001a19,0x00001a18,
0x000500c5,0x00000006,0x00001a1a,0x00001a19,
0x00001a17,0x0003003e,0x00001a18,0x00001a1a,
0x000200f9,0x00001a1c,0x000200f8,0x00001a1c,
0x000200f9,0x00001a1d,0x000200f8,0x00001a1d,
0x00050080,0x00000019,0x00001a1f,0x00002e30,
0x000000c4,0x000200f9,0x00001a02,0x000200f8,
0x00001a20,0x00050080,0x00000019,0x00001740,
0x00001736,0x000000ef,0x00050084,0x00000019,
0x00001741,0x00001740,0x000000ef,0x00050082,
0x00000019,0x00001742,0x0000034c,0x00001741,
0x0004007c,0x00000006,0x00001744,0x000031e6,
0x000200f9,0x00001a25,0x000200f8,0x00001a25,
0x000700f5,0x00000006,0x00002e37,0x00000138,
0x00001a20,0x00001a37,0x00001a2a,0x000700f5,
0x00000019,0x00002e36,0x0000006a,0x00001a20,
0x00001a3a,0x00001a2a,0x000500b1,0x000000d0,
0x00001a29,0x00002e36,0x000000ef,0x000400f6,
0x00001a3b,0x00001a2a,0x00000000,0x000400fa,
0x00001a29,0x00001a2a,0x00001a3b,0x000200f8,
0x00001a2a,0x0004007c,0x00000006,0x00001a2d,
0x00002e36,0x000500c2,0x00000006,0x00001a2e,
0x00001744,0x00001a2d,0x000500c7,0x00000006,
0x00001a2f,0x00001a2e,0x00000071,0x00050082,
0x00000019,0x00001a33,0x000000c4,0x00002e36,
0x0004007c,0x00000006,0x00001a34,0x00001a33,
0x000500c4,0x00000006,0x00001a35,0x00001a2f,
0x00001a34,0x000500c5,0x00000006,0x00001a37,
0x00002e37,0x00001a35,0x00050080,0x00000019,
0x00001a3a,0x00002e36,0x000000c4,0x000200f9,
0x00001a25,0x000200f8,0x00001a3b,0x000200f9,
0x00001a40,0x000200f8,0x00001a40,0x000700f5,
0x00000019,0x00002e38,0x0000006a,0x00001a3b,
0x00001a5d,0x00001a5b,0x000500b1,0x000000d0,
0x00001a44,0x00002e38,0x000000ef,0x000400f6,
0x00001a5e,0x00001a5b,0x00000000,0x000400fa,
0x00001a44,0x00001a45,0x00001a5e,0x000200f8,
0x00001a45,0x0004007c,0x00000006,0x00001a48,
0x00002e38,0x000500c4,0x00000006,0x00001a49,
0x00000071,0x00001a48,0x000500c7,0x00000006,
0x00001a4a,0x00002e37,0x00001a49,0x000500ab,
0x000000d0,0x00001a4b,0x00001a4a,0x00000138,
0x000300f7,0x00001a5a,0x00000000,0x000400fa,
0x00001a4b,0x00001a4c,0x00001a5a,0x000200f8,
0x00001a4c,0x00050080,0x00000019,0x00001a4f,
0x00001742,0x00002e38,0x000500c3,0x00000019,
0x00001a51,0x00001a4f,0x000001dd,0x000500c7,
0x00000019,0x00001a53,0x00001a4f,0x00000533,
0x0004007c,0x00000006,0x00001a54,0x00001a53,
0x000500c4,0x00000006,0x00001a55,0x00000071,
0x00001a54,0x00050041,0x00000007,0x00001a56,
0x0000052f,0x00001a51,0x0004003d,0x00000006,
0x00001a57,0x00001a56,0x000500c5,0x00000006,
0x00001a58,0x00001a57,0x00001a55,0x0003003e,
0x00001a56,0x00001a58,0x000200f9,0x00001a5a,
0x000200f8,0x00001a5a,0x000200f9,0x00001a5b,
0x000200f8,0x00001a5b,0x00050080,0x00000019,
0x00001a5d,0x00002e38,0x000000c4,0x000200f9,
0x00001a40,0x000200f8,0x00001a5e,0x000200f9,
0x00001747,0x000200f8,0x00001747,0x00050080,
0x00000019,0x00001749,0x00002e1e,0x000000c4,
0x000200f9,0x000016aa,0x000200f8,0x0000174a,
0x000200f9,0x00000e5d,0x000200f8,0x00000e5f,
0x00050041,0x00000007,0x00001aae,0x0000052f,
0x0000006a,0x0003003e,0x00001aae,0x00000138,
0x00050041,0x00000007,0x00001aaf,0x0000052f,
0x000000c4,0x0003003e,0x00001aaf,0x00000138,
0x00050041,0x00000007,0x00001ab0,0x0000052f,
0x000000ef,0x0003003e,0x00001ab0,0x00000138,
0x00050041,0x00000007,0x00001ab1,0x0000052f,
0x0000010e,0x0003003e,0x00001ab1,0x00000138,
0x000200f9,0x00001ab2,0x000200f8,0x00001ab2,
0x000700f5,0x00000019,0x00002d8a,0x0000006a,
0x00000e5f,0x000030e0,0x00001ae3,0x000700f5,
0x00000019,0x00002d89,0x0000006a,0x00000e5f,
0x000030dd,0x00001ae3,0x000700f5,0x00000019,
0x00002d88,0x0000006a,0x00000e5f,0x00001ab8,
0x00001ae3,0x000700f5,0x00000019,0x00002dcb,
0x00000560,0x00000e5f,0x00002dca,0x00001ae3,
0x000500b1,0x000000d0,0x00001ab5,0x00002d88,
0x00000174,0x000400f6,0x00001ae6,0x00001ae3,
0x00000000,0x000400fa,0x00001ab5,0x00001ab6,
0x00001ae6,0x000200f8,0x00001ab6,0x00050080,
0x00000019,0x00001ab8,0x00002d88,0x000000c4,
0x000200f9,0x00001ab9,0x000200f8,0x00001ab9,
0x000700f5,0x00000019,0x00002dca,0x00002dcb,
0x00001ab6,0x000031e7,0x00001adf,0x000700f5,
0x00000019,0x00002dc5,0x00001ab8,0x00001ab6,
0x00001ae1,0x00001adf,0x000700f5,0x00000019,
0x000030e0,0x00002d8a,0x00001ab6,0x000031e8,
0x00001adf,0x000700f5,0x00000019,0x000030dd,
0x00002d89,0x00001ab6,0x000031e9,0x00001adf,
0x000500b1,0x000000d0,0x00001abc,0x00002dc5,
0x00000174,0x000400f6,0x00001ae2,0x00001adf,
0x00000000,0x000400fa,0x00001abc,0x00001abd,
0x00001ae2,0x000200f8,0x00001abd,0x000200f9,
0x00001abe,0x000200f8,0x00001abe,0x000700f5,
0x00000019,0x00002dc8,0x0000006a,0x00001abd,
0x00001ad2,0x00001ac2,0x000700f5,0x00000006,
0x00002dc7,0x00000138,0x00001abd,0x00001ad5,
0x00001ac2,0x000500b0,0x000000d0,0x00001ac1,
0x00002dc7,0x00000147,0x000400f6,0x00001ad6,
0x00001ac2,0x00000000,0x000400fa,0x00001ac1,
0x00001ac2,0x00001ad6,0x000200f8,0x00001ac2,
0x0004007c,0x00000006,0x00001ac4,0x00002d88,
0x00050041,0x00000007,0x00001bb8,0x0000005b,
0x00001ac4,0x0004003d,0x00000006,0x00001bb9,
0x00001bb8,0x00050084,0x00000006,0x00001bbb,
0x00002dc7,0x00000031,0x000500c2,0x00000006,
0x00001bbc,0x00001bb9,0x00001bbb,0x000500c7,
0x00000006,0x00001bbd,0x00001bbc,0x00000054,
0x0004007c,0x00000019,0x00001ac7,0x00001bbd,
0x0004007c,0x00000006,0x00001ac9,0x00002dc5,
0x00050041,0x00000007,0x00001bc1,0x0000005b,
0x00001ac9,0x0004003d,0x00000006,0x00001bc2,
0x00001bc1,0x000500c2,0x00000006,0x00001bc5,
0x00001bc2,0x00001bbb,0x000500c7,0x00000006,
0x00001bc6,0x00001bc5,0x00000054,0x0004007c,
0x00000019,0x00001acc,0x00001bc6,0x00050082,
0x00000019,0x00001acd,0x00001ac7,0x00001acc,
0x00050084,0x00000019,0x00001ad0,0x00001acd,
0x00001acd,0x00050080,0x00000019,0x00001ad2,
0x00002dc8,0x00001ad0,0x00050080,0x00000006,
0x00001ad5,0x00002dc7,0x000000c4,0x000200f9,
0x00001abe,0x000200f8,0x00001ad6,0x000500ad,
0x000000d0,0x00001ad9,0x00002dc8,0x00002dca,
0x000600a9,0x00000019,0x000031e7,0x00001ad9,
0x00002dc8,0x00002dca,0x000600a9,0x00000019,
0x000031e8,0x00001ad9,0x00002dc5,0x000030e0,
0x000600a9,0x00000019,0x000031e9,0x00001ad9,
0x00002d88,0x000030dd,0x000200f9,0x00001adf,
0x000200f8,0x00001adf,0x00050080,0x00000019,
0x00001ae1,0x00002dc5,0x000000c4,0x000200f9,
0x00001ab9,0x000200f8,0x00001ae2,0x000200f9,
0x00001ae3,0x000200f8,0x00001ae3,0x000200f9,
0x00001ab2,0x000200f8,0x00001ae6,0x0004007c,
0x00000006,0x00001ae8,0x00002d89,0x00050041,
0x00000007,0x00001bca,0x0000005b,0x00001ae8,
0x0004003d,0x00000006,0x00001bcb,0x00001bca,
0x000500c2,0x00000006,0x00001bce,0x00001bcb,
0x00000138,0x000500c7,0x00000006,0x00001bcf,
0x00001bce,0x00000054,0x0004003d,0x00000006,
0x00001bd4,0x00001bca,0x000500c2,0x00000006,
0x00001bd7,0x00001bd4,0x00000031,0x000500c7,
0x00000006,0x00001bd8,0x00001bd7,0x00000054,
0x00050080,0x00000006,0x00001aed,0x00001bcf,
0x00001bd8,0x0004003d,0x00000006,0x00001bdd,
0x00001bca,0x000500c2,0x00000006,0x00001be0,
0x00001bdd,0x00000049,0x000500c7,0x00000006,
0x00001be1,0x00001be0,0x00000054,0x00050080,
0x00000006,0x00001af1,0x00001aed,0x00001be1,
0x0004007c,0x00000019,0x00001af2,0x00001af1,
0x0004007c,0x00000006,0x00001af4,0x00002d8a,
0x00050041,0x00000007,0x00001be5,0x0000005b,
0x00001af4,0x0004003d,0x00000006,0x00001be6,
0x00001be5,0x000500c2,0x00000006,0x00001be9,
0x00001be6,0x00000138,0x000500c7,0x00000006,
0x00001bea,0x00001be9,0x00000054,0x0004003d,
0x00000006,0x00001bef,0x00001be5,0x000500c2,
0x00000006,0x00001bf2,0x00001bef,0x00000031,
0x000500c7,0x00000006,0x00001bf3,0x00001bf2,
0x00000054,0x00050080,0x00000006,0x00001af9,
0x00001bea,0x00001bf3,0x0004003d,0x00000006,
0x00001bf8,0x00001be5,0x000500c2,0x00000006,
0x00001bfb,0x00001bf8,0x00000049,0x000500c7,
0x00000006,0x00001bfc,0x00001bfb,0x00000054,
0x00050080,0x00000006,0x00001afd,0x00001af9,
0x00001bfc,0x0004007c,0x00000019,0x00001afe,
0x00001afd,0x000500af,0x000000d0,0x00001b01,
0x00001afe,0x00001af2,0x000600a9,0x00000019,
0x00001b04,0x00001b01,0x00002d89,0x00002d8a,
0x000600a9,0x00000019,0x00001b0a,0x00001b01,
0x00002d8a,0x00002d89,0x000200f9,0x00001b0b,
0x000200f8,0x00001b0b,0x000700f5,0x00000006,
0x00002d8b,0x00000138,0x00001ae6,0x00001b20,
0x00001b0f,0x000500b0,0x000000d0,0x00001b0e,
0x00002d8b,0x00000147,0x000400f6,0x00001b21,
0x00001b0f,0x00000000,0x000400fa,0x00001b0e,
0x00001b0f,0x00001b21,0x000200f8,0x00001b0f,
0x0004007c,0x00000006,0x00001b12,0x00001b04,
0x00050041,0x00000007,0x00001c00,0x0000005b,
0x00001b12,0x0004003d,0x00000006,0x00001c01,
0x00001c00,0x00050084,0x00000006,0x00001c03,
0x00002d8b,0x00000031,0x000500c2,0x00000006,
0x00001c04,0x00001c01,0x00001c03,0x000500c7,
0x00000006,0x00001c05,0x00001c04,0x00000054,
0x0004007c,0x00000019,0x00001b15,0x00001c05,
0x00050041,0x0000001a,0x00001b16,0x00001a7c,
0x00002d8b,0x0003003e,0x00001b16,0x00001b15,
0x0004007c,0x00000006,0x00001b19,0x00001b0a,
0x00050041,0x00000007,0x00001c09,0x0000005b,
0x00001b19,0x0004003d,0x00000006,0x00001c0a,
0x00001c09,0x000500c2,0x00000006,0x00001c0d,
0x00001c0a,0x00001c03,0x000500c7,0x00000006,
0x00001c0e,0x00001c0d,0x00000054,0x0004007c,
0x00000019,0x00001b1c,0x00001c0e,0x00050041,
0x0000001a,0x00001b1d,0x00001a7f,0x00002d8b,
0x0003003e,0x00001b1d,0x00001b1c,0x00050080,
0x00000006,0x00001b20,0x00002d8b,0x000000c4,
0x000200f9,0x00001b0b,0x000200f8,0x00001b21,
0x000200f9,0x00001c12,0x000200f8,0x00001c12,
0x000700f5,0x00000019,0x00002d8c,0x0000006a,
0x00001b21,0x00001c2f,0x00001c2d,0x000500b1,
0x000000d0,0x00001c16,0x00002d8c,0x000005f3,
0x000400f6,0x00001c30,0x00001c2d,0x00000000,
0x000400fa,0x00001c16,0x00001c17,0x00001c30,
0x000200f8,0x00001c17,0x0004007c,0x00000006,
0x00001c1a,0x00002d8c,0x000500c4,0x00000006,
0x00001c1b,0x00000071,0x00001c1a,0x000500c7,
0x00000006,0x00001c1c,0x000005f4,0x00001c1b,
0x000500ab,0x000000d0,0x00001c1d,0x00001c1c,
0x00000138,0x000300f7,0x00001c2c,0x00000000,
0x000400fa,0x00001c1d,0x00001c1e,0x00001c2c,
0x000200f8,0x00001c1e,0x000500c3,0x00000019,
0x00001c23,0x00002d8c,0x000001dd,0x000500c7,
0x00000019,0x00001c25,0x00002d8c,0x00000533,
0x0004007c,0x00000006,0x00001c26,0x00001c25,
0x000500c4,0x00000006,0x00001c27,0x00000071,
0x00001c26,0x00050041,0x00000007,0x00001c28,
0x0000052f,0x00001c23,0x0004003d,0x00000006,
0x00001c29,0x00001c28,0x000500c5,0x00000006,
0x00001c2a,0x00001c29,0x00001c27,0x0003003e,
0x00001c28,0x00001c2a,0x000200f9,0x00001c2c,
0x000200f8,0x00001c2c,0x000200f9,0x00001c2d,
0x000200f8,0x00001c2d,0x00050080,0x00000019,
0x00001c2f,0x00002d8c,0x000000c4,0x000200f9,
0x00001c12,0x000200f8,0x00001c30,0x000200f9,
0x00001c34,0x000200f8,0x00001c34,0x000700f5,
0x00000019,0x00002d8d,0x0000006a,0x00001c30,
0x00001c51,0x00001c4f,0x000500b1,0x000000d0,
0x00001c38,0x00002d8d,0x000001da,0x000400f6,
0x00001c52,0x00001c4f,0x00000000,0x000400fa,
0x00001c38,0x00001c39,0x00001c52,0x000200f8,
0x00001c39,0x0004007c,0x00000006,0x00001c3c,
0x00002d8d,0x000500c4,0x00000006,0x00001c3d,
0x00000071,0x00001c3c,0x000500c7,0x00000006,
0x00001c3e,0x00000031,0x00001c3d,0x000500ab,
0x000000d0,0x00001c3f,0x00001c3e,0x00000138,
0x000300f7,0x00001c4e,0x00000000,0x000400fa,
0x00001c3f,0x00001c40,0x00001c4e,0x000200f8,
0x00001c40,0x00050080,0x00000019,0x00001c43,
0x00000400,0x00002d8d,0x000500c3,0x00000019,
0x00001c45,0x00001c43,0x000001dd,0x000500c7,
0x00000019,0x00001c47,0x00001c43,0x00000533,
0x0004007c,0x00000006,0x00001c48,0x00001c47,
0x000500c4,0x00000006,0x00001c49,0x00000071,
0x00001c48,0x00050041,0x00000007,0x00001c4a,
0x0000052f,0x00001c45,0x0004003d,0x00000006,
0x00001c4b,0x00001c4a,0x000500c5,0x00000006,
0x00001c4c,0x00001c4b,0x00001c49,0x0003003e,
0x00001c4a,0x00001c4c,0x000200f9,0x00001c4e,
0x000200f8,0x00001c4e,0x000200f9,0x00001c4f,
0x000200f8,0x00001c4f,0x00050080,0x00000019,
0x00001c51,0x00002d8d,0x000000c4,0x000200f9,
0x00001c34,0x000200f8,0x00001c52,0x00050041,
0x0000001a,0x00001b24,0x00001a7c,0x0000006a,
0x0004003d,0x00000019,0x00001b25,0x00001b24,
0x0004007c,0x00000006,0x00001b26,0x00001b25,
0x000200f9,0x00001c56,0x000200f8,0x00001c56,
0x000700f5,0x00000019,0x00002d8e,0x0000006a,
0x00001c52,0x00001c73,0x00001c71,0x000500b1,
0x000000d0,0x00001c5a,0x00002d8e,0x0000019a,
0x000400f6,0x00001c74,0x00001c71,0x00000000,
0x000400fa,0x00001c5a,0x00001c5b,0x00001c74,
0x000200f8,0x00001c5b,0x0004007c,0x00000006,
0x00001c5e,0x00002d8e,0x000500c4,0x00000006,
0x00001c5f,0x00000071,0x00001c5e,0x000500c7,
0x00000006,0x00001c60,0x00001b26,0x00001c5f,
0x000500ab,0x000000d0,0x00001c61,0x00001c60,
0x00000138,0x000300f7,0x00001c70,0x00000000,
0x000400fa,0x00001c61,0x00001c62,0x00001c70,
0x000200f8,0x00001c62,0x00050080,0x00000019,
0x00001c65,0x00000401,0x00002d8e,0x000500c3,
0x00000019,0x00001c67,0x00001c65,0x000001dd,
0x000500c7,0x00000019,0x00001c69,0x00001c65,
0x00000533,0x0004007c,0x00000006,0x00001c6a,
0x00001c69,0x000500c4,0x00000006,0x00001c6b,
0x00000071,0x00001c6a,0x00050041,0x00000007,
0x00001c6c,0x0000052f,0x00001c67,0x0004003d,
0x00000006,0x00001c6d,0x00001c6c,0x000500c5,
0x00000006,0x00001c6e,0x00001c6d,0x00001c6b,
0x0003003e,0x00001c6c,0x00001c6e,0x000200f9,
0x00001c70,0x000200f8,0x00001c70,0x000200f9,
0x00001c71,0x000200f8,0x00001c71,0x00050080,
0x00000019,0x00001c73,0x00002d8e,0x000000c4,
0x000200f9,0x00001c56,0x000200f8,0x00001c74,
0x00050041,0x0000001a,0x00001b28,0x00001a7f,
0x0000006a,0x0004003d,0x00000019,0x00001b29,
0x00001b28,0x0004007c,0x00000006,0x00001b2a,
0x00001b29,0x000200f9,0x00001c78,0x000200f8,
0x00001c78,0x000700f5,0x00000019,0x00002d8f,
0x0000006a,0x00001c74,0x00001c95,0x00001c93,
0x000500b1,0x000000d0,0x00001c7c,0x00002d8f,
0x0000019a,0x000400f6,0x00001c96,0x00001c93,
0x00000000,0x000400fa,0x00001c7c,0x00001c7d,
0x00001c96,0x000200f8,0x00001c7d,0x0004007c,
0x00000006,0x00001c80,0x00002d8f,0x000500c4,
0x00000006,0x00001c81,0x00000071,0x00001c80,
0x000500c7,0x00000006,0x00001c82,0x00001b2a,
0x00001c81,0x000500ab,0x000000d0,0x00001c83,
0x00001c82,0x00000138,0x000300f7,0x00001c92,
0x00000000,0x000400fa,0x00001c83,0x00001c84,
0x00001c92,0x000200f8,0x00001c84,0x00050080,
0x00000019,0x00001c87,0x00000604,0x00002d8f,
0x000500c3,0x00000019,0x00001c89,0x00001c87,
0x000001dd,0x000500c7,0x00000019,0x00001c8b,
0x00001c87,0x00000533,0x0004007c,0x00000006,
0x00001c8c,0x00001c8b,0x000500c4,0x00000006,
0x00001c8d,0x00000071,0x00001c8c,0x00050041,
0x00000007,0x00001c8e,0x0000052f,0x00001c89,
0x0004003d,0x00000006,0x00001c8f,0x00001c8e,
0x000500c5,0x00000006,0x00001c90,0x00001c8f,
0x00001c8d,0x0003003e,0x00001c8e,0x00001c90,
0x000200f9,0x00001c92,0x000200f8,0x00001c92,
0x000200f9,0x00001c93,0x000200f8,0x00001c93,
0x00050080,0x00000019,0x00001c95,0x00002d8f,
0x000000c4,0x000200f9,0x00001c78,0x000200f8,
0x00001c96,0x00050041,0x0000001a,0x00001b2c,
0x00001a7c,0x000000c4,0x0004003d,0x00000019,
0x00001b2d,0x00001b2c,0x0004007c,0x00000006,
0x00001b2e,0x00001b2d,0x000200f9,0x00001c9a,
0x000200f8,0x00001c9a,0x000700f5,0x00000019,
0x00002d90,0x0000006a,0x00001c96,0x00001cb7,
0x00001cb5,0x000500b1,0x000000d0,0x00001c9e,
0x00002d90,0x0000019a,0x000400f6,0x00001cb8,
0x00001cb5,0x00000000,0x000400fa,0x00001c9e,
0x00001c9f,0x00001cb8,0x000200f8,0x00001c9f,
0x0004007c,0x00000006,0x00001ca2,0x00002d90,
0x000500c4,0x00000006,0x00001ca3,0x00000071,
0x00001ca2,0x000500c7,0x00000006,0x00001ca4,
0x00001b2e,0x00001ca3,0x000500ab,0x000000d0,
0x00001ca5,0x00001ca4,0x00000138,0x000300f7,
0x00001cb4,0x00000000,0x000400fa,0x00001ca5,
0x00001ca6,0x00001cb4,0x000200f8,0x00001ca6,
0x00050080,0x00000019,0x00001ca9,0x0000060c,
0x00002d90,0x000500c3,0x00000019,0x00001cab,
0x00001ca9,0x000001dd,0x000500c7,0x00000019,
0x00001cad,0x00001ca9,0x00000533,0x0004007c,
0x00000006,0x00001cae,0x00001cad,0x000500c4,
0x00000006,0x00001caf,0x00000071,0x00001cae,
0x00050041,0x00000007,0x00001cb0,0x0000052f,
0x00001cab,0x0004003d,0x00000006,0x00001cb1,
0x00001cb0,0x000500c5,0x00000006,0x00001cb2,
0x00001cb1,0x00001caf,0x0003003e,0x00001cb0,
0x00001cb2,0x000200f9,0x00001cb4,0x000200f8,
0x00001cb4,0x000200f9,0x00001cb5,0x000200f8,
0x00001cb5,0x00050080,0x00000019,0x00001cb7,
0x00002d90,0x000000c4,0x000200f9,0x00001c9a,
0x000200f8,0x00001cb8,0x00050041,0x0000001a,
0x00001b30,0x00001a7f,0x000000c4,0x0004003d,
0x00000019,0x00001b31,0x00001b30,0x0004007c,
0x00000006,0x00001b32,0x00001b31,0x000200f9,
0x00001cbc,0x000200f8,0x00001cbc,0x000700f5,
0x00000019,0x00002d91,0x0000006a,0x00001cb8,
0x00001cd9,0x00001cd7,0x000500b1,0x000000d0,
0x00001cc0,0x00002d91,0x0000019a,0x000400f6,
0x00001cda,0x00001cd7,0x00000000,0x000400fa,
0x00001cc0,0x00001cc1,0x00001cda,0x000200f8,
0x00001cc1,0x0004007c,0x00000006,0x00001cc4,
0x00002d91,0x000500c4,0x00000006,0x00001cc5,
0x00000071,0x00001cc4,0x000500c7,0x00000006,
0x00001cc6,0x00001b32,0x00001cc5,0x000500ab,
0x000000d0,0x00001cc7,0x00001cc6,0x00000138,
0x000300f7,0x00001cd6,0x00000000,0x000400fa,
0x00001cc7,0x00001cc8,0x00001cd6,0x000200f8,
0x00001cc8,0x00050080,0x00000019,0x00001ccb,
0x00000614,0x00002d91,0x000500c3,0x00000019,
0x00001ccd,0x00001ccb,0x000001dd,0x000500c7,
0x00000019,0x00001ccf,0x00001ccb,0x00000533,
0x0004007c,0x00000006,0x00001cd0,0x00001ccf,
0x000500c4,0x00000006,0x00001cd1,0x00000071,
0x00001cd0,0x00050041,0x00000007,0x00001cd2,
0x0000052f,0x00001ccd,0x0004003d,0x00000006,
0x00001cd3,0x00001cd2,0x000500c5,0x00000006,
0x00001cd4,0x00001cd3,0x00001cd1,0x0003003e,
0x00001cd2,0x00001cd4,0x000200f9,0x00001cd6,
0x000200f8,0x00001cd6,0x000200f9,0x00001cd7,
0x000200f8,0x00001cd7,0x00050080,0x00000019,
0x00001cd9,0x00002d91,0x000000c4,0x000200f9,
0x00001cbc,0x000200f8,0x00001cda,0x00050041,
0x0000001a,0x00001b34,0x00001a7c,0x000000ef,
0x0004003d,0x00000019,0x00001b35,0x00001b34,
0x0004007c,0x00000006,0x00001b36,0x00001b35,
0x000200f9,0x00001cde,0x000200f8,0x00001cde,
0x000700f5,0x00000019,0x00002d92,0x0000006a,
0x00001cda,0x00001cfb,0x00001cf9,0x000500b1,
0x000000d0,0x00001ce2,0x00002d92,0x0000019a,
0x000400f6,0x00001cfc,0x00001cf9,0x00000000,
0x000400fa,0x00001ce2,0x00001ce3,0x00001cfc,
0x000200f8,0x00001ce3,0x0004007c,0x00000006,
0x00001ce6,0x00002d92,0x000500c4,0x00000006,
0x00001ce7,0x00000071,0x00001ce6,0x000500c7,
0x00000006,0x00001ce8,0x00001b36,0x00001ce7,
0x000500ab,0x000000d0,0x00001ce9,0x00001ce8,
0x00000138,0x000300f7,0x00001cf8,0x00000000,
0x000400fa,0x00001ce9,0x00001cea,0x00001cf8,
0x000200f8,0x00001cea,0x00050080,0x00000019,
0x00001ced,0x0000061c,0x00002d92,0x000500c3,
0x00000019,0x00001cef,0x00001ced,0x000001dd,
0x000500c7,0x00000019,0x00001cf1,0x00001ced,
0x00000533,0x0004007c,0x00000006,0x00001cf2,
0x00001cf1,0x000500c4,0x00000006,0x00001cf3,
0x00000071,0x00001cf2,0x00050041,0x00000007,
0x00001cf4,0x0000052f,0x00001cef,0x0004003d,
0x00000006,0x00001cf5,0x00001cf4,0x000500c5,
0x00000006,0x00001cf6,0x00001cf5,0x00001cf3,
0x0003003e,0x00001cf4,0x00001cf6,0x000200f9,
0x00001cf8,0x000200f8,0x00001cf8,0x000200f9,
0x00001cf9,0x000200f8,0x00001cf9,0x00050080,
0x00000019,0x00001cfb,0x00002d92,0x000000c4,
0x000200f9,0x00001cde,0x000200f8,0x00001cfc,
0x00050041,0x0000001a,0x00001b38,0x00001a7f,
0x000000ef,0x0004003d,0x00000019,0x00001b39,
0x00001b38,0x0004007c,0x00000006,0x00001b3a,
0x00001b39,0x000200f9,0x00001d00,0x000200f8,
0x00001d00,0x000700f5,0x00000019,0x00002d93,
0x0000006a,0x00001cfc,0x00001d1d,0x00001d1b,
0x000500b1,0x000000d0,0x00001d04,0x00002d93,
0x0000019a,0x000400f6,0x00001d1e,0x00001d1b,
0x00000000,0x000400fa,0x00001d04,0x00001d05,
0x00001d1e,0x000200f8,0x00001d05,0x0004007c,
0x00000006,0x00001d08,0x00002d93,0x000500c4,
0x00000006,0x00001d09,0x00000071,0x00001d08,
0x000500c7,0x00000006,0x00001d0a,0x00001b3a,
0x00001d09,0x000500ab,0x000000d0,0x00001d0b,
0x00001d0a,0x00000138,0x000300f7,0x00001d1a,
0x00000000,0x000400fa,0x00001d0b,0x00001d0c,
0x00001d1a,0x000200f8,0x00001d0c,0x00050080,
0x00000019,0x00001d0f,0x00000624,0x00002d93,
0x000500c3,0x00000019,0x00001d11,0x00001d0f,
0x000001dd,0x000500c7,0x00000019,0x00001d13,
0x00001d0f,0x00000533,0x0004007c,0x00000006,
0x00001d14,0x00001d13,0x000500c4,0x00000006,
0x00001d15,0x00000071,0x00001d14,0x00050041,
0x00000007,0x00001d16,0x0000052f,0x00001d11,
0x0004003d,0x00000006,0x00001d17,0x00001d16,
0x000500c5,0x00000006,0x00001d18,0x00001d17,
0x00001d15,0x0003003e,0x00001d16,0x00001d18,
0x000200f9,0x00001d1a,0x000200f8,0x00001d1a,
0x000200f9,0x00001d1b,0x000200f8,0x00001d1b,
0x00050080,0x00000019,0x00001d1d,0x00002d93,
0x000000c4,0x000200f9,0x00001d00,0x000200f8,
0x00001d1e,0x000200f9,0x00001b3c,0x000200f8,
0x00001b3c,0x000700f5,0x00000019,0x00002da5,
0x0000006a,0x00001d1e,0x00001b52,0x00001b40,
0x000700f5,0x00000006,0x00002d94,0x00000138,
0x00001d1e,0x00001b55,0x00001b40,0x000500b0,
0x000000d0,0x00001b3f,0x00002d94,0x00000147,
0x000400f6,0x00001b56,0x00001b40,0x00000000,
0x000400fa,0x00001b3f,0x00001b40,0x00001b56,
0x000200f8,0x00001b40,0x00050041,0x0000001a,
0x00001b43,0x00001a7f,0x00002d94,0x0004003d,
0x00000019,0x00001b44,0x00001b43,0x00050041,
0x0000001a,0x00001b46,0x00001a7c,0x00002d94,
0x0004003d,0x00000019,0x00001b47,0x00001b46,
0x00050082,0x00000019,0x00001b48,0x00001b44,
0x00001b47,0x00050041,0x0000001a,0x00001b49,
0x00001a9c,0x00002d94,0x0003003e,0x00001b49,
0x00001b48,0x0004003d,0x00000019,0x00001b4c,
0x00001b49,0x0004003d,0x00000019,0x00001b4f,
0x00001b49,0x00050084,0x00000019,0x00001b50,
0x00001b4c,0x00001b4f,0x00050080,0x00000019,
0x00001b52,0x00002da5,0x00001b50,0x00050080,
0x00000006,0x00001b55,0x00002d94,0x000000c4,
0x000200f9,0x00001b3c,0x000200f8,0x00001b56,
0x000200f9,0x00001b57,0x000200f8,0x00001b57,
0x000700f5,0x00000019,0x00002d95,0x0000006a,
0x00001b56,0x00001baa,0x00001bb1,0x000500b1,
0x000000d0,0x00001b5a,0x00002d95,0x0000035b,
0x000400f6,0x00001bb4,0x00001bb1,0x00000000,
0x000400fa,0x00001b5a,0x00001b5b,0x00001bb4,
0x000200f8,0x00001b5b,0x000200f9,0x00001b5c,
0x000200f8,0x00001b5c,0x000700f5,0x00000b07,
0x00002d97,0x00000b0a,0x00001b5b,0x00001b97,
0x00001b98,0x000700f5,0x00000019,0x00002d96,
0x0000006a,0x00001b5b,0x00001b9a,0x00001b98,
0x000500b1,0x000000d0,0x00001b5f,0x00002d96,
0x00000174,0x000400f6,0x00001b9b,0x00001b98,
0x00000000,0x000400fa,0x00001b5f,0x00001b60,
0x00001b9b,0x000200f8,0x00001b60,0x000500aa,
0x000000d0,0x00001b62,0x00002da5,0x0000006a,
0x000300f7,0x00001b8c,0x00000000,0x000400fa,
0x00001b62,0x00001b63,0x00001b64,0x000200f8,
0x00001b63,0x000200f9,0x00001b8c,0x000200f8,
0x00001b64,0x000200f9,0x00001b65,0x000200f8,
0x00001b65,0x000700f5,0x00000019,0x00002dac,
0x0000006a,0x00001b64,0x00001b78,0x00001b69,
0x000700f5,0x00000006,0x00002dab,0x00000138,
0x00001b64,0x00001b7b,0x00001b69,0x000500b0,
0x000000d0,0x00001b68,0x00002dab,0x00000147,
0x000400f6,0x00001b7c,0x00001b69,0x00000000,
0x000400fa,0x00001b68,0x00001b69,0x00001b7c,
0x000200f8,0x00001b69,0x0004007c,0x00000006,
0x00001b6b,0x00002d96,0x00050041,0x00000007,
0x00001d22,0x0000005b,0x00001b6b,0x0004003d,
0x00000006,0x00001d23,0x00001d22,0x00050084,
0x00000006,0x00001d25,0x00002dab,0x00000031,
0x000500c2,0x00000006,0x00001d26,0x00001d23,
0x00001d25,0x000500c7,0x00000006,0x00001d27,
0x00001d26,0x00000054,0x0004007c,0x00000019,
0x00001b6e,0x00001d27,0x00050041,0x0000001a,
0x00001b70,0x00001a7c,0x00002dab,0x0004003d,
0x00000019,0x00001b71,0x00001b70,0x00050082,
0x00000019,0x00001b72,0x00001b6e,0x00001b71,
0x00050041,0x0000001a,0x00001b74,0x00001a9c,
0x00002dab,0x0004003d,0x00000019,0x00001b75,
0x00001b74,0x00050084,0x00000019,0x00001b76,
0x00001b72,0x00001b75,0x00050080,0x00000019,
0x00001b78,0x00002dac,0x00001b76,0x00050080,
0x00000006,0x00001b7b,0x00002dab,0x000000c4,
0x000200f9,0x00001b65,0x000200f8,0x00001b7c,
0x0004006f,0x00000b07,0x00001b7e,0x00002dac,
0x0004006f,0x00000b07,0x00001b80,0x00002da5,
0x00050088,0x00000b07,0x00001b81,0x00001b7e,
0x00001b80,0x000500b8,0x000000d0,0x00001b83,
0x00001b81,0x00000b0a,0x000600a9,0x00000b07,
0x000031ea,0x00001b83,0x00000b0a,0x00001b81,
0x000500ba,0x000000d0,0x00001b87,0x000031ea,
0x00000b40,0x000600a9,0x00000b07,0x000031eb,
0x00001b87,0x00000b40,0x000031ea,0x00050085,
0x00000b07,0x00001b8b,0x000031eb,0x00000b45,
0x000200f9,0x00001b8c,0x000200f8,0x00001b8c,
0x000700f5,0x00000b07,0x00002db8,0x00000b0a,
0x00001b63,0x00001b8b,0x00001b7c,0x00050084,
0x00000019,0x00001b8e,0x00002d95,0x00000174,
0x00050080,0x00000019,0x00001b90,0x00001b8e,
0x00002d96,0x0003003e,0x00001aa6,0x00000b66,
0x00050041,0x0000001a,0x00001b91,0x00001aa6,
0x00001b90,0x0004003d,0x00000019,0x00001b92,
0x00001b91,0x0004006f,0x00000b07,0x00001b93,
0x00001b92,0x0008000c,0x00000b07,0x00001b97,
0x00000001,0x00000032,0x00001b93,0x00002db8,
0x00002d97,0x000200f9,0x00001b98,0x000200f8,
0x00001b98,0x00050080,0x00000019,0x00001b9a,
0x00002d96,0x000000c4,0x000200f9,0x00001b5c,
0x000200f8,0x00001b9b,0x0008000c,0x00000b07,
0x00001b9e,0x00000001,0x00000032,0x00002d97,
0x000031c5,0x00000b7a,0x0006000c,0x00000b07,
0x00001b9f,0x00000001,0x00000008,0x00001b9e,
0x0004006e,0x00000019,0x00001ba0,0x00001b9f,
0x000500b1,0x000000d0,0x00001ba2,0x00001ba0,
0x0000006a,0x000600a9,0x00000019,0x000031ec,
0x00001ba2,0x0000006a,0x00001ba0,0x000500ad,
0x000000d0,0x00001ba6,0x000031ec,0x000001c5,
0x000600a9,0x00000019,0x000031ed,0x00001ba6,
0x000001c5,0x000031ec,0x00050080,0x00000019,
0x00001baa,0x00002d95,0x000000c4,0x00050084,
0x00000019,0x00001bab,0x00001baa,0x0000010e,
0x00050082,0x00000019,0x00001bac,0x0000034c,
0x00001bab,0x0004007c,0x00000006,0x00001bae,
0x000031ed,0x000200f9,0x00001d2c,0x000200f8,
0x00001d2c,0x000700f5,0x00000006,0x00002d9e,
0x00000138,0x00001b9b,0x00001d3e,0x00001d31,
0x000700f5,0x00000019,0x00002d9d,0x0000006a,
0x00001b9b,0x00001d41,0x00001d31,0x000500b1,
0x000000d0,0x00001d30,0x00002d9d,0x0000010e,
0x000400f6,0x00001d42,0x00001d31,0x00000000,
0x000400fa,0x00001d30,0x00001d31,0x00001d42,
0x000200f8,0x00001d31,0x0004007c,0x00000006,
0x00001d34,0x00002d9d,0x000500c2,0x00000006,
0x00001d35,0x00001bae,0x00001d34,0x000500c7,
0x00000006,0x00001d36,0x00001d35,0x00000071,
0x00050082,0x00000019,0x00001d3a,0x000000ef,
0x00002d9d,0x0004007c,0x00000006,0x00001d3b,
0x00001d3a,0x000500c4,0x00000006,0x00001d3c,
0x00001d36,0x00001d3b,0x000500c5,0x00000006,
0x00001d3e,0x00002d9e,0x00001d3c,0x00050080,
0x00000019,0x00001d41,0x00002d9d,0x000000c4,
0x000200f9,0x00001d2c,0x000200f8,0x00001d42,
0x000200f9,0x00001d47,0x000200f8,0x00001d47,
0x000700f5,0x00000019,0x00002d9f,0x0000006a,
0x00001d42,0x00001d64,0x00001d62,0x000500b1,
0x000000d0,0x00001d4b,0x00002d9f,0x0000010e,
0x000400f6,0x00001d65,0x00001d62,0x00000000,
0x000400fa,0x00001d4b,0x00001d4c,0x00001d65,
0x000200f8,0x00001d4c,0x0004007c,0x00000006,
0x00001d4f,0x00002d9f,0x000500c4,0x00000006,
0x00001d50,0x00000071,0x00001d4f,0x000500c7,
0x00000006,0x00001d51,0x00002d9e,0x00001d50,
0x000500ab,0x000000d0,0x00001d52,0x00001d51,
0x00000138,0x000300f7,0x00001d61,0x00000000,
0x000400fa,0x00001d52,0x00001d53,0x00001d61,
0x000200f8,0x00001d53,0x00050080,0x00000019,
0x00001d56,0x00001bac,0x00002d9f,0x000500c3,
0x00000019,0x00001d58,0x00001d56,0x000001dd,
0x000500c7,0x00000019,0x00001d5a,0x00001d56,
0x00000533,0x0004007c,0x00000006,0x00001d5b,
0x00001d5a,0x000500c4,0x00000006,0x00001d5c,
0x00000071,0x00001d5b,0x00050041,0x00000007,
0x00001d5d,0x0000052f,0x00001d58,0x0004003d,
0x00000006,0x00001d5e,0x00001d5d,0x000500c5,
0x00000006,0x00001d5f,0x00001d5e,0x00001d5c,
0x0003003e,0x00001d5d,0x00001d5f,0x000200f9,
0x00001d61,0x000200f8,0x00001d61,0x000200f9,
0x00001d62,0x000200f8,0x00001d62,0x00050080,
0x00000019,0x00001d64,0x00002d9f,0x000000c4,
0x000200f9,0x00001d47,0x000200f8,0x00001d65,
0x000200f9,0x00001bb1,0x000200f8,0x00001bb1,
0x000200f9,0x00001b57,0x000200f8,0x00001bb4,
0x000200f9,0x00000e5d,0x000200f8,0x00000e5d,
0x000200f9,0x00000e16,0x000200f8,0x00000e61,
0x00050041,0x00000db7,0x00000e63,0x00000db6,
0x000001da,0x0004003d,0x00000006,0x00000e64,
0x00000e63,0x000500aa,0x000000d0,0x00000e65,
0x00000e64,0x00000138,0x000600a9,0x00000006,
0x00000e66,0x00000e65,0x000000d4,0x000000aa,
0x00050041,0x00000db7,0x00000e68,0x00000db6,
0x0000010e,0x0004003d,0x00000006,0x00000e69,
0x00000e68,0x00050041,0x00000db7,0x00000e6b,
0x00000db6,0x000000c4,0x0004003d,0x00000006,
0x00000e6c,0x00000e6b,0x00050084,0x00000006,
0x00000e6d,0x00000e02,0x00000e6c,0x00050080,
0x00000006,0x00000e6f,0x00000e6d,0x00000dff,
0x00050084,0x00000006,0x00000e71,0x00000e6f,
0x00000e66,0x00050080,0x00000006,0x00000e72,
0x00000e69,0x00000e71,0x000300f7,0x00000e77,
0x00000000,0x000400fa,0x00000e65,0x00000e76,
0x00000e7b,0x000200f8,0x00000e76,0x00060041,
0x0000006c,0x00001d77,0x00000069,0x0000006a,
0x00000e72,0x0004003d,0x00000006,0x00001d78,
0x00001d77,0x00050080,0x00000006,0x00001d7a,
0x00000e72,0x00000071,0x00060041,0x0000006c,
0x00001d7b,0x00000069,0x0000006a,0x00001d7a,
0x0004003d,0x00000006,0x00001d7c,0x00001d7b,
0x000500c7,0x00000006,0x00001d7e,0x00001d78,
0x00000077,0x000500c2,0x00000006,0x00001d80,
0x00001d78,0x00000049,0x000500c2,0x00000006,
0x00001d82,0x00001d7e,0x0000007e,0x000500c7,
0x00000006,0x00001d83,0x00001d82,0x00000080,
0x000500c2,0x00000006,0x00001d85,0x00001d7e,
0x00000084,0x000500c7,0x00000006,0x00001d86,
0x00001d85,0x00000086,0x000500c7,0x00000006,
0x00001d88,0x00001d7e,0x00000080,0x000500c2,
0x00000006,0x00001d8a,0x00001d80,0x0000007e,
0x000500c7,0x00000006,0x00001d8b,0x00001d8a,
0x00000080,0x000500c2,0x00000006,0x00001d8d,
0x00001d80,0x00000084,0x000500c7,0x00000006,
0x00001d8e,0x00001d8d,0x00000086,0x000500c7,
0x00000006,0x00001d90,0x00001d80,0x00000080,
0x00050084,0x00000006,0x00001d92,0x00001d83,
0x00000098,0x00050080,0x00000006,0x00001d93,
0x00001d92,0x0000009a,0x000500c2,0x00000006,
0x00001d94,0x00001d93,0x0000009c,0x00050084,
0x00000006,0x00001d96,0x00001d86,0x000000a0,
0x00050080,0x00000006,0x00001d97,0x00001d96,
0x000000a2,0x000500c2,0x00000006,0x00001d98,
0x00001d97,0x0000009c,0x00050084,0x00000006,
0x00001d9a,0x00001d88,0x00000098,0x00050080,
0x00000006,0x00001d9b,0x00001d9a,0x0000009a,
0x000500c2,0x00000006,0x00001d9c,0x00001d9b,
0x0000009c,0x000500c4,0x00000006,0x00001d9e,
0x00001d9c,0x00000049,0x000500c5,0x00000006,
0x00001d9f,0x000000ae,0x00001d9e,0x000500c4,
0x00000006,0x00001da1,0x00001d98,0x00000031,
0x000500c5,0x00000006,0x00001da2,0x00001d9f,
0x00001da1,0x000500c5,0x00000006,0x00001da4,
0x00001da2,0x00001d94,0x00050041,0x00000007,
0x00001da5,0x00001d73,0x0000006a,0x0003003e,
0x00001da5,0x00001da4,0x00050084,0x00000006,
0x00001da7,0x00001d8b,0x00000098,0x00050080,
0x00000006,0x00001da8,0x00001da7,0x0000009a,
0x000500c2,0x00000006,0x00001da9,0x00001da8,
0x0000009c,0x00050084,0x00000006,0x00001dab,
0x00001d8e,0x000000a0,0x00050080,0x00000006,
0x00001dac,0x00001dab,0x000000a2,0x000500c2,
0x00000006,0x00001dad,0x00001dac,0x0000009c,
0x00050084,0x00000006,0x00001daf,0x00001d90,
0x00000098,0x00050080,0x00000006,0x00001db0,
0x00001daf,0x0000009a,0x000500c2,0x00000006,
0x00001db1,0x00001db0,0x0000009c,0x000500c4,
0x00000006,0x00001db3,0x00001db1,0x00000049,
0x000500c5,0x00000006,0x00001db4,0x000000ae,
0x00001db3,0x000500c4,0x00000006,0x00001db6,
0x00001dad,0x00000031,0x000500c5,0x00000006,
0x00001db7,0x00001db4,0x00001db6,0x000500c5,
0x00000006,0x00001db9,0x00001db7,0x00001da9,
0x00050041,0x00000007,0x00001dba,0x00001d73,
0x000000c4,0x0003003e,0x00001dba,0x00001db9,
0x000500ac,0x000000d0,0x00001dbd,0x00001d7e,
0x00001d80,0x000300f7,0x00001e18,0x00000000,
0x000400fa,0x00001dbd,0x00001dbe,0x00001dfb,
0x000200f8,0x00001dbe,0x00050084,0x00000006,
0x00001dc0,0x000000d4,0x00001d83,0x00050080,
0x00000006,0x00001dc2,0x00001dc0,0x00001d8b,
0x00050084,0x00000006,0x00001dc3,0x00001dc2,
0x000000d9,0x00050080,0x00000006,0x00001dc4,
0x00001dc3,0x000000db,0x000500c2,0x00000006,
0x00001dc5,0x00001dc4,0x000000dd,0x00050084,
0x00000006,0x00001dc7,0x000000d4,0x00001d86,
0x00050080,0x00000006,0x00001dc9,0x00001dc7,
0x00001d8e,0x00050084,0x00000006,0x00001dca,
0x00001dc9,0x000000e3,0x00050080,0x00000006,
0x00001dcb,0x00001dca,0x000000e5,0x000500c2,
0x00000006,0x00001dcc,0x00001dcb,0x0000007e,
0x00050084,0x00000006,0x00001dce,0x000000d4,
0x00001d88,0x00050080,0x00000006,0x00001dd0,
0x00001dce,0x00001d90,0x00050084,0x00000006,
0x00001dd1,0x00001dd0,0x000000d9,0x00050080,
0x00000006,0x00001dd2,0x00001dd1,0x000000db,
0x000500c2,0x00000006,0x00001dd3,0x00001dd2,
0x000000dd,0x000500c4,0x00000006,0x00001dd5,
0x00001dd3,0x00000049,0x000500c5,0x00000006,
0x00001dd6,0x000000ae,0x00001dd5,0x000500c4,
0x00000006,0x00001dd8,0x00001dcc,0x00000031,
0x000500c5,0x00000006,0x00001dd9,0x00001dd6,
0x00001dd8,0x000500c5,0x00000006,0x00001ddb,
0x00001dd9,0x00001dc5,0x00050041,0x00000007,
0x00001ddc,0x00001d73,0x000000ef,0x0003003e,
0x00001ddc,0x00001ddb,0x00050084,0x00000006,
0x00001ddf,0x000000d4,0x00001d8b,0x00050080,
0x00000006,0x00001de0,0x00001d83,0x00001ddf,
0x00050084,0x00000006,0x00001de1,0x00001de0,
0x000000d9,0x00050080,0x00000006,0x00001de2,
0x00001de1,0x000000db,0x000500c2,0x00000006,
0x00001de3,0x00001de2,0x000000dd,0x00050084,
0x00000006,0x00001de6,0x000000d4,0x00001d8e,
0x00050080,0x00000006,0x00001de7,0x00001d86,
0x00001de6,0x00050084,0x00000006,0x00001de8,
0x00001de7,0x000000e3,0x00050080,0x00000006,
0x00001de9,0x00001de8,0x000000e5,0x000500c2,
0x00000006,0x00001dea,0x00001de9,0x0000007e,
0x00050084,0x00000006,0x00001ded,0x000000d4,
0x00001d90,0x00050080,0x00000006,0x00001dee,
0x00001d88,0x00001ded,0x00050084,0x00000006,
0x00001def,0x00001dee,0x000000d9,0x00050080,
0x00000006,0x00001df0,0x00001def,0x000000db,
0x000500c2,0x00000006,0x00001df1,0x00001df0,
0x000000dd,0x000500c4,0x00000006,0x00001df3,
0x00001df1,0x00000049,0x000500c5,0x00000006,
0x00001df4,0x000000ae,0x00001df3,0x000500c4,
0x00000006,0x00001df6,0x00001dea,0x00000031,
0x000500c5,0x00000006,0x00001df7,0x00001df4,
0x00001df6,0x000500c5,0x00000006,0x00001df9,
0x00001df7,0x00001de3,0x00050041,0x00000007,
0x00001dfa,0x00001d73,0x0000010e,0x0003003e,
0x00001dfa,0x00001df9,0x000200f9,0x00001e18,
0x000200f8,0x00001dfb,0x00050080,0x00000006,
0x00001dfe,0x00001d83,0x00001d8b,0x00050084,
0x00000006,0x00001dff,0x00001dfe,0x0000011c,
0x00050080,0x00000006,0x00001e00,0x00001dff,
0x0000011e,0x000500c2,0x00000006,0x00001e01,
0x00001e00,0x00000031,0x00050080,0x00000006,
0x00001e04,0x00001d86,0x00001d8e,0x00050084,
0x00000006,0x00001e05,0x00001e04,0x00000124,
0x00050080,0x00000006,0x00001e06,0x00001e05,
0x00000126,0x000500c2,0x00000006,0x00001e07,
0x00001e06,0x0000007e,0x00050080,0x00000006,
0x00001e0a,0x00001d88,0x00001d90,0x00050084,
0x00000006,0x00001e0b,0x00001e0a,0x0000011c,
0x00050080,0x00000006,0x00001e0c,0x00001e0b,
0x0000011e,0x000500c2,0x00000006,0x00001e0d,
0x00001e0c,0x00000031,0x000500c4,0x00000006,
0x00001e0f,0x00001e0d,0x00000049,0x000500c5,
0x00000006,0x00001e10,0x000000ae,0x00001e0f,
0x000500c4,0x00000006,0x00001e12,0x00001e07,
0x00000031,0x000500c5,0x00000006,0x00001e13,
0x00001e10,0x00001e12,0x000500c5,0x00000006,
0x00001e15,0x00001e13,0x00001e01,0x00050041,
0x00000007,0x00001e16,0x00001d73,0x000000ef,
0x0003003e,0x00001e16,0x00001e15,0x00050041,
0x00000007,0x00001e17,0x00001d73,0x0000010e,
0x0003003e,0x00001e17,0x00000138,0x000200f9,
0x00001e18,0x000200f8,0x00001e18,0x000200f9,
0x00001e19,0x000200f8,0x00001e19,0x000700f5,
0x00000006,0x00002cb6,0x00000138,0x00001e18,
0x00001e29,0x00001e1d,0x000500b0,0x000000d0,
0x00001e1c,0x00002cb6,0x00000049,0x000400f6,
0x00001e2a,0x00001e1d,0x00000000,0x000400fa,
0x00001e1c,0x00001e1d,0x00001e2a,0x000200f8,
0x00001e1d,0x00050084,0x00000006,0x00001e21,
0x00002cb6,0x000000d4,0x000500c2,0x00000006,
0x00001e22,0x00001d7c,0x00001e21,0x000500c7,
0x00000006,0x00001e23,0x00001e22,0x00000147,
0x00050041,0x00000007,0x00001e24,0x00001d73,
0x00001e23,0x0004003d,0x00000006,0x00001e25,
0x00001e24,0x00050041,0x00000007,0x00001e26,
0x0000004c,0x00002cb6,0x0003003e,0x00001e26,
0x00001e25,0x00050080,0x00000006,0x00001e29,
0x00002cb6,0x000000c4,0x000200f9,0x00001e19,
0x000200f8,0x00001e2a,0x000200f9,0x00000e77,
0x000200f8,0x00000e7b,0x000300f7,0x00002198,
0x00000000,0x000300fb,0x00000138,0x00001ea5,
0x000200f8,0x00001ea5,0x000200f9,0x00001ea6,
0x000200f8,0x00001ea6,0x000700f5,0x00000006,
0x00002b7c,0x00000138,0x00001ea5,0x00001eb4,
0x00001eaa,0x000500b0,0x000000d0,0x00001ea9,
0x00002b7c,0x000000aa,0x000400f6,0x00001eb5,
0x00001eaa,0x00000000,0x000400fa,0x00001ea9,
0x00001eaa,0x00001eb5,0x000200f8,0x00001eaa,
0x00050080,0x00000006,0x00001eae,0x00000e72,
0x00002b7c,0x00060041,0x0000006c,0x00001eaf,
0x00000069,0x0000006a,0x00001eae,0x0004003d,
0x00000006,0x00001eb0,0x00001eaf,0x00050041,
0x00000007,0x00001eb1,0x0000015e,0x00002b7c,
0x0003003e,0x00001eb1,0x00001eb0,0x00050080,
0x00000006,0x00001eb4,0x00002b7c,0x000000c4,
0x000200f9,0x00001ea6,0x000200f8,0x00001eb5,
0x000200f9,0x00001eb6,0x000200f8,0x00001eb6,
0x000700f5,0x00000006,0x00002b80,0x00000138,
0x00001eb5,0x00002b86,0x00001ebf,0x000700f5,
0x00000019,0x00002b7d,0x0000006a,0x00001eb5,
0x00001ec1,0x00001ebf,0x000400f6,0x00001ec3,
0x00001ebf,0x00000000,0x000200f9,0x00001eb7,
0x000200f8,0x00001eb7,0x000500b1,0x000000d0,
0x00001eb9,0x00002b7d,0x0000019a,0x000300f7,
0x00001ebd,0x00000000,0x000400fa,0x00001eb9,
0x00001eba,0x00001ebd,0x000200f8,0x00001eba,
0x000200f9,0x0000219e,0x000200f8,0x0000219e,
0x000700f5,0x00000006,0x00002b81,0x00000138,
0x00001eba,0x000021b2,0x000021a3,0x000700f5,
0x00000006,0x00002b7e,0x00000138,0x00001eba,
0x000021b5,0x000021a3,0x000500b0,0x000000d0,
0x000021a2,0x00002b7e,0x00000071,0x000400f6,
0x000021b6,0x000021a3,0x00000000,0x000400fa,
0x000021a2,0x000021a3,0x000021b6,0x000200f8,
0x000021a3,0x00050080,0x00000006,0x000021a6,
0x00002b80,0x00002b7e,0x000500c2,0x00000006,
0x000021a8,0x000021a6,0x00000084,0x00050041,
0x00000007,0x000021a9,0x0000015e,0x000021a8,
0x0004003d,0x00000006,0x000021aa,0x000021a9,
0x000500c7,0x00000006,0x000021ac,0x000021a6,
0x00000080,0x000500c2,0x00000006,0x000021ad,
0x000021aa,0x000021ac,0x000500c7,0x00000006,
0x000021ae,0x000021ad,0x00000071,0x000500c4,
0x00000006,0x000021b0,0x000021ae,0x00002b7e,
0x000500c5,0x00000006,0x000021b2,0x00002b81,
0x000021b0,0x00050080,0x00000006,0x000021b5,
0x00002b7e,0x000000c4,0x000200f9,0x0000219e,
0x000200f8,0x000021b6,0x00050080,0x00000006,
0x000021b9,0x00002b80,0x00000071,0x000500aa,
0x000000d0,0x00001ebc,0x00002b81,0x00000138,
0x000200f9,0x00001ebd,0x000200f8,0x00001ebd,
0x000700f5,0x00000006,0x00002b86,0x00002b80,
0x00001eb7,0x000021b9,0x000021b6,0x000700f5,
0x000000d0,0x00001ebe,0x00001eb9,0x00001eb7,
0x00001ebc,0x000021b6,0x000400fa,0x00001ebe,
0x00001ebf,0x00001ec3,0x000200f8,0x00001ebf,
0x00050080,0x00000019,0x00001ec1,0x00002b7d,
0x000000c4,0x000200f9,0x00001eb6,0x000200f8,
0x00001ec3,0x000500af,0x000000d0,0x00001ec5,
0x00002b7d,0x0000019a,0x000300f7,0x00001ed2,
0x00000000,0x000400fa,0x00001ec5,0x00001ec6,
0x00001ed2,0x000200f8,0x00001ec6,0x000200f9,
0x00001ec7,0x000200f8,0x00001ec7,0x000700f5,
0x00000006,0x00002cb5,0x00000138,0x00001ec6,
0x00001ed0,0x00001ecb,0x000500b0,0x000000d0,
0x00001eca,0x00002cb5,0x00000049,0x000400f6,
0x00001ed1,0x00001ecb,0x00000000,0x000400fa,
0x00001eca,0x00001ecb,0x00001ed1,0x000200f8,
0x00001ecb,0x00050041,0x00000007,0x00001ecd,
0x0000004c,0x00002cb5,0x0003003e,0x00001ecd,
0x00000138,0x00050080,0x00000006,0x00001ed0,
0x00002cb5,0x000000c4,0x000200f9,0x00001ec7,
0x000200f8,0x00001ed1,0x000200f9,0x00002198,
0x000200f8,0x00001ed2,0x000500aa,0x000000d0,
0x00001ed4,0x00002b7d,0x0000006a,0x000500aa,
0x000000d0,0x00001ed6,0x00002b7d,0x000000c4,
0x000500a6,0x000000d0,0x00001ed7,0x00001ed4,
0x00001ed6,0x000500aa,0x000000d0,0x00001ed9,
0x00002b7d,0x000000ef,0x000500a6,0x000000d0,
0x00001eda,0x00001ed7,0x00001ed9,0x000500aa,
0x000000d0,0x00001edc,0x00002b7d,0x0000010e,
0x000500a6,0x000000d0,0x00001edd,0x00001eda,
0x00001edc,0x000500aa,0x000000d0,0x00001edf,
0x00002b7d,0x000001c5,0x000500a6,0x000000d0,
0x00001ee0,0x00001edd,0x00001edf,0x000300f7,
0x00001eed,0x00000000,0x000400fa,0x00001ee0,
0x00001ee1,0x00001eed,0x000200f8,0x00001ee1,
0x000500a6,0x000000d0,0x00001ee6,0x00001ed4,
0x00001ed9,0x000600a9,0x00000019,0x00001ee7,
0x00001ee6,0x0000010e,0x000000ef,0x000600a9,
0x00000006,0x00001eea,0x00001ed4,0x000000aa,
0x0000009c,0x000200f9,0x000021c0,0x000200f8,
0x000021c0,0x000700f5,0x00000006,0x00002b87,
0x00000138,0x00001ee1,0x000021d4,0x000021c5,
0x000700f5,0x00000006,0x00002b84,0x00000138,
0x00001ee1,0x000021d7,0x000021c5,0x000500b0,
0x000000d0,0x000021c4,0x00002b84,0x00001eea,
0x000400f6,0x000021d8,0x000021c5,0x00000000,
0x000400fa,0x000021c4,0x000021c5,0x000021d8,
0x000200f8,0x000021c5,0x00050080,0x00000006,
0x000021c8,0x00002b86,0x00002b84,0x000500c2,
0x00000006,0x000021ca,0x000021c8,0x00000084,
0x00050041,0x00000007,0x000021cb,0x0000015e,
0x000021ca,0x0004003d,0x00000006,0x000021cc,
0x000021cb,0x000500c7,0x00000006,0x000021ce,
0x000021c8,0x00000080,0x000500c2,0x00000006,
0x000021cf,0x000021cc,0x000021ce,0x000500c7,
0x00000006,0x000021d0,0x000021cf,0x00000071,
0x000500c4,0x00000006,0x000021d2,0x000021d0,
0x00002b84,0x000500c5,0x00000006,0x000021d4,
0x00002b87,0x000021d2,0x00050080,0x00000006,
0x000021d7,0x00002b84,0x000000c4,0x000200f9,
0x000021c0,0x000200f8,0x000021d8,0x00050080,
0x00000006,0x000021db,0x00002b86,0x00001eea,
0x0004007c,0x00000019,0x00001eec,0x00002b87,
0x000200f9,0x00001eed,0x000200f8,0x00001eed,
0x000700f5,0x00000019,0x00002bec,0x0000006a,
0x00001ed2,0x00001eec,0x000021d8,0x000700f5,
0x00000006,0x00002b8e,0x00002b86,0x00001ed2,
0x000021db,0x000021d8,0x000700f5,0x00000019,
0x00002b88,0x000000c4,0x00001ed2,0x00001ee7,
0x000021d8,0x00050084,0x00000019,0x00001eef,
0x00002b88,0x000000ef,0x000500aa,0x000000d0,
0x00001ef1,0x00002b7d,0x000001da,0x000500aa,
0x000000d0,0x00001ef3,0x00002b7d,0x000001dd,
0x000500a6,0x000000d0,0x00001ef4,0x00001ef1,
0x00001ef3,0x000300f7,0x00001efe,0x00000000,
0x000400fa,0x00001ef4,0x00001ef5,0x00001efe,
0x000200f8,0x00001ef5,0x000200f9,0x000021e2,
0x000200f8,0x000021e2,0x000700f5,0x00000006,
0x00002b8f,0x00000138,0x00001ef5,0x000021f6,
0x000021e7,0x000700f5,0x00000006,0x00002b8c,
0x00000138,0x00001ef5,0x000021f9,0x000021e7,
0x000500b0,0x000000d0,0x000021e6,0x00002b8c,
0x000000d4,0x000400f6,0x000021fa,0x000021e7,
0x00000000,0x000400fa,0x000021e6,0x000021e7,
0x000021fa,0x000200f8,0x000021e7,0x00050080,
0x00000006,0x000021ea,0x00002b8e,0x00002b8c,
0x000500c2,0x00000006,0x000021ec,0x000021ea,
0x00000084,0x00050041,0x00000007,0x000021ed,
0x0000015e,0x000021ec,0x0004003d,0x00000006,
0x000021ee,0x000021ed,0x000500c7,0x00000006,
0x000021f0,0x000021ea,0x00000080,0x000500c2,
0x00000006,0x000021f1,0x000021ee,0x000021f0,
0x000500c7,0x00000006,0x000021f2,0x000021f1,
0x00000071,0x000500c4,0x00000006,0x000021f4,
0x000021f2,0x00002b8c,0x000500c5,0x00000006,
0x000021f6,0x00002b8f,0x000021f4,0x00050080,
0x00000006,0x000021f9,0x00002b8c,0x000000c4,
0x000200f9,0x000021e2,0x000200f8,0x000021fa,
0x00050080,0x00000006,0x000021fd,0x00002b8e,
0x000000d4,0x0004007c,0x00000019,0x00001ef7,
0x00002b8f,0x000300f7,0x00001efd,0x00000000,
0x000400fa,0x00001ef1,0x00001efa,0x00001efd,
0x000200f8,0x00001efa,0x000200f9,0x00002204,
0x000200f8,0x00002204,0x000700f5,0x00000006,
0x00002b93,0x00000138,0x00001efa,0x00002218,
0x00002209,0x000700f5,0x00000006,0x00002b91,
0x00000138,0x00001efa,0x0000221b,0x00002209,
0x000500b0,0x000000d0,0x00002208,0x00002b91,
0x00000071,0x000400f6,0x0000221c,0x00002209,
0x00000000,0x000400fa,0x00002208,0x00002209,
0x0000221c,0x000200f8,0x00002209,0x00050080,
0x00000006,0x0000220c,0x000021fd,0x00002b91,
0x000500c2,0x00000006,0x0000220e,0x0000220c,
0x00000084,0x00050041,0x00000007,0x0000220f,
0x0000015e,0x0000220e,0x0004003d,0x00000006,
0x00002210,0x0000220f,0x000500c7,0x00000006,
0x00002212,0x0000220c,0x00000080,0x000500c2,
0x00000006,0x00002213,0x00002210,0x00002212,
0x000500c7,0x00000006,0x00002214,0x00002213,
0x00000071,0x000500c4,0x00000006,0x00002216,
0x00002214,0x00002b91,0x000500c5,0x00000006,
0x00002218,0x00002b93,0x00002216,0x00050080,
0x00000006,0x0000221b,0x00002b91,0x000000c4,
0x000200f9,0x00002204,0x000200f8,0x0000221c,
0x00050080,0x00000006,0x0000221f,0x00002b8e,
0x00000147,0x0004007c,0x00000019,0x00001efc,
0x00002b93,0x000200f9,0x00001efd,0x000200f8,
0x00001efd,0x000700f5,0x00000019,0x00002c2f,
0x0000006a,0x000021fa,0x00001efc,0x0000221c,
0x000700f5,0x00000006,0x00002ba6,0x000021fd,
0x000021fa,0x0000221f,0x0000221c,0x000200f9,
0x00001efe,0x000200f8,0x00001efe,0x000700f5,
0x00000019,0x00002c4b,0x0000006a,0x00001eed,
0x00001ef7,0x00001efd,0x000700f5,0x00000019,
0x00002c2c,0x0000006a,0x00001eed,0x00002c2f,
0x00001efd,0x000700f5,0x00000006,0x00002ba5,
0x00002b8e,0x00001eed,0x00002ba6,0x00001efd,
0x000200f9,0x00001eff,0x000200f8,0x00001eff,
0x000700f5,0x00000006,0x00002ba4,0x00002ba5,
0x00001efe,0x00002cb2,0x00001f17,0x000700f5,
0x00000019,0x00002b94,0x0000006a,0x00001efe,
0x00001f19,0x00001f17,0x000500b1,0x000000d0,
0x00001f02,0x00002b94,0x0000010e,0x000400f6,
0x00001f1a,0x00001f17,0x00000000,0x000400fa,
0x00001f02,0x00001f03,0x00001f1a,0x000200f8,
0x00001f03,0x000200f9,0x00001f04,0x000200f8,
0x00001f04,0x000700f5,0x00000006,0x00002cb2,
0x00002ba4,0x00001f03,0x00002241,0x00001f13,
0x000700f5,0x00000019,0x00002cad,0x0000006a,
0x00001f03,0x00001f15,0x00001f13,0x000500b1,
0x000000d0,0x00001f08,0x00002cad,0x00001eef,
0x000400f6,0x00001f16,0x00001f13,0x00000000,
0x000400fa,0x00001f08,0x00001f09,0x00001f16,
0x000200f8,0x00001f09,0x0003003e,0x00001e3b,
0x00000203,0x00050041,0x0000001a,0x00001f0d,
0x00001e3b,0x00002b7d,0x0004003d,0x00000019,
0x00001f0e,0x00001f0d,0x0004007c,0x00000006,
0x00001f0f,0x00001f0e,0x000200f9,0x00002226,
0x000200f8,0x00002226,0x000700f5,0x00000006,
0x00002cb3,0x00000138,0x00001f09,0x0000223a,
0x0000222b,0x000700f5,0x00000006,0x00002cb0,
0x00000138,0x00001f09,0x0000223d,0x0000222b,
0x000500b0,0x000000d0,0x0000222a,0x00002cb0,
0x00001f0f,0x000400f6,0x0000223e,0x0000222b,
0x00000000,0x000400fa,0x0000222a,0x0000222b,
0x0000223e,0x000200f8,0x0000222b,0x00050080,
0x00000006,0x0000222e,0x00002cb2,0x00002cb0,
0x000500c2,0x00000006,0x00002230,0x0000222e,
0x00000084,0x00050041,0x00000007,0x00002231,
0x0000015e,0x00002230,0x0004003d,0x00000006,
0x00002232,0x00002231,0x000500c7,0x00000006,
0x00002234,0x0000222e,0x00000080,0x000500c2,
0x00000006,0x00002235,0x00002232,0x00002234,
0x000500c7,0x00000006,0x00002236,0x00002235,
0x00000071,0x000500c4,0x00000006,0x00002238,
0x00002236,0x00002cb0,0x000500c5,0x00000006,
0x0000223a,0x00002cb3,0x00002238,0x00050080,
0x00000006,0x0000223d,0x00002cb0,0x000000c4,
0x000200f9,0x00002226,0x000200f8,0x0000223e,
0x00050080,0x00000006,0x00002241,0x00002cb2,
0x00001f0f,0x0004007c,0x00000019,0x00001f11,
0x00002cb3,0x00060041,0x0000001a,0x00001f12,
0x00001e3a,0x00002cad,0x00002b94,0x0003003e,
0x00001f12,0x00001f11,0x000200f9,0x00001f13,
0x000200f8,0x00001f13,0x00050080,0x00000019,
0x00001f15,0x00002cad,0x000000c4,0x000200f9,
0x00001f04,0x000200f8,0x00001f16,0x000200f9,
0x00001f17,0x000200f8,0x00001f17,0x00050080,
0x00000019,0x00001f19,0x00002b94,0x000000c4,
0x000200f9,0x00001eff,0x000200f8,0x00001f1a,
0x0003003e,0x00001e3d,0x00000211,0x00050041,
0x0000001a,0x00001f1c,0x00001e3d,0x00002b7d,
0x0004003d,0x00000019,0x00001f1d,0x00001f1c,
0x000500ad,0x000000d0,0x00001f1e,0x00001f1d,
0x0000006a,0x000300f7,0x00001f32,0x00000000,
0x000400fa,0x00001f1e,0x00001f1f,0x00001f32,
0x000200f8,0x00001f1f,0x000200f9,0x00001f20,
0x000200f8,0x00001f20,0x000700f5,0x00000006,
0x00002ba7,0x00002ba4,0x00001f1f,0x00002263,
0x00001f2e,0x000700f5,0x00000019,0x00002b99,
0x0000006a,0x00001f1f,0x00001f30,0x00001f2e,
0x000500b1,0x000000d0,0x00001f24,0x00002b99,
0x00001eef,0x000400f6,0x00001f31,0x00001f2e,
0x00000000,0x000400fa,0x00001f24,0x00001f25,
0x00001f31,0x000200f8,0x00001f25,0x0003003e,
0x00001e3f,0x00000211,0x00050041,0x0000001a,
0x00001f28,0x00001e3f,0x00002b7d,0x0004003d,
0x00000019,0x00001f29,0x00001f28,0x0004007c,
0x00000006,0x00001f2a,0x00001f29,0x000200f9,
0x00002248,0x000200f8,0x00002248,0x000700f5,
0x00000006,0x00002cab,0x00000138,0x00001f25,
0x0000225c,0x0000224d,0x000700f5,0x00000006,
0x00002ca9,0x00000138,0x00001f25,0x0000225f,
0x0000224d,0x000500b0,0x000000d0,0x0000224c,
0x00002ca9,0x00001f2a,0x000400f6,0x00002260,
0x0000224d,0x00000000,0x000400fa,0x0000224c,
0x0000224d,0x00002260,0x000200f8,0x0000224d,
0x00050080,0x00000006,0x00002250,0x00002ba7,
0x00002ca9,0x000500c2,0x00000006,0x00002252,
0x00002250,0x00000084,0x00050041,0x00000007,
0x00002253,0x0000015e,0x00002252,0x0004003d,
0x00000006,0x00002254,0x00002253,0x000500c7,
0x00000006,0x00002256,0x00002250,0x00000080,
0x000500c2,0x00000006,0x00002257,0x00002254,
0x00002256,0x000500c7,0x00000006,0x00002258,
0x00002257,0x00000071,0x000500c4,0x00000006,
0x0000225a,0x00002258,0x00002ca9,0x000500c5,
0x00000006,0x0000225c,0x00002cab,0x0000225a,
0x00050080,0x00000006,0x0000225f,0x00002ca9,
0x000000c4,0x000200f9,0x00002248,0x000200f8,
0x00002260,0x00050080,0x00000006,0x00002263,
0x00002ba7,0x00001f2a,0x0004007c,0x00000019,
0x00001f2c,0x00002cab,0x00060041,0x0000001a,
0x00001f2d,0x00001e3a,0x00002b99,0x0000010e,
0x0003003e,0x00001f2d,0x00001f2c,0x000200f9,
0x00001f2e,0x000200f8,0x00001f2e,0x00050080,
0x00000019,0x00001f30,0x00002b99,0x000000c4,
0x000200f9,0x00001f20,0x000200f8,0x00001f31,
0x000200f9,0x00001f32,0x000200f8,0x00001f32,
0x000700f5,0x00000006,0x00002ba3,0x00002ba4,
0x00001f1a,0x00002ba7,0x00001f31,0x000500a6,
0x000000d0,0x00001f3a,0x00001ed7,0x00001edc,
0x000500aa,0x000000d0,0x00001f3c,0x00002b7d,
0x0000017e,0x000500a6,0x000000d0,0x00001f3d,
0x00001f3a,0x00001f3c,0x000500a6,0x000000d0,
0x00001f40,0x00001f3d,0x00001edf,0x000300f7,
0x00001fa8,0x00000000,0x000400fa,0x00001f40,
0x00001f41,0x00001fa8,0x000200f8,0x00001f41,
0x000200f9,0x00001f42,0x000200f8,0x00001f42,
0x000700f5,0x00000019,0x00002b9c,0x0000006a,
0x00001f41,0x00001f59,0x00001f57,0x000500b1,
0x000000d0,0x00001f46,0x00002b9c,0x00001eef,
0x000400f6,0x00001f5a,0x00001f57,0x00000000,
0x000400fa,0x00001f46,0x00001f47,0x00001f5a,
0x000200f8,0x00001f47,0x000200f9,0x00001f48,
0x000200f8,0x00001f48,0x000700f5,0x00000019,
0x00002ca7,0x0000006a,0x00001f47,0x00001f55,
0x00001f4c,0x000500b1,0x000000d0,0x00001f4b,
0x00002ca7,0x000001da,0x000400f6,0x00001f56,
0x00001f4c,0x00000000,0x000400fa,0x00001f4b,
0x00001f4c,0x00001f56,0x000200f8,0x00001f4c,
0x00060041,0x0000001a,0x00001f4f,0x00001e3a,
0x00002b9c,0x00002ca7,0x0004003d,0x00000019,
0x00001f50,0x00001f4f,0x000500c4,0x00000019,
0x00001f51,0x00001f50,0x000000c4,0x0003003e,
0x00001f4f,0x00001f51,0x00050080,0x00000019,
0x00001f55,0x00002ca7,0x000000c4,0x000200f9,
0x00001f48,0x000200f8,0x00001f56,0x000200f9,
0x00001f57,0x000200f8,0x00001f57,0x00050080,
0x00000019,0x00001f59,0x00002b9c,0x000000c4,
0x000200f9,0x00001f42,0x000200f8,0x00001f5a,
0x000300f7,0x00001fa7,0x00000000,0x000400fa,
0x00001ed6,0x00001f5d,0x00001f83,0x000200f8,
0x00001f5d,0x000200f9,0x0000226a,0x000200f8,
0x0000226a,0x000700f5,0x00000006,0x00002bae,
0x00000138,0x00001f5d,0x0000227e,0x0000226f,
0x000700f5,0x00000006,0x00002bac,0x00000138,
0x00001f5d,0x00002281,0x0000226f,0x000500b0,
0x000000d0,0x0000226e,0x00002bac,0x00000071,
0x000400f6,0x00002282,0x0000226f,0x00000000,
0x000400fa,0x0000226e,0x0000226f,0x00002282,
0x000200f8,0x0000226f,0x00050080,0x00000006,
0x00002272,0x00002ba3,0x00002bac,0x000500c2,
0x00000006,0x00002274,0x00002272,0x00000084,
0x00050041,0x00000007,0x00002275,0x0000015e,
0x00002274,0x0004003d,0x00000006,0x00002276,
0x00002275,0x000500c7,0x00000006,0x00002278,
0x00002272,0x00000080,0x000500c2,0x00000006,
0x00002279,0x00002276,0x00002278,0x000500c7,
0x00000006,0x0000227a,0x00002279,0x00000071,
0x000500c4,0x00000006,0x0000227c,0x0000227a,
0x00002bac,0x000500c5,0x00000006,0x0000227e,
0x00002bae,0x0000227c,0x00050080,0x00000006,
0x00002281,0x00002bac,0x000000c4,0x000200f9,
0x0000226a,0x000200f8,0x00002282,0x00050080,
0x00000006,0x00002285,0x00002ba3,0x00000071,
0x0004007c,0x00000019,0x00001f5f,0x00002bae,
0x000200f9,0x0000228c,0x000200f8,0x0000228c,
0x000700f5,0x00000006,0x00002bb1,0x00000138,
0x00002282,0x000022a0,0x00002291,0x000700f5,
0x00000006,0x00002baf,0x00000138,0x00002282,
0x000022a3,0x00002291,0x000500b0,0x000000d0,
0x00002290,0x00002baf,0x00000071,0x000400f6,
0x000022a4,0x00002291,0x00000000,0x000400fa,
0x00002290,0x00002291,0x000022a4,0x000200f8,
0x00002291,0x00050080,0x00000006,0x00002294,
0x00002285,0x00002baf,0x000500c2,0x00000006,
0x00002296,0x00002294,0x00000084,0x00050041,
0x00000007,0x00002297,0x0000015e,0x00002296,
0x0004003d,0x00000006,0x00002298,0x00002297,
0x000500c7,0x00000006,0x0000229a,0x00002294,
0x00000080,0x000500c2,0x00000006,0x0000229b,
0x00002298,0x0000229a,0x000500c7,0x00000006,
0x0000229c,0x0000229b,0x00000071,0x000500c4,
0x00000006,0x0000229e,0x0000229c,0x00002baf,
0x000500c5,0x00000006,0x000022a0,0x00002bb1,
0x0000229e,0x00050080,0x00000006,0x000022a3,
0x00002baf,0x000000c4,0x000200f9,0x0000228c,
0x000200f8,0x000022a4,0x00050080,0x00000006,
0x000022a7,0x00002ba3,0x000000d4,0x0004007c,
0x00000019,0x00001f61,0x00002bb1,0x000200f9,
0x00001f62,0x000200f8,0x00001f62,0x000700f5,
0x00000019,0x00002bb2,0x0000006a,0x000022a4,
0x00001f81,0x00001f66,0x000500b1,0x000000d0,
0x00001f65,0x00002bb2,0x0000010e,0x000400f6,
0x00001f82,0x00001f66,0x00000000,0x000400fa,
0x00001f65,0x00001f66,0x00001f82,0x000200f8,
0x00001f66,0x00060041,0x0000001a,0x00001f69,
0x00001e3a,0x0000006a,0x00002bb2,0x0004003d,
0x00000019,0x00001f6a,0x00001f69,0x000500c5,
0x00000019,0x00001f6b,0x00001f6a,0x00001f5f,
0x0003003e,0x00001f69,0x00001f6b,0x00060041,
0x0000001a,0x00001f6f,0x00001e3a,0x000000c4,
0x00002bb2,0x0004003d,0x00000019,0x00001f70,
0x00001f6f,0x000500c5,0x00000019,0x00001f71,
0x00001f70,0x00001f5f,0x0003003e,0x00001f6f,
0x00001f71,0x00060041,0x0000001a,0x00001f75,
0x00001e3a,0x000000ef,0x00002bb2,0x0004003d,
0x00000019,0x00001f76,0x00001f75,0x000500c5,
0x00000019,0x00001f77,0x00001f76,0x00001f61,
0x0003003e,0x00001f75,0x00001f77,0x00060041,
0x0000001a,0x00001f7b,0x00001e3a,0x0000010e,
0x00002bb2,0x0004003d,0x00000019,0x00001f7c,
0x00001f7b,0x000500c5,0x00000019,0x00001f7d,
0x00001f7c,0x00001f61,0x0003003e,0x00001f7b,
0x00001f7d,0x00050080,0x00000019,0x00001f81,
0x00002bb2,0x000000c4,0x000200f9,0x00001f62,
0x000200f8,0x00001f82,0x000200f9,0x00001fa7,
0x000200f8,0x00001f83,0x000500c4,0x00000019,
0x00001f86,0x000000c4,0x00002b7d,0x000500c7,
0x00000019,0x00001f87,0x0000022f,0x00001f86,
0x000500ab,0x000000d0,0x00001f88,0x00001f87,
0x0000006a,0x000300f7,0x00001fa6,0x00000000,
0x000400fa,0x00001f88,0x00001f89,0x00001fa6,
0x000200f8,0x00001f89,0x000200f9,0x00001f8a,
0x000200f8,0x00001f8a,0x000700f5,0x00000006,
0x00002ba1,0x00002ba3,0x00001f89,0x000022c9,
0x00001fa2,0x000700f5,0x00000019,0x00002b9e,
0x0000006a,0x00001f89,0x00001fa4,0x00001fa2,
0x000500b1,0x000000d0,0x00001f8e,0x00002b9e,
0x00001eef,0x000400f6,0x00001fa5,0x00001fa2,
0x00000000,0x000400fa,0x00001f8e,0x00001f8f,
0x00001fa5,0x000200f8,0x00001f8f,0x000200f9,
0x000022ae,0x000200f8,0x000022ae,0x000700f5,
0x00000006,0x00002ba8,0x00000138,0x00001f8f,
0x000022c2,0x000022b3,0x000700f5,0x00000006,
0x00002b9f,0x00000138,0x00001f8f,0x000022c5,
0x000022b3,0x000500b0,0x000000d0,0x000022b2,
0x00002b9f,0x00000071,0x000400f6,0x000022c6,
0x000022b3,0x00000000,0x000400fa,0x000022b2,
0x000022b3,0x000022c6,0x000200f8,0x000022b3,
0x00050080,0x00000006,0x000022b6,0x00002ba1,
0x00002b9f,0x000500c2,0x00000006,0x000022b8,
0x000022b6,0x00000084,0x00050041,0x00000007,
0x000022b9,0x0000015e,0x000022b8,0x0004003d,
0x00000006,0x000022ba,0x000022b9,0x000500c7,
0x00000006,0x000022bc,0x000022b6,0x00000080,
0x000500c2,0x00000006,0x000022bd,0x000022ba,
0x000022bc,0x000500c7,0x00000006,0x000022be,
0x000022bd,0x00000071,0x000500c4,0x00000006,
0x000022c0,0x000022be,0x00002b9f,0x000500c5,
0x00000006,0x000022c2,0x00002ba8,0x000022c0,
0x00050080,0x00000006,0x000022c5,0x00002b9f,
0x000000c4,0x000200f9,0x000022ae,0x000200f8,
0x000022c6,0x00050080,0x00000006,0x000022c9,
0x00002ba1,0x00000071,0x0004007c,0x00000019,
0x00001f91,0x00002ba8,0x000200f9,0x00001f92,
0x000200f8,0x00001f92,0x000700f5,0x00000019,
0x00002ba9,0x0000006a,0x000022c6,0x00001fa0,
0x00001f96,0x000500b1,0x000000d0,0x00001f95,
0x00002ba9,0x000001da,0x000400f6,0x00001fa1,
0x00001f96,0x00000000,0x000400fa,0x00001f95,
0x00001f96,0x00001fa1,0x000200f8,0x00001f96,
0x00060041,0x0000001a,0x00001f9a,0x00001e3a,
0x00002b9e,0x00002ba9,0x0004003d,0x00000019,
0x00001f9b,0x00001f9a,0x000500c5,0x00000019,
0x00001f9c,0x00001f9b,0x00001f91,0x0003003e,
0x00001f9a,0x00001f9c,0x00050080,0x00000019,
0x00001fa0,0x00002ba9,0x000000c4,0x000200f9,
0x00001f92,0x000200f8,0x00001fa1,0x000200f9,
0x00001fa2,0x000200f8,0x00001fa2,0x00050080,
0x00000019,0x00001fa4,0x00002b9e,0x000000c4,
0x000200f9,0x00001f8a,0x000200f8,0x00001fa5,
0x000200f9,0x00001fa6,0x000200f8,0x00001fa6,
0x000700f5,0x00000006,0x00002c17,0x00002ba3,
0x00001f83,0x00002ba1,0x00001fa5,0x000200f9,
0x00001fa7,0x000200f8,0x00001fa7,0x000700f5,
0x00000006,0x00002c15,0x000022a7,0x00001f82,
0x00002c17,0x00001fa6,0x000200f9,0x00001fa8,
0x000200f8,0x00001fa8,0x000700f5,0x00000006,
0x00002c14,0x00002ba3,0x00001f32,0x00002c15,
0x00001fa7,0x000200f9,0x00001fa9,0x000200f8,
0x00001fa9,0x000700f5,0x00000019,0x00002bb3,
0x0000006a,0x00001fa8,0x00001ff5,0x00001ff3,
0x000500b1,0x000000d0,0x00001fad,0x00002bb3,
0x00001eef,0x000400f6,0x00001ff6,0x00001ff3,
0x00000000,0x000400fa,0x00001fad,0x00001fae,
0x00001ff6,0x000200f8,0x00001fae,0x0003003e,
0x00001e4f,0x00000203,0x00050041,0x0000001a,
0x00001fb0,0x00001e4f,0x00002b7d,0x0004003d,
0x00000019,0x00001fb1,0x00001fb0,0x000500c3,
0x00000019,0x00001fb4,0x0000022f,0x00002b7d,
0x000500c7,0x00000019,0x00001fb5,0x00001fb4,
0x000000c4,0x00050080,0x00000019,0x00001fb6,
0x00001fb1,0x00001fb5,0x000200f9,0x00001fb7,
0x000200f8,0x00001fb7,0x000700f5,0x00000019,
0x00002ca3,0x0000006a,0x00001fae,0x00001fd6,
0x00001fbb,0x000500b1,0x000000d0,0x00001fba,
0x00002ca3,0x0000010e,0x000400f6,0x00001fd7,
0x00001fbb,0x00000000,0x000400fa,0x00001fba,
0x00001fbb,0x00001fd7,0x000200f8,0x00001fbb,
0x00060041,0x0000001a,0x00001fc0,0x00001e3a,
0x00002bb3,0x00002ca3,0x0004003d,0x00000019,
0x00001fc1,0x00001fc0,0x00050082,0x00000019,
0x00001fc3,0x0000019a,0x00001fb6,0x000500c4,
0x00000019,0x00001fc4,0x00001fc1,0x00001fc3,
0x0003003e,0x00001fc0,0x00001fc4,0x0004003d,
0x00000019,0x00001fcb,0x00001fc0,0x0004003d,
0x00000019,0x00001fcf,0x00001fc0,0x000500c3,
0x00000019,0x00001fd1,0x00001fcf,0x00001fb6,
0x000500c5,0x00000019,0x00001fd2,0x00001fcb,
0x00001fd1,0x0003003e,0x00001fc0,0x00001fd2,
0x00050080,0x00000019,0x00001fd6,0x00002ca3,
0x000000c4,0x000200f9,0x00001fb7,0x000200f8,
0x00001fd7,0x0003003e,0x00001e51,0x00000211,
0x00050041,0x0000001a,0x00001fd9,0x00001e51,
0x00002b7d,0x0004003d,0x00000019,0x00001fda,
0x00001fd9,0x00050080,0x00000019,0x00001fdf,
0x00001fda,0x00001fb5,0x00060041,0x0000001a,
0x00001fe2,0x00001e3a,0x00002bb3,0x0000010e,
0x0004003d,0x00000019,0x00001fe3,0x00001fe2,
0x00050082,0x00000019,0x00001fe5,0x0000019a,
0x00001fdf,0x000500c4,0x00000019,0x00001fe6,
0x00001fe3,0x00001fe5,0x0003003e,0x00001fe2,
0x00001fe6,0x0004003d,0x00000019,0x00001feb,
0x00001fe2,0x0004003d,0x00000019,0x00001fee,
0x00001fe2,0x000500c3,0x00000019,0x00001ff0,
0x00001fee,0x00001fdf,0x000500c5,0x00000019,
0x00001ff1,0x00001feb,0x00001ff0,0x0003003e,
0x00001fe2,0x00001ff1,0x000200f9,0x00001ff3,
0x000200f8,0x00001ff3,0x00050080,0x00000019,
0x00001ff5,0x00002bb3,0x000000c4,0x000200f9,
0x00001fa9,0x000200f8,0x00001ff6,0x0003003e,
0x00001e52,0x00000211,0x00050041,0x0000001a,
0x00001ff8,0x00001e52,0x00002b7d,0x0004003d,
0x00000019,0x00001ff9,0x00001ff8,0x000500aa,
0x000000d0,0x00001ffa,0x00001ff9,0x0000006a,
0x000300f7,0x00002008,0x00000000,0x000400fa,
0x00001ffa,0x00001ffb,0x00002008,0x000200f8,
0x00001ffb,0x000200f9,0x00001ffc,0x000200f8,
0x00001ffc,0x000700f5,0x00000019,0x00002bbe,
0x0000006a,0x00001ffb,0x00002006,0x00002001,
0x000500b1,0x000000d0,0x00002000,0x00002bbe,
0x00001eef,0x000400f6,0x00002007,0x00002001,
0x00000000,0x000400fa,0x00002000,0x00002001,
0x00002007,0x000200f8,0x00002001,0x00060041,
0x0000001a,0x00002003,0x00001e3a,0x00002bbe,
0x0000010e,0x0003003e,0x00002003,0x00000315,
0x00050080,0x00000019,0x00002006,0x00002bbe,
0x000000c4,0x000200f9,0x00001ffc,0x000200f8,
0x00002007,0x000200f9,0x00002008,0x000200f8,
0x00002008,0x000300f7,0x00002013,0x00000000,
0x000400fa,0x00001ed7,0x0000200e,0x0000200f,
0x000200f8,0x0000200e,0x000200f9,0x00002013,
0x000200f8,0x0000200f,0x000600a9,0x00000019,
0x00002012,0x00001f3c,0x000001da,0x000000ef,
0x000200f9,0x00002013,0x000200f8,0x00002013,
0x000700f5,0x00000019,0x00002bc1,0x0000010e,
0x0000200e,0x00002012,0x0000200f,0x000300f7,
0x0000201c,0x00000000,0x000400fa,0x00001ef1,
0x00002017,0x00002018,0x000200f8,0x00002017,
0x000200f9,0x0000201c,0x000200f8,0x00002018,
0x000600a9,0x00000019,0x0000201b,0x00001ef3,
0x000000ef,0x0000006a,0x000200f9,0x0000201c,
0x000200f8,0x0000201c,0x000700f5,0x00000019,
0x00002bc3,0x0000010e,0x00002017,0x0000201b,
0x00002018,0x000200f9,0x0000201e,0x000200f8,
0x0000201e,0x000700f5,0x00000006,0x00002c0f,
0x00002c14,0x0000201c,0x00002c9f,0x0000206d,
0x000700f5,0x00000019,0x00002bc4,0x0000006a,
0x0000201c,0x0000206f,0x0000206d,0x000500b1,
0x000000d0,0x00002021,0x00002bc4,0x000001da,
0x000400f6,0x00002070,0x0000206d,0x00000000,
0x000400fa,0x00002021,0x00002022,0x00002070,
0x000200f8,0x00002022,0x000200f9,0x00002023,
0x000200f8,0x00002023,0x000700f5,0x00000006,
0x00002c9f,0x00002c0f,0x00002022,0x000022eb,
0x00002069,0x000700f5,0x00000019,0x00002c85,
0x0000006a,0x00002022,0x0000206b,0x00002069,
0x000500b1,0x000000d0,0x00002026,0x00002c85,
0x000001da,0x000400f6,0x0000206c,0x00002069,
0x00000000,0x000400fa,0x00002026,0x00002027,
0x0000206c,0x000200f8,0x00002027,0x000500aa,
0x000000d0,0x00002029,0x00002b88,0x000000c4,
0x000300f7,0x0000204b,0x00000000,0x000400fa,
0x00002029,0x0000202a,0x00002030,0x000200f8,
0x0000202a,0x000500c5,0x00000019,0x0000202d,
0x00002bc4,0x00002c85,0x000500ab,0x000000d0,
0x0000202e,0x0000202d,0x0000006a,0x000600a9,
0x00000019,0x0000202f,0x0000202e,0x0000006a,
0x0000034c,0x000200f9,0x0000204b,0x000200f8,
0x00002030,0x000500aa,0x000000d0,0x00002032,
0x00002b88,0x0000010e,0x000300f7,0x00002049,
0x00000000,0x000400fa,0x00002032,0x00002033,
0x0000203e,0x000200f8,0x00002033,0x00050084,
0x00000019,0x00002035,0x00002bec,0x0000035b,
0x00050084,0x00000019,0x00002037,0x00002bc4,
0x000001da,0x00050080,0x00000019,0x00002038,
0x00002035,0x00002037,0x00050080,0x00000019,
0x0000203a,0x00002038,0x00002c85,0x0003003e,
0x00001e5d,0x00000359,0x00050041,0x00000007,
0x0000203b,0x00001e5d,0x0000203a,0x0004003d,
0x00000006,0x0000203c,0x0000203b,0x0004007c,
0x00000019,0x0000203d,0x0000203c,0x000200f9,
0x00002049,0x000200f8,0x0000203e,0x00050084,
0x00000019,0x00002040,0x00002bec,0x0000035b,
0x00050084,0x00000019,0x00002042,0x00002bc4,
0x000001da,0x00050080,0x00000019,0x00002043,
0x00002040,0x00002042,0x00050080,0x00000019,
0x00002045,0x00002043,0x00002c85,0x0003003e,
0x00001e5e,0x00000368,0x00050041,0x00000007,
0x00002046,0x00001e5e,0x00002045,0x0004003d,
0x00000006,0x00002047,0x00002046,0x0004007c,
0x00000019,0x00002048,0x00002047,0x000200f9,
0x00002049,0x000200f8,0x00002049,0x000700f5,
0x00000019,0x00002c89,0x0000203d,0x00002033,
0x00002048,0x0000203e,0x000200f9,0x0000204b,
0x000200f8,0x0000204b,0x000700f5,0x00000019,
0x00002c8a,0x0000202f,0x0000202a,0x00002c89,
0x00002049,0x000300f7,0x00002057,0x00000000,
0x000400fa,0x00001ed7,0x00002052,0x00002053,
0x000200f8,0x00002052,0x000200f9,0x00002057,
0x000200f8,0x00002053,0x000600a9,0x00000019,
0x00002056,0x00001f3c,0x000001da,0x000000ef,
0x000200f9,0x00002057,0x000200f8,0x00002057,
0x000700f5,0x00000019,0x00002c90,0x0000010e,
0x00002052,0x00002056,0x00002053,0x000500c7,
0x00000019,0x0000205a,0x00002c8a,0x0000034c,
0x000500ab,0x000000d0,0x0000205b,0x0000205a,
0x0000006a,0x000300f7,0x0000205f,0x00000000,
0x000400fa,0x0000205b,0x0000205c,0x0000205f,
0x000200f8,0x0000205c,0x00050082,0x00000019,
0x0000205e,0x00002c90,0x000000c4,0x000200f9,
0x0000205f,0x000200f8,0x0000205f,0x000700f5,
0x00000019,0x00002c99,0x00002c90,0x00002057,
0x0000205e,0x0000205c,0x00050084,0x00000019,
0x00002061,0x00002bc4,0x000001da,0x00050080,
0x00000019,0x00002063,0x00002061,0x00002c85,
0x0004007c,0x00000006,0x00002065,0x00002c99,
0x000200f9,0x000022d0,0x000200f8,0x000022d0,
0x000700f5,0x00000006,0x00002ca1,0x00000138,
0x0000205f,0x000022e4,0x000022d5,0x000700f5,
0x00000006,0x00002c9a,0x00000138,0x0000205f,
0x000022e7,0x000022d5,0x000500b0,0x000000d0,
0x000022d4,0x00002c9a,0x00002065,0x000400f6,
0x000022e8,0x000022d5,0x00000000,0x000400fa,
0x000022d4,0x000022d5,0x000022e8,0x000200f8,
0x000022d5,0x00050080,0x00000006,0x000022d8,
0x00002c9f,0x00002c9a,0x000500c2,0x00000006,
0x000022da,0x000022d8,0x00000084,0x00050041,
0x00000007,0x000022db,0x0000015e,0x000022da,
0x0004003d,0x00000006,0x000022dc,0x000022db,
0x000500c7,0x00000006,0x000022de,0x000022d8,
0x00000080,0x000500c2,0x00000006,0x000022df,
0x000022dc,0x000022de,0x000500c7,0x00000006,
0x000022e0,0x000022df,0x00000071,0x000500c4,
0x00000006,0x000022e2,0x000022e0,0x00002c9a,
0x000500c5,0x00000006,0x000022e4,0x00002ca1,
0x000022e2,0x00050080,0x00000006,0x000022e7,
0x00002c9a,0x000000c4,0x000200f9,0x000022d0,
0x000200f8,0x000022e8,0x00050080,0x00000006,
0x000022eb,0x00002c9f,0x00002065,0x0004007c,
0x00000019,0x00002067,0x00002ca1,0x00050041,
0x0000001a,0x00002068,0x00001e61,0x00002063,
0x0003003e,0x00002068,0x00002067,0x000200f9,
0x00002069,0x000200f8,0x00002069,0x00050080,
0x00000019,0x0000206b,0x00002c85,0x000000c4,
0x000200f9,0x00002023,0x000200f8,0x0000206c,
0x000200f9,0x0000206d,0x000200f8,0x0000206d,
0x00050080,0x00000019,0x0000206f,0x00002bc4,
0x000000c4,0x000200f9,0x0000201e,0x000200f8,
0x00002070,0x000200f9,0x00002071,0x000200f8,
0x00002071,0x000700f5,0x00000019,0x00002bc5,
0x0000006a,0x00002070,0x00002196,0x00002194,
0x000700f5,0x00000006,0x00002c0e,0x00002c0f,
0x00002070,0x00002c0d,0x00002194,0x000500b1,
0x000000d0,0x00002074,0x00002bc5,0x000001da,
0x000400f6,0x00002197,0x00002194,0x00000000,
0x000400fa,0x00002074,0x00002075,0x00002197,
0x000200f8,0x00002075,0x000200f9,0x00002076,
0x000200f8,0x00002076,0x000700f5,0x00000006,
0x00002c0d,0x00002c0e,0x00002075,0x00003052,
0x00002190,0x000700f5,0x00000019,0x00002bc6,
0x0000006a,0x00002075,0x00002192,0x00002190,
0x000500b1,0x000000d0,0x00002079,0x00002bc6,
0x000001da,0x000400f6,0x00002193,0x00002190,
0x00000000,0x000400fa,0x00002079,0x0000207a,
0x00002193,0x000200f8,0x0000207a,0x000500aa,
0x000000d0,0x0000207c,0x00002b88,0x000000c4,
0x000300f7,0x0000209e,0x00000000,0x000400fa,
0x0000207c,0x0000207d,0x00002083,0x000200f8,
0x0000207d,0x000500c5,0x00000019,0x00002080,
0x00002bc5,0x00002bc6,0x000500ab,0x000000d0,
0x00002081,0x00002080,0x0000006a,0x000600a9,
0x00000019,0x00002082,0x00002081,0x0000006a,
0x0000034c,0x000200f9,0x0000209e,0x000200f8,
0x00002083,0x000500aa,0x000000d0,0x00002085,
0x00002b88,0x0000010e,0x000300f7,0x0000209c,
0x00000000,0x000400fa,0x00002085,0x00002086,
0x00002091,0x000200f8,0x00002086,0x00050084,
0x00000019,0x00002088,0x00002bec,0x0000035b,
0x00050084,0x00000019,0x0000208a,0x00002bc5,
0x000001da,0x00050080,0x00000019,0x0000208b,
0x00002088,0x0000208a,0x00050080,0x00000019,
0x0000208d,0x0000208b,0x00002bc6,0x0003003e,
0x00001e68,0x00000359,0x00050041,0x00000007,
0x0000208e,0x00001e68,0x0000208d,0x0004003d,
0x00000006,0x0000208f,0x0000208e,0x0004007c,
0x00000019,0x00002090,0x0000208f,0x000200f9,
0x0000209c,0x000200f8,0x00002091,0x00050084,
0x00000019,0x00002093,0x00002bec,0x0000035b,
0x00050084,0x00000019,0x00002095,0x00002bc5,
0x000001da,0x00050080,0x00000019,0x00002096,
0x00002093,0x00002095,0x00050080,0x00000019,
0x00002098,0x00002096,0x00002bc6,0x0003003e,
0x00001e69,0x00000368,0x00050041,0x00000007,
0x00002099,0x00001e69,0x00002098,0x0004003d,
0x00000006,0x0000209a,0x00002099,0x0004007c,
0x00000019,0x0000209b,0x0000209a,0x000200f9,
0x0000209c,0x000200f8,0x0000209c,0x000700f5,
0x00000019,0x00002bfb,0x00002090,0x00002086,
0x0000209b,0x00002091,0x000200f9,0x0000209e,
0x000200f8,0x0000209e,0x000700f5,0x00000019,
0x00002bfc,0x00002082,0x0000207d,0x00002bfb,
0x0000209c,0x000500c7,0x00000019,0x000020a1,
0x00002bfc,0x0000010e,0x00050084,0x00000019,
0x000020a3,0x00002bc5,0x000001da,0x00050080,
0x00000019,0x000020a5,0x000020a3,0x00002bc6,
0x00050041,0x0000001a,0x000020a6,0x00001e61,
0x000020a5,0x0004003d,0x00000019,0x000020a7,
0x000020a6,0x000500aa,0x000000d0,0x000020a9,
0x00002bc1,0x000000ef,0x000300f7,0x000020bb,
0x00000000,0x000400fa,0x000020a9,0x000020aa,
0x000020ae,0x000200f8,0x000020aa,0x0003003e,
0x00001e6e,0x000003e8,0x00050041,0x0000001a,
0x000020ac,0x00001e6e,0x000020a7,0x0004003d,
0x00000019,0x000020ad,0x000020ac,0x000200f9,
0x000020bb,0x000200f8,0x000020ae,0x000500aa,
0x000000d0,0x000020b0,0x00002bc1,0x0000010e,
0x000300f7,0x000020b9,0x00000000,0x000400fa,
0x000020b0,0x000020b1,0x000020b5,0x000200f8,
0x000020b1,0x0003003e,0x00001e70,0x000003fa,
0x00050041,0x0000001a,0x000020b3,0x00001e70,
0x000020a7,0x0004003d,0x00000019,0x000020b4,
0x000020b3,0x000200f9,0x000020b9,0x000200f8,
0x000020b5,0x0003003e,0x00001e71,0x00000409,
0x00050041,0x0000001a,0x000020b7,0x00001e71,
0x000020a7,0x0004003d,0x00000019,0x000020b8,
0x000020b7,0x000200f9,0x000020b9,0x000200f8,
0x000020b9,0x000700f5,0x00000019,0x00002c01,
0x000020b4,0x000020b1,0x000020b8,0x000020b5,
0x000200f9,0x000020bb,0x000200f8,0x000020bb,
0x000700f5,0x00000019,0x00002c02,0x000020ad,
0x000020aa,0x00002c01,0x000020b9,0x000500aa,
0x000000d0,0x000020be,0x00002bc3,0x0000006a,
0x000300f7,0x00002165,0x00000000,0x000400fa,
0x000020be,0x000020bf,0x000020ec,0x000200f8,
0x000020bf,0x00050084,0x00000019,0x000020c1,
0x000020a1,0x000000ef,0x00050080,0x00000019,
0x000020c4,0x000020c1,0x000000c4,0x00060041,
0x0000001a,0x000020c5,0x00001e3a,0x000020c1,
0x0000006a,0x0004003d,0x00000019,0x000020c6,
0x000020c5,0x00060041,0x0000001a,0x000020c7,
0x00001e3a,0x000020c4,0x0000006a,0x0004003d,
0x00000019,0x000020c8,0x000020c7,0x00050082,
0x00000019,0x000022f1,0x00000174,0x00002c02,
0x00050084,0x00000019,0x000022f2,0x000020c6,
0x000022f1,0x00050084,0x00000019,0x000022f5,
0x000020c8,0x00002c02,0x00050080,0x00000019,
0x000022f6,0x000022f2,0x000022f5,0x00050080,
0x00000019,0x000022f7,0x000022f6,0x0000017c,
0x000500c3,0x00000019,0x000022f8,0x000022f7,
0x0000017e,0x00060041,0x0000001a,0x000020d0,
0x00001e3a,0x000020c1,0x000000c4,0x0004003d,
0x00000019,0x000020d1,0x000020d0,0x00060041,
0x0000001a,0x000020d2,0x00001e3a,0x000020c4,
0x000000c4,0x0004003d,0x00000019,0x000020d3,
0x000020d2,0x00050084,0x00000019,0x000022fe,
0x000020d1,0x000022f1,0x00050084,0x00000019,
0x00002301,0x000020d3,0x00002c02,0x00050080,
0x00000019,0x00002302,0x000022fe,0x00002301,
0x00050080,0x00000019,0x00002303,0x00002302,
0x0000017c,0x000500c3,0x00000019,0x00002304,
0x00002303,0x0000017e,0x00060041,0x0000001a,
0x000020db,0x00001e3a,0x000020c1,0x000000ef,
0x0004003d,0x00000019,0x000020dc,0x000020db,
0x00060041,0x0000001a,0x000020dd,0x00001e3a,
0x000020c4,0x000000ef,0x0004003d,0x00000019,
0x000020de,0x000020dd,0x00050084,0x00000019,
0x0000230a,0x000020dc,0x000022f1,0x00050084,
0x00000019,0x0000230d,0x000020de,0x00002c02,
0x00050080,0x00000019,0x0000230e,0x0000230a,
0x0000230d,0x00050080,0x00000019,0x0000230f,
0x0000230e,0x0000017c,0x000500c3,0x00000019,
0x00002310,0x0000230f,0x0000017e,0x00060041,
0x0000001a,0x000020e6,0x00001e3a,0x000020c1,
0x0000010e,0x0004003d,0x00000019,0x000020e7,
0x000020e6,0x00060041,0x0000001a,0x000020e8,
0x00001e3a,0x000020c4,0x0000010e,0x0004003d,
0x00000019,0x000020e9,0x000020e8,0x00050084,
0x00000019,0x00002316,0x000020e7,0x000022f1,
0x00050084,0x00000019,0x00002319,0x000020e9,
0x00002c02,0x00050080,0x00000019,0x0000231a,
0x00002316,0x00002319,0x00050080,0x00000019,
0x0000231b,0x0000231a,0x0000017c,0x000500c3,
0x00000019,0x0000231c,0x0000231b,0x0000017e,
0x000200f9,0x00002165,0x000200f8,0x000020ec,
0x000500c5,0x00000019,0x000020ef,0x00002bc5,
0x00002bc6,0x000500ab,0x000000d0,0x000020f0,
0x000020ef,0x0000006a,0x000300f7,0x000020f8,
0x00000000,0x000400fa,0x000020f0,0x000020f1,
0x000020f4,0x000200f8,0x000020f1,0x0004007c,
0x00000006,0x000020f3,0x00002bc3,0x000200f9,
0x000020f8,0x000200f8,0x000020f4,0x00050082,
0x00000019,0x000020f6,0x00002bc3,0x000000c4,
0x0004007c,0x00000006,0x000020f7,0x000020f6,
0x000200f9,0x000020f8,0x000200f8,0x000020f8,
0x000700f5,0x00000006,0x00002c07,0x000020f3,
0x000020f1,0x000020f7,0x000020f4,0x000200f9,
0x00002322,0x000200f8,0x00002322,0x000700f5,
0x00000006,0x00002c1b,0x00000138,0x000020f8,
0x00002336,0x00002327,0x000700f5,0x00000006,
0x00002c08,0x00000138,0x000020f8,0x00002339,
0x00002327,0x000500b0,0x000000d0,0x00002326,
0x00002c08,0x00002c07,0x000400f6,0x0000233a,
0x00002327,0x00000000,0x000400fa,0x00002326,
0x00002327,0x0000233a,0x000200f8,0x00002327,
0x00050080,0x00000006,0x0000232a,0x00002c0d,
0x00002c08,0x000500c2,0x00000006,0x0000232c,
0x0000232a,0x00000084,0x00050041,0x00000007,
0x0000232d,0x0000015e,0x0000232c,0x0004003d,
0x00000006,0x0000232e,0x0000232d,0x000500c7,
0x00000006,0x00002330,0x0000232a,0x00000080,
0x000500c2,0x00000006,0x00002331,0x0000232e,
0x00002330,0x000500c7,0x00000006,0x00002332,
0x00002331,0x00000071,0x000500c4,0x00000006,
0x00002334,0x00002332,0x00002c08,0x000500c5,
0x00000006,0x00002336,0x00002c1b,0x00002334,
0x00050080,0x00000006,0x00002339,0x00002c08,
0x000000c4,0x000200f9,0x00002322,0x000200f8,
0x0000233a,0x00050080,0x00000006,0x0000233d,
0x00002c0d,0x00002c07,0x0004007c,0x00000019,
0x000020fb,0x00002c1b,0x000500aa,0x000000d0,
0x000020fd,0x00002bc3,0x000000ef,0x000300f7,
0x00002106,0x00000000,0x000400fa,0x000020fd,
0x000020fe,0x00002102,0x000200f8,0x000020fe,
0x0003003e,0x00001e87,0x000003e8,0x00050041,
0x0000001a,0x00002100,0x00001e87,0x000020fb,
0x0004003d,0x00000019,0x00002101,0x00002100,
0x000200f9,0x00002106,0x000200f8,0x00002102,
0x0003003e,0x00001e88,0x000003fa,0x00050041,
0x0000001a,0x00002104,0x00001e88,0x000020fb,
0x0004003d,0x00000019,0x00002105,0x00002104,
0x000200f9,0x00002106,0x000200f8,0x00002106,
0x000700f5,0x00000019,0x00002c1c,0x00002101,
0x000020fe,0x00002105,0x00002102,0x000500aa,
0x000000d0,0x00002109,0x00002c2c,0x0000006a,
0x000300f7,0x00002164,0x00000000,0x000400fa,
0x00002109,0x0000210a,0x00002137,0x000200f8,
0x0000210a,0x00050084,0x00000019,0x0000210c,
0x000020a1,0x000000ef,0x00050080,0x00000019,
0x0000210f,0x0000210c,0x000000c4,0x00060041,
0x0000001a,0x00002110,0x00001e3a,0x0000210c,
0x0000006a,0x0004003d,0x00000019,0x00002111,
0x00002110,0x00060041,0x0000001a,0x00002112,
0x00001e3a,0x0000210f,0x0000006a,0x0004003d,
0x00000019,0x00002113,0x00002112,0x00050082,
0x00000019,0x00002343,0x00000174,0x00002c02,
0x00050084,0x00000019,0x00002344,0x00002111,
0x00002343,0x00050084,0x00000019,0x00002347,
0x00002113,0x00002c02,0x00050080,0x00000019,
0x00002348,0x00002344,0x00002347,0x00050080,
0x00000019,0x00002349,0x00002348,0x0000017c,
0x000500c3,0x00000019,0x0000234a,0x00002349,
0x0000017e,0x00060041,0x0000001a,0x0000211b,
0x00001e3a,0x0000210c,0x000000c4,0x0004003d,
0x00000019,0x0000211c,0x0000211b,0x00060041,
0x0000001a,0x0000211d,0x00001e3a,0x0000210f,
0x000000c4,0x0004003d,0x00000019,0x0000211e,
0x0000211d,0x00050084,0x00000019,0x00002350,
0x0000211c,0x00002343,0x00050084,0x00000019,
0x00002353,0x0000211e,0x00002c02,0x00050080,
0x00000019,0x00002354,0x00002350,0x00002353,
0x00050080,0x00000019,0x00002355,0x00002354,
0x0000017c,0x000500c3,0x00000019,0x00002356,
0x00002355,0x0000017e,0x00060041,0x0000001a,
0x00002126,0x00001e3a,0x0000210c,0x000000ef,
0x0004003d,0x00000019,0x00002127,0x00002126,
0x00060041,0x0000001a,0x00002128,0x00001e3a,
0x0000210f,0x000000ef,0x0004003d,0x00000019,
0x00002129,0x00002128,0x00050084,0x00000019,
0x0000235c,0x00002127,0x00002343,0x00050084,
0x00000019,0x0000235f,0x00002129,0x00002c02,
0x00050080,0x00000019,0x00002360,0x0000235c,
0x0000235f,0x00050080,0x00000019,0x00002361,
0x00002360,0x0000017c,0x000500c3,0x00000019,
0x00002362,0x00002361,0x0000017e,0x00060041,
0x0000001a,0x00002131,0x00001e3a,0x0000210c,
0x0000010e,0x0004003d,0x00000019,0x00002132,
0x00002131,0x00060041,0x0000001a,0x00002133,
0x00001e3a,0x0000210f,0x0000010e,0x0004003d,
0x00000019,0x00002134,0x00002133,0x00050082,
0x00000019,0x00002367,0x00000174,0x00002c1c,
0x00050084,0x00000019,0x00002368,0x00002132,
0x00002367,0x00050084,0x00000019,0x0000236b,
0x00002134,0x00002c1c,0x00050080,0x00000019,
0x0000236c,0x00002368,0x0000236b,0x00050080,
0x00000019,0x0000236d,0x0000236c,0x0000017c,
0x000500c3,0x00000019,0x0000236e,0x0000236d,
0x0000017e,0x000200f9,0x00002164,0x000200f8,
0x00002137,0x00050084,0x00000019,0x00002139,
0x000020a1,0x000000ef,0x00050080,0x00000019,
0x0000213c,0x00002139,0x000000c4,0x00060041,
0x0000001a,0x0000213d,0x00001e3a,0x00002139,
0x0000006a,0x0004003d,0x00000019,0x0000213e,
0x0000213d,0x00060041,0x0000001a,0x0000213f,
0x00001e3a,0x0000213c,0x0000006a,0x0004003d,
0x00000019,0x00002140,0x0000213f,0x00050082,
0x00000019,0x00002373,0x00000174,0x00002c1c,
0x00050084,0x00000019,0x00002374,0x0000213e,
0x00002373,0x00050084,0x00000019,0x00002377,
0x00002140,0x00002c1c,0x00050080,0x00000019,
0x00002378,0x00002374,0x00002377,0x00050080,
0x00000019,0x00002379,0x00002378,0x0000017c,
0x000500c3,0x00000019,0x0000237a,0x00002379,
0x0000017e,0x00060041,0x0000001a,0x00002148,
0x00001e3a,0x00002139,0x000000c4,0x0004003d,
0x00000019,0x00002149,0x00002148,0x00060041,
0x0000001a,0x0000214a,0x00001e3a,0x0000213c,
0x000000c4,0x0004003d,0x00000019,0x0000214b,
0x0000214a,0x00050084,0x00000019,0x00002380,
0x00002149,0x00002373,0x00050084,0x00000019,
0x00002383,0x0000214b,0x00002c1c,0x00050080,
0x00000019,0x00002384,0x00002380,0x00002383,
0x00050080,0x00000019,0x00002385,0x00002384,
0x0000017c,0x000500c3,0x00000019,0x00002386,
0x00002385,0x0000017e,0x00060041,0x0000001a,
0x00002153,0x00001e3a,0x00002139,0x000000ef,
0x0004003d,0x00000019,0x00002154,0x00002153,
0x00060041,0x0000001a,0x00002155,0x00001e3a,
0x0000213c,0x000000ef,0x0004003d,0x00000019,
0x00002156,0x00002155,0x00050084,0x00000019,
0x0000238c,0x00002154,0x00002373,0x00050084,
0x00000019,0x0000238f,0x00002156,0x00002c1c,
0x00050080,0x00000019,0x00002390,0x0000238c,
0x0000238f,0x00050080,0x00000019,0x00002391,
0x00002390,0x0000017c,0x000500c3,0x00000019,
0x00002392,0x00002391,0x0000017e,0x00060041,
0x0000001a,0x0000215e,0x00001e3a,0x00002139,
0x0000010e,0x0004003d,0x00000019,0x0000215f,
0x0000215e,0x00060041,0x0000001a,0x00002160,
0x00001e3a,0x0000213c,0x0000010e,0x0004003d,
0x00000019,0x00002161,0x00002160,0x00050082,
0x00000019,0x00002397,0x00000174,0x00002c02,
0x00050084,0x00000019,0x00002398,0x0000215f,
0x00002397,0x00050084,0x00000019,0x0000239b,
0x00002161,0x00002c02,0x00050080,0x00000019,
0x0000239c,0x00002398,0x0000239b,0x00050080,
0x00000019,0x0000239d,0x0000239c,0x0000017c,
0x000500c3,0x00000019,0x0000239e,0x0000239d,
0x0000017e,0x000200f9,0x00002164,0x000200f8,
0x00002164,0x000700f5,0x00000019,0x00002c68,
0x0000234a,0x0000210a,0x0000237a,0x00002137,
0x000700f5,0x00000019,0x00002c66,0x00002356,
0x0000210a,0x00002386,0x00002137,0x000700f5,
0x00000019,0x00002c64,0x00002362,0x0000210a,
0x00002392,0x00002137,0x000700f5,0x00000019,
0x00002c62,0x0000236e,0x0000210a,0x0000239e,
0x00002137,0x000200f9,0x00002165,0x000200f8,
0x00002165,0x000700f5,0x00000006,0x00003052,
0x00002c0d,0x000020bf,0x0000233d,0x00002164,
0x000700f5,0x00000019,0x00002c67,0x000022f8,
0x000020bf,0x00002c68,0x00002164,0x000700f5,
0x00000019,0x00002c65,0x00002304,0x000020bf,
0x00002c66,0x00002164,0x000700f5,0x00000019,
0x00002c63,0x00002310,0x000020bf,0x00002c64,
0x00002164,0x000700f5,0x00000019,0x00002c61,
0x0000231c,0x000020bf,0x00002c62,0x00002164,
0x000500aa,0x000000d0,0x00002167,0x00002c4b,
0x000000c4,0x000300f7,0x0000217c,0x00000000,
0x000400fa,0x00002167,0x00002168,0x0000216c,
0x000200f8,0x00002168,0x000200f9,0x0000217c,
0x000200f8,0x0000216c,0x000500aa,0x000000d0,
0x0000216e,0x00002c4b,0x000000ef,0x000300f7,
0x0000217b,0x00000000,0x000400fa,0x0000216e,
0x0000216f,0x00002173,0x000200f8,0x0000216f,
0x000200f9,0x0000217b,0x000200f8,0x00002173,
0x000500aa,0x000000d0,0x00002175,0x00002c4b,
0x0000010e,0x000600a9,0x00000019,0x000031ee,
0x00002175,0x00002c63,0x00002c61,0x000600a9,
0x00000019,0x000031ef,0x00002175,0x00002c61,
0x00002c63,0x000200f9,0x0000217b,0x000200f8,
0x0000217b,0x000700f5,0x00000019,0x00002c83,
0x00002c65,0x0000216f,0x000031ee,0x00002173,
0x000700f5,0x00000019,0x00002c80,0x00002c63,
0x0000216f,0x000031ef,0x00002173,0x000600a9,
0x00000019,0x000031f0,0x0000216e,0x00002c61,
0x00002c65,0x000200f9,0x0000217c,0x000200f8,
0x0000217c,0x000700f5,0x00000019,0x00002c82,
0x00002c67,0x00002168,0x00002c83,0x0000217b,
0x000700f5,0x00000019,0x00002c7f,0x00002c63,
0x00002168,0x00002c80,0x0000217b,0x000700f5,
0x00000019,0x00002c7c,0x00002c65,0x00002168,
0x000031f0,0x0000217b,0x000600a9,0x00000019,
0x000031f1,0x00002167,0x00002c61,0x00002c67,
0x0004007c,0x00000006,0x00002182,0x000031f1,
0x0004007c,0x00000006,0x00002184,0x00002c7c,
0x000500c4,0x00000006,0x00002185,0x00002184,
0x00000031,0x000500c5,0x00000006,0x00002186,
0x00002182,0x00002185,0x0004007c,0x00000006,
0x00002188,0x00002c7f,0x000500c4,0x00000006,
0x00002189,0x00002188,0x00000049,0x000500c5,
0x00000006,0x0000218a,0x00002186,0x00002189,
0x0004007c,0x00000006,0x0000218c,0x00002c82,
0x000500c4,0x00000006,0x0000218d,0x0000218c,
0x00000512,0x000500c5,0x00000006,0x0000218e,
0x0000218a,0x0000218d,0x00050041,0x00000007,
0x0000218f,0x0000004c,0x000020a5,0x0003003e,
0x0000218f,0x0000218e,0x000200f9,0x00002190,
0x000200f8,0x00002190,0x00050080,0x00000019,
0x00002192,0x00002bc6,0x000000c4,0x000200f9,
0x00002076,0x000200f8,0x00002193,0x000200f9,
0x00002194,0x000200f8,0x00002194,0x00050080,
0x00000019,0x00002196,0x00002bc5,0x000000c4,
0x000200f9,0x00002071,0x000200f8,0x00002197,
0x000200f9,0x00002198,0x000200f8,0x00002198,
0x000200f9,0x00000e77,0x000200f8,0x00000e77,
0x00050041,0x00000db7,0x00000e7f,0x00000db6,
0x000001dd,0x0004003d,0x00000006,0x00000e80,
0x00000e7f,0x000500ab,0x000000d0,0x00000e81,
0x00000e80,0x00000138,0x000300f7,0x00000e83,
0x00000000,0x000400fa,0x00000e81,0x00000e82,
0x00000e85,0x000200f8,0x00000e82,0x00050041,
0x00000007,0x00002407,0x0000052f,0x0000006a,
0x0003003e,0x00002407,0x00000138,0x00050041,
0x00000007,0x00002408,0x0000052f,0x000000c4,
0x0003003e,0x00002408,0x00000138,0x00050041,
0x00000007,0x00002409,0x0000052f,0x000000ef,
0x0003003e,0x00002409,0x00000138,0x00050041,
0x00000007,0x0000240a,0x0000052f,0x0000010e,
0x0003003e,0x0000240a,0x00000138,0x000200f9,
0x00002585,0x000200f8,0x00002585,0x000700f5,
0x00000019,0x00002ce9,0x0000006a,0x00000e82,
0x000025a2,0x000025a0,0x000500b1,0x000000d0,
0x00002589,0x00002ce9,0x000005f3,0x000400f6,
0x000025a3,0x000025a0,0x00000000,0x000400fa,
0x00002589,0x0000258a,0x000025a3,0x000200f8,
0x0000258a,0x0004007c,0x00000006,0x0000258d,
0x00002ce9,0x000500c4,0x00000006,0x0000258e,
0x00000071,0x0000258d,0x000500c7,0x00000006,
0x0000258f,0x00000833,0x0000258e,0x000500ab,
0x000000d0,0x00002590,0x0000258f,0x00000138,
0x000300f7,0x0000259f,0x00000000,0x000400fa,
0x00002590,0x00002591,0x0000259f,0x000200f8,
0x00002591,0x000500c3,0x00000019,0x00002596,
0x00002ce9,0x000001dd,0x000500c7,0x00000019,
0x00002598,0x00002ce9,0x00000533,0x0004007c,
0x00000006,0x00002599,0x00002598,0x000500c4,
0x00000006,0x0000259a,0x00000071,0x00002599,
0x00050041,0x00000007,0x0000259b,0x0000052f,
0x00002596,0x0004003d,0x00000006,0x0000259c,
0x0000259b,0x000500c5,0x00000006,0x0000259d,
0x0000259c,0x0000259a,0x0003003e,0x0000259b,
0x0000259d,0x000200f9,0x0000259f,0x000200f8,
0x0000259f,0x000200f9,0x000025a0,0x000200f8,
0x000025a0,0x00050080,0x00000019,0x000025a2,
0x00002ce9,0x000000c4,0x000200f9,0x00002585,
0x000200f8,0x000025a3,0x000200f9,0x000025a7,
0x000200f8,0x000025a7,0x000700f5,0x00000019,
0x00002cea,0x0000006a,0x000025a3,0x000025c4,
0x000025c2,0x000500b1,0x000000d0,0x000025ab,
0x00002cea,0x000001da,0x000400f6,0x000025c5,
0x000025c2,0x00000000,0x000400fa,0x000025ab,
0x000025ac,0x000025c5,0x000200f8,0x000025ac,
0x0004007c,0x00000006,0x000025af,0x00002cea,
0x000500c4,0x00000006,0x000025b0,0x00000071,
0x000025af,0x000500c7,0x00000006,0x000025b1,
0x000006a4,0x000025b0,0x000500ab,0x000000d0,
0x000025b2,0x000025b1,0x00000138,0x000300f7,
0x000025c1,0x00000000,0x000400fa,0x000025b2,
0x000025b3,0x000025c1,0x000200f8,0x000025b3,
0x00050080,0x00000019,0x000025b6,0x00000400,
0x00002cea,0x000500c3,0x00000019,0x000025b8,
0x000025b6,0x000001dd,0x000500c7,0x00000019,
0x000025ba,0x000025b6,0x00000533,0x0004007c,
0x00000006,0x000025bb,0x000025ba,0x000500c4,
0x00000006,0x000025bc,0x00000071,0x000025bb,
0x00050041,0x00000007,0x000025bd,0x0000052f,
0x000025b8,0x0004003d,0x00000006,0x000025be,
0x000025bd,0x000500c5,0x00000006,0x000025bf,
0x000025be,0x000025bc,0x0003003e,0x000025bd,
0x000025bf,0x000200f9,0x000025c1,0x000200f8,
0x000025c1,0x000200f9,0x000025c2,0x000200f8,
0x000025c2,0x00050080,0x00000019,0x000025c4,
0x00002cea,0x000000c4,0x000200f9,0x000025a7,
0x000200f8,0x000025c5,0x000200f9,0x0000240d,
0x000200f8,0x0000240d,0x000700f5,0x00000019,
0x00002ced,0x0000006a,0x000025c5,0x00003097,
0x0000243e,0x000700f5,0x00000019,0x00002cec,
0x0000006a,0x000025c5,0x00003094,0x0000243e,
0x000700f5,0x00000019,0x00002ceb,0x0000006a,
0x000025c5,0x00002413,0x0000243e,0x000700f5,
0x00000019,0x00002d80,0x00000560,0x000025c5,
0x00002d7f,0x0000243e,0x000500b1,0x000000d0,
0x00002410,0x00002ceb,0x0000035b,0x000400f6,
0x00002441,0x0000243e,0x00000000,0x000400fa,
0x00002410,0x00002411,0x00002441,0x000200f8,
0x00002411,0x00050080,0x00000019,0x00002413,
0x00002ceb,0x000000c4,0x000200f9,0x00002414,
0x000200f8,0x00002414,0x000700f5,0x00000019,
0x00002d7f,0x00002d80,0x00002411,0x000031f2,
0x0000243a,0x000700f5,0x00000019,0x00002d7a,
0x00002413,0x00002411,0x0000243c,0x0000243a,
0x000700f5,0x00000019,0x00003097,0x00002ced,
0x00002411,0x000031f3,0x0000243a,0x000700f5,
0x00000019,0x00003094,0x00002cec,0x00002411,
0x000031f4,0x0000243a,0x000500b1,0x000000d0,
0x00002417,0x00002d7a,0x0000035b,0x000400f6,
0x0000243d,0x0000243a,0x00000000,0x000400fa,
0x00002417,0x00002418,0x0000243d,0x000200f8,
0x00002418,0x000200f9,0x00002419,0x000200f8,
0x00002419,0x000700f5,0x00000019,0x00002d7d,
0x0000006a,0x00002418,0x0000242d,0x0000241d,
0x000700f5,0x00000006,0x00002d7c,0x00000138,
0x00002418,0x00002430,0x0000241d,0x000500b0,
0x000000d0,0x0000241c,0x00002d7c,0x00000147,
0x000400f6,0x00002431,0x0000241d,0x00000000,
0x000400fa,0x0000241c,0x0000241d,0x00002431,
0x000200f8,0x0000241d,0x0004007c,0x00000006,
0x0000241f,0x00002ceb,0x00050041,0x00000007,
0x000025c9,0x0000004c,0x0000241f,0x0004003d,
0x00000006,0x000025ca,0x000025c9,0x00050084,
0x00000006,0x000025cc,0x00002d7c,0x00000031,
0x000500c2,0x00000006,0x000025cd,0x000025ca,
0x000025cc,0x000500c7,0x00000006,0x000025ce,
0x000025cd,0x00000054,0x0004007c,0x00000019,
0x00002422,0x000025ce,0x0004007c,0x00000006,
0x00002424,0x00002d7a,0x00050041,0x00000007,
0x000025d2,0x0000004c,0x00002424,0x0004003d,
0x00000006,0x000025d3,0x000025d2,0x000500c2,
0x00000006,0x000025d6,0x000025d3,0x000025cc,
0x000500c7,0x00000006,0x000025d7,0x000025d6,
0x00000054,0x0004007c,0x00000019,0x00002427,
0x000025d7,0x00050082,0x00000019,0x00002428,
0x00002422,0x00002427,0x00050084,0x00000019,
0x0000242b,0x00002428,0x00002428,0x00050080,
0x00000019,0x0000242d,0x00002d7d,0x0000242b,
0x00050080,0x00000006,0x00002430,0x00002d7c,
0x000000c4,0x000200f9,0x00002419,0x000200f8,
0x00002431,0x000500ad,0x000000d0,0x00002434,
0x00002d7d,0x00002d7f,0x000600a9,0x00000019,
0x000031f2,0x00002434,0x00002d7d,0x00002d7f,
0x000600a9,0x00000019,0x000031f3,0x00002434,
0x00002d7a,0x00003097,0x000600a9,0x00000019,
0x000031f4,0x00002434,0x00002ceb,0x00003094,
0x000200f9,0x0000243a,0x000200f8,0x0000243a,
0x00050080,0x00000019,0x0000243c,0x00002d7a,
0x000000c4,0x000200f9,0x00002414,0x000200f8,
0x0000243d,0x000200f9,0x0000243e,0x000200f8,
0x0000243e,0x000200f9,0x0000240d,0x000200f8,
0x00002441,0x0004007c,0x00000006,0x00002443,
0x00002cec,0x00050041,0x00000007,0x000025db,
0x0000004c,0x00002443,0x0004003d,0x00000006,
0x000025dc,0x000025db,0x000500c2,0x00000006,
0x000025df,0x000025dc,0x00000138,0x000500c7,
0x00000006,0x000025e0,0x000025df,0x00000054,
0x0004003d,0x00000006,0x000025e5,0x000025db,
0x000500c2,0x00000006,0x000025e8,0x000025e5,
0x00000031,0x000500c7,0x00000006,0x000025e9,
0x000025e8,0x00000054,0x00050080,0x00000006,
0x00002448,0x000025e0,0x000025e9,0x0004003d,
0x00000006,0x000025ee,0x000025db,0x000500c2,
0x00000006,0x000025f1,0x000025ee,0x00000049,
0x000500c7,0x00000006,0x000025f2,0x000025f1,
0x00000054,0x00050080,0x00000006,0x0000244c,
0x00002448,0x000025f2,0x0004007c,0x00000019,
0x0000244d,0x0000244c,0x0004007c,0x00000006,
0x0000244f,0x00002ced,0x00050041,0x00000007,
0x000025f6,0x0000004c,0x0000244f,0x0004003d,
0x00000006,0x000025f7,0x000025f6,0x000500c2,
0x00000006,0x000025fa,0x000025f7,0x00000138,
0x000500c7,0x00000006,0x000025fb,0x000025fa,
0x00000054,0x0004003d,0x00000006,0x00002600,
0x000025f6,0x000500c2,0x00000006,0x00002603,
0x00002600,0x00000031,0x000500c7,0x00000006,
0x00002604,0x00002603,0x00000054,0x00050080,
0x00000006,0x00002454,0x000025fb,0x00002604,
0x0004003d,0x00000006,0x00002609,0x000025f6,
0x000500c2,0x00000006,0x0000260c,0x00002609,
0x00000049,0x000500c7,0x00000006,0x0000260d,
0x0000260c,0x00000054,0x00050080,0x00000006,
0x00002458,0x00002454,0x0000260d,0x0004007c,
0x00000019,0x00002459,0x00002458,0x000500af,
0x000000d0,0x0000245c,0x00002459,0x0000244d,
0x000600a9,0x00000019,0x0000245f,0x0000245c,
0x00002cec,0x00002ced,0x000600a9,0x00000019,
0x00002465,0x0000245c,0x00002ced,0x00002cec,
0x000200f9,0x00002466,0x000200f8,0x00002466,
0x000700f5,0x00000019,0x00002cf0,0x0000006a,
0x00002441,0x000031f6,0x0000246a,0x000700f5,
0x00000019,0x00002cef,0x00000315,0x00002441,
0x000031f5,0x0000246a,0x000700f5,0x00000019,
0x00002cee,0x0000006a,0x00002441,0x0000247d,
0x0000246a,0x000500b1,0x000000d0,0x00002469,
0x00002cee,0x0000035b,0x000400f6,0x0000247e,
0x0000246a,0x00000000,0x000400fa,0x00002469,
0x0000246a,0x0000247e,0x000200f8,0x0000246a,
0x0004007c,0x00000006,0x0000246c,0x00002cee,
0x00050041,0x00000007,0x00002611,0x0000004c,
0x0000246c,0x0004003d,0x00000006,0x00002612,
0x00002611,0x000500c2,0x00000006,0x00002615,
0x00002612,0x00000512,0x000500c7,0x00000006,
0x00002616,0x00002615,0x00000054,0x0004007c,
0x00000019,0x0000246e,0x00002616,0x000500b1,
0x000000d0,0x00002471,0x0000246e,0x00002cef,
0x000600a9,0x00000019,0x000031f5,0x00002471,
0x0000246e,0x00002cef,0x000500ad,0x000000d0,
0x00002477,0x0000246e,0x00002cf0,0x000600a9,
0x00000019,0x000031f6,0x00002477,0x0000246e,
0x00002cf0,0x00050080,0x00000019,0x0000247d,
0x00002cee,0x000000c4,0x000200f9,0x00002466,
0x000200f8,0x0000247e,0x0004007c,0x00000006,
0x00002480,0x0000245f,0x00050041,0x00000007,
0x0000261a,0x0000004c,0x00002480,0x0004003d,
0x00000006,0x0000261b,0x0000261a,0x000500c2,
0x00000006,0x0000261e,0x0000261b,0x00000138,
0x000500c7,0x00000006,0x0000261f,0x0000261e,
0x00000054,0x0004007c,0x00000019,0x00002482,
0x0000261f,0x0004003d,0x00000006,0x00002624,
0x0000261a,0x000500c2,0x00000006,0x00002627,
0x00002624,0x00000031,0x000500c7,0x00000006,
0x00002628,0x00002627,0x00000054,0x0004007c,
0x00000019,0x00002486,0x00002628,0x0004003d,
0x00000006,0x0000262d,0x0000261a,0x000500c2,
0x00000006,0x00002630,0x0000262d,0x00000049,
0x000500c7,0x00000006,0x00002631,0x00002630,
0x00000054,0x0004007c,0x00000019,0x0000248a,
0x00002631,0x00070050,0x000001fd,0x0000248c,
0x00002482,0x00002486,0x0000248a,0x00002cef,
0x0003003e,0x000023c7,0x0000248c,0x0004007c,
0x00000006,0x0000248e,0x00002465,0x00050041,
0x00000007,0x00002635,0x0000004c,0x0000248e,
0x0004003d,0x00000006,0x00002636,0x00002635,
0x000500c2,0x00000006,0x00002639,0x00002636,
0x00000138,0x000500c7,0x00000006,0x0000263a,
0x00002639,0x00000054,0x0004007c,0x00000019,
0x00002490,0x0000263a,0x0004003d,0x00000006,
0x0000263f,0x00002635,0x000500c2,0x00000006,
0x00002642,0x0000263f,0x00000031,0x000500c7,
0x00000006,0x00002643,0x00002642,0x00000054,
0x0004007c,0x00000019,0x00002494,0x00002643,
0x0004003d,0x00000006,0x00002648,0x00002635,
0x000500c2,0x00000006,0x0000264b,0x00002648,
0x00000049,0x000500c7,0x00000006,0x0000264c,
0x0000264b,0x00000054,0x0004007c,0x00000019,
0x00002498,0x0000264c,0x00070050,0x000001fd,
0x0000249a,0x00002490,0x00002494,0x00002498,
0x00002cf0,0x0003003e,0x000023ce,0x0000249a,
0x00050041,0x0000001a,0x0000249b,0x000023c7,
0x0000006a,0x0004003d,0x00000019,0x0000249c,
0x0000249b,0x000500b1,0x000000d0,0x00002651,
0x0000249c,0x0000006a,0x000600a9,0x00000019,
0x000031f7,0x00002651,0x0000006a,0x0000249c,
0x000500ad,0x000000d0,0x00002655,0x000031f7,
0x00000315,0x000600a9,0x00000019,0x000031f8,
0x00002655,0x00000315,0x000031f7,0x0003003e,
0x0000264d,0x00000826,0x00050041,0x00000007,
0x00002659,0x0000264d,0x000031f8,0x0004003d,
0x00000006,0x0000265a,0x00002659,0x0004007c,
0x00000019,0x0000265b,0x0000265a,0x00050041,
0x0000001a,0x0000249e,0x000023ce,0x0000006a,
0x0004003d,0x00000019,0x0000249f,0x0000249e,
0x000500b1,0x000000d0,0x00002660,0x0000249f,
0x0000006a,0x000600a9,0x00000019,0x000031f9,
0x00002660,0x0000006a,0x0000249f,0x000500ad,
0x000000d0,0x00002664,0x000031f9,0x00000315,
0x000600a9,0x00000019,0x000031fa,0x00002664,
0x00000315,0x000031f9,0x0003003e,0x0000265c,
0x00000826,0x00050041,0x00000007,0x00002668,
0x0000265c,0x000031fa,0x0004003d,0x00000006,
0x00002669,0x00002668,0x0004007c,0x00000019,
0x0000266a,0x00002669,0x00050041,0x0000001a,
0x000024a1,0x000023c7,0x000000c4,0x0004003d,
0x00000019,0x000024a2,0x000024a1,0x000500b1,
0x000000d0,0x0000266f,0x000024a2,0x0000006a,
0x000600a9,0x00000019,0x000031fb,0x0000266f,
0x0000006a,0x000024a2,0x000500ad,0x000000d0,
0x00002673,0x000031fb,0x00000315,0x000600a9,
0x00000019,0x000031fc,0x00002673,0x00000315,
0x000031fb,0x0003003e,0x0000266b,0x00000826,
0x00050041,0x00000007,0x00002677,0x0000266b,
0x000031fc,0x0004003d,0x00000006,0x00002678,
0x00002677,0x0004007c,0x00000019,0x00002679,
0x00002678,0x00050041,0x0000001a,0x000024a4,
0x000023ce,0x000000c4,0x0004003d,0x00000019,
0x000024a5,0x000024a4,0x000500b1,0x000000d0,
0x0000267e,0x000024a5,0x0000006a,0x000600a9,
0x00000019,0x000031fd,0x0000267e,0x0000006a,
0x000024a5,0x000500ad,0x000000d0,0x00002682,
0x000031fd,0x00000315,0x000600a9,0x00000019,
0x000031fe,0x00002682,0x00000315,0x000031fd,
0x0003003e,0x0000267a,0x00000826,0x00050041,
0x00000007,0x00002686,0x0000267a,0x000031fe,
0x0004003d,0x00000006,0x00002687,0x00002686,
0x0004007c,0x00000019,0x00002688,0x00002687,
0x00050041,0x0000001a,0x000024a7,0x000023c7,
0x000000ef,0x0004003d,0x00000019,0x000024a8,
0x000024a7,0x000500b1,0x000000d0,0x0000268d,
0x000024a8,0x0000006a,0x000600a9,0x00000019,
0x000031ff,0x0000268d,0x0000006a,0x000024a8,
0x000500ad,0x000000d0,0x00002691,0x000031ff,
0x00000315,0x000600a9,0x00000019,0x00003200,
0x00002691,0x00000315,0x000031ff,0x0003003e,
0x00002689,0x00000826,0x00050041,0x00000007,
0x00002695,0x00002689,0x00003200,0x0004003d,
0x00000006,0x00002696,0x00002695,0x0004007c,
0x00000019,0x00002697,0x00002696,0x00050041,
0x0000001a,0x000024aa,0x000023ce,0x000000ef,
0x0004003d,0x00000019,0x000024ab,0x000024aa,
0x000500b1,0x000000d0,0x0000269c,0x000024ab,
0x0000006a,0x000600a9,0x00000019,0x00003201,
0x0000269c,0x0000006a,0x000024ab,0x000500ad,
0x000000d0,0x000026a0,0x00003201,0x00000315,
0x000600a9,0x00000019,0x00003202,0x000026a0,
0x00000315,0x00003201,0x0003003e,0x00002698,
0x00000826,0x00050041,0x00000007,0x000026a4,
0x00002698,0x00003202,0x0004003d,0x00000006,
0x000026a5,0x000026a4,0x0004007c,0x00000019,
0x000026a6,0x000026a5,0x00050041,0x0000001a,
0x000024ad,0x000023c7,0x0000010e,0x0004003d,
0x00000019,0x000024ae,0x000024ad,0x000500b1,
0x000000d0,0x000026ab,0x000024ae,0x0000006a,
0x000600a9,0x00000019,0x00003203,0x000026ab,
0x0000006a,0x000024ae,0x000500ad,0x000000d0,
0x000026af,0x00003203,0x00000315,0x000600a9,
0x00000019,0x00003204,0x000026af,0x00000315,
0x00003203,0x0003003e,0x000026a7,0x00000826,
0x00050041,0x00000007,0x000026b3,0x000026a7,
0x00003204,0x0004003d,0x00000006,0x000026b4,
0x000026b3,0x0004007c,0x00000019,0x000026b5,
0x000026b4,0x00050041,0x0000001a,0x000024b0,
0x000023ce,0x0000010e,0x0004003d,0x00000019,
0x000024b1,0x000024b0,0x000500b1,0x000000d0,
0x000026ba,0x000024b1,0x0000006a,0x000600a9,
0x00000019,0x00003205,0x000026ba,0x0000006a,
0x000024b1,0x000500ad,0x000000d0,0x000026be,
0x00003205,0x00000315,0x000600a9,0x00000019,
0x00003206,0x000026be,0x00000315,0x00003205,
0x0003003e,0x000026b6,0x00000826,0x00050041,
0x00000007,0x000026c2,0x000026b6,0x00003206,
0x0004003d,0x00000006,0x000026c3,0x000026c2,
0x0004007c,0x00000019,0x000026c4,0x000026c3,
0x000b0050,0x00000032,0x000024b3,0x0000265b,
0x0000266a,0x00002679,0x00002688,0x00002697,
0x000026a6,0x000026b5,0x000026c4,0x0003003e,
0x000023d5,0x000024b3,0x00050041,0x0000001a,
0x000024b4,0x000023d5,0x0000006a,0x0004003d,
0x00000019,0x000024b5,0x000024b4,0x0003003e,
0x000023df,0x00000920,0x00050041,0x00000007,
0x000024b6,0x000023df,0x000024b5,0x0004003d,
0x00000006,0x000024b7,0x000024b6,0x0004007c,
0x00000019,0x000024b8,0x000024b7,0x00050041,
0x0000001a,0x000024b9,0x000023d5,0x000000ef,
0x0004003d,0x00000019,0x000024ba,0x000024b9,
0x0003003e,0x000023e0,0x00000920,0x00050041,
0x00000007,0x000024bb,0x000023e0,0x000024ba,
0x0004003d,0x00000006,0x000024bc,0x000024bb,
0x0004007c,0x00000019,0x000024bd,0x000024bc,
0x00050080,0x00000019,0x000024be,0x000024b8,
0x000024bd,0x00050041,0x0000001a,0x000024bf,
0x000023d5,0x000001da,0x0004003d,0x00000019,
0x000024c0,0x000024bf,0x0003003e,0x000023e1,
0x00000920,0x00050041,0x00000007,0x000024c1,
0x000023e1,0x000024c0,0x0004003d,0x00000006,
0x000024c2,0x000024c1,0x0004007c,0x00000019,
0x000024c3,0x000024c2,0x00050080,0x00000019,
0x000024c4,0x000024be,0x000024c3,0x00050041,
0x0000001a,0x000024c5,0x000023d5,0x000000c4,
0x0004003d,0x00000019,0x000024c6,0x000024c5,
0x0003003e,0x000023e3,0x00000920,0x00050041,
0x00000007,0x000024c7,0x000023e3,0x000024c6,
0x0004003d,0x00000006,0x000024c8,0x000024c7,
0x0004007c,0x00000019,0x000024c9,0x000024c8,
0x00050041,0x0000001a,0x000024ca,0x000023d5,
0x0000010e,0x0004003d,0x00000019,0x000024cb,
0x000024ca,0x0003003e,0x000023e4,0x00000920,
0x00050041,0x00000007,0x000024cc,0x000023e4,
0x000024cb,0x0004003d,0x00000006,0x000024cd,
0x000024cc,0x0004007c,0x00000019,0x000024ce,
0x000024cd,0x00050080,0x00000019,0x000024cf,
0x000024c9,0x000024ce,0x00050041,0x0000001a,
0x000024d0,0x000023d5,0x000001dd,0x0004003d,
0x00000019,0x000024d1,0x000024d0,0x0003003e,
0x000023e5,0x00000920,0x00050041,0x00000007,
0x000024d2,0x000023e5,0x000024d1,0x0004003d,
0x00000006,0x000024d3,0x000024d2,0x0004007c,
0x00000019,0x000024d4,0x000024d3,0x00050080,
0x00000019,0x000024d5,0x000024cf,0x000024d4,
0x000500b1,0x000000d0,0x000024d8,0x000024d5,
0x000024c4,0x000600a9,0x00000019,0x000024d9,
0x000024d8,0x000000c4,0x0000006a,0x000500ab,
0x000000d0,0x000024db,0x000024d9,0x0000006a,
0x000300f7,0x000024f3,0x00000000,0x000400fa,
0x000024db,0x000024dc,0x000024f3,0x000200f8,
0x000024dc,0x000200f9,0x000024dd,0x000200f8,
0x000024dd,0x000700f5,0x00000019,0x00002d01,
0x0000006a,0x000024dc,0x000024f1,0x000024e1,
0x000500b1,0x000000d0,0x000024e0,0x00002d01,
0x0000019a,0x000400f6,0x000024f2,0x000024e1,
0x00000000,0x000400fa,0x000024e0,0x000024e1,
0x000024f2,0x000200f8,0x000024e1,0x00050041,
0x0000001a,0x000024e3,0x000023d5,0x00002d01,
0x0004003d,0x00000019,0x000024e4,0x000024e3,
0x00050080,0x00000019,0x000024e7,0x00002d01,
0x000000c4,0x00050041,0x0000001a,0x000024e8,
0x000023d5,0x000024e7,0x0004003d,0x00000019,
0x000024e9,0x000024e8,0x0003003e,0x000024e3,
0x000024e9,0x0003003e,0x000024e8,0x000024e4,
0x00050080,0x00000019,0x000024f1,0x00002d01,
0x000000ef,0x000200f9,0x000024dd,0x000200f8,
0x000024f2,0x000200f9,0x000024f3,0x000200f8,
0x000024f3,0x0004003d,0x00000032,0x000024f4,
0x000023d5,0x0003003e,0x000023e9,0x000024f4,
0x00050041,0x0000001a,0x000026df,0x000023e9,
0x0000006a,0x0004003d,0x00000019,0x000026e0,
0x000026df,0x000500c3,0x00000019,0x000026e1,
0x000026e0,0x000001da,0x00050041,0x0000001a,
0x000026e2,0x000023e9,0x000000c4,0x0004003d,
0x00000019,0x000026e3,0x000026e2,0x000500c3,
0x00000019,0x000026e4,0x000026e3,0x000001da,
0x00050084,0x00000019,0x000026e5,0x0000010e,
0x000026e4,0x00050080,0x00000019,0x000026e6,
0x000026e1,0x000026e5,0x00050041,0x0000001a,
0x000026e7,0x000023e9,0x000000ef,0x0004003d,
0x00000019,0x000026e8,0x000026e7,0x000500c3,
0x00000019,0x000026e9,0x000026e8,0x000001da,
0x00050084,0x00000019,0x000026ea,0x000003f4,
0x000026e9,0x00050080,0x00000019,0x000026eb,
0x000026e6,0x000026ea,0x00050041,0x0000001a,
0x000026ec,0x000023e9,0x0000010e,0x0004003d,
0x00000019,0x000026ed,0x000026ec,0x000500c3,
0x00000019,0x000026ee,0x000026ed,0x000001da,
0x00050084,0x00000019,0x000026ef,0x000003f6,
0x000026ee,0x00050080,0x00000019,0x000026f0,
0x000026eb,0x000026ef,0x00050041,0x0000001a,
0x000026f1,0x000023e9,0x000001da,0x0004003d,
0x00000019,0x000026f2,0x000026f1,0x000500c3,
0x00000019,0x000026f3,0x000026f2,0x000001da,
0x00050084,0x00000019,0x000026f4,0x00000787,
0x000026f3,0x00050080,0x00000019,0x000026f5,
0x000026f0,0x000026f4,0x0003003e,0x000026c7,
0x00000774,0x00050041,0x00000007,0x000026f6,
0x000026c7,0x000026f5,0x0004003d,0x00000006,
0x000026f7,0x000026f6,0x0004007c,0x00000019,
0x000026f8,0x000026f7,0x000200f9,0x000026f9,
0x000200f8,0x000026f9,0x000700f5,0x00000019,
0x00002d02,0x0000006a,0x000024f3,0x0000270b,
0x00002709,0x000500b1,0x000000d0,0x000026fc,
0x00002d02,0x000001dd,0x000400f6,0x0000270c,
0x00002709,0x00000000,0x000400fa,0x000026fc,
0x000026fd,0x0000270c,0x000200f8,0x000026fd,
0x0003003e,0x000026c9,0x0000079e,0x00050041,
0x0000001a,0x00002700,0x000026c9,0x00002d02,
0x0004003d,0x00000019,0x00002701,0x00002700,
0x00050080,0x00000019,0x00002702,0x00000401,
0x00002701,0x00050041,0x0000001a,0x00002704,
0x000023e9,0x00002d02,0x0004003d,0x00000019,
0x00002705,0x00002704,0x000500c7,0x00000019,
0x00002706,0x00002705,0x000007a8,0x0004007c,
0x00000006,0x00002707,0x00002706,0x000200f9,
0x00002761,0x000200f8,0x00002761,0x000700f5,
0x00000019,0x00002d74,0x0000006a,0x000026fd,
0x0000277e,0x0000277c,0x000500b1,0x000000d0,
0x00002765,0x00002d74,0x000001da,0x000400f6,
0x0000277f,0x0000277c,0x00000000,0x000400fa,
0x00002765,0x00002766,0x0000277f,0x000200f8,
0x00002766,0x0004007c,0x00000006,0x00002769,
0x00002d74,0x000500c4,0x00000006,0x0000276a,
0x00000071,0x00002769,0x000500c7,0x00000006,
0x0000276b,0x00002707,0x0000276a,0x000500ab,
0x000000d0,0x0000276c,0x0000276b,0x00000138,
0x000300f7,0x0000277b,0x00000000,0x000400fa,
0x0000276c,0x0000276d,0x0000277b,0x000200f8,
0x0000276d,0x00050080,0x00000019,0x00002770,
0x00002702,0x00002d74,0x000500c3,0x00000019,
0x00002772,0x00002770,0x000001dd,0x000500c7,
0x00000019,0x00002774,0x00002770,0x00000533,
0x0004007c,0x00000006,0x00002775,0x00002774,
0x000500c4,0x00000006,0x00002776,0x00000071,
0x00002775,0x00050041,0x00000007,0x00002777,
0x0000052f,0x00002772,0x0004003d,0x00000006,
0x00002778,0x00002777,0x000500c5,0x00000006,
0x00002779,0x00002778,0x00002776,0x0003003e,
0x00002777,0x00002779,0x000200f9,0x0000277b,
0x000200f8,0x0000277b,0x000200f9,0x0000277c,
0x000200f8,0x0000277c,0x00050080,0x00000019,
0x0000277e,0x00002d74,0x000000c4,0x000200f9,
0x00002761,0x000200f8,0x0000277f,0x000200f9,
0x00002709,0x000200f8,0x00002709,0x00050080,
0x00000019,0x0000270b,0x00002d02,0x000000c4,
0x000200f9,0x000026f9,0x000200f8,0x0000270c,
0x000200f9,0x0000270d,0x000200f8,0x0000270d,
0x000700f5,0x00000019,0x00002d03,0x0000006a,
0x0000270c,0x00002721,0x0000271f,0x000500b1,
0x000000d0,0x00002710,0x00002d03,0x0000019a,
0x000400f6,0x00002722,0x0000271f,0x00000000,
0x000400fa,0x00002710,0x00002711,0x00002722,
0x000200f8,0x00002711,0x000500c3,0x00000019,
0x00002714,0x000026f8,0x00002d03,0x000500c7,
0x00000019,0x00002715,0x00002714,0x000000c4,
0x000500ab,0x000000d0,0x00002716,0x00002715,
0x0000006a,0x000300f7,0x0000271e,0x00000000,
0x000400fa,0x00002716,0x00002717,0x0000271e,
0x000200f8,0x00002717,0x0003003e,0x000026ce,
0x000007c3,0x00050041,0x0000001a,0x0000271a,
0x000026ce,0x00002d03,0x0004003d,0x00000019,
0x0000271b,0x0000271a,0x00050080,0x00000019,
0x0000271c,0x00000401,0x0000271b,0x000200f9,
0x00002783,0x000200f8,0x00002783,0x000700f5,
0x00000019,0x00002d70,0x0000006a,0x00002717,
0x000027a0,0x0000279e,0x000500b1,0x000000d0,
0x00002787,0x00002d70,0x000000c4,0x000400f6,
0x000027a1,0x0000279e,0x00000000,0x000400fa,
0x00002787,0x00002788,0x000027a1,0x000200f8,
0x00002788,0x0004007c,0x00000006,0x0000278b,
0x00002d70,0x000500c4,0x00000006,0x0000278c,
0x00000071,0x0000278b,0x000500c7,0x00000006,
0x0000278d,0x00000071,0x0000278c,0x000500ab,
0x000000d0,0x0000278e,0x0000278d,0x00000138,
0x000300f7,0x0000279d,0x00000000,0x000400fa,
0x0000278e,0x0000278f,0x0000279d,0x000200f8,
0x0000278f,0x00050080,0x00000019,0x00002792,
0x0000271c,0x00002d70,0x000500c3,0x00000019,
0x00002794,0x00002792,0x000001dd,0x000500c7,
0x00000019,0x00002796,0x00002792,0x00000533,
0x0004007c,0x00000006,0x00002797,0x00002796,
0x000500c4,0x00000006,0x00002798,0x00000071,
0x00002797,0x00050041,0x00000007,0x00002799,
0x0000052f,0x00002794,0x0004003d,0x00000006,
0x0000279a,0x00002799,0x000500c5,0x00000006,
0x0000279b,0x0000279a,0x00002798,0x0003003e,
0x00002799,0x0000279b,0x000200f9,0x0000279d,
0x000200f8,0x0000279d,0x000200f9,0x0000279e,
0x000200f8,0x0000279e,0x00050080,0x00000019,
0x000027a0,0x00002d70,0x000000c4,0x000200f9,
0x00002783,0x000200f8,0x000027a1,0x000200f9,
0x0000271e,0x000200f8,0x0000271e,0x000200f9,
0x0000271f,0x000200f8,0x0000271f,0x00050080,
0x00000019,0x00002721,0x00002d03,0x000000c4,
0x000200f9,0x0000270d,0x000200f8,0x00002722,
0x00050041,0x0000001a,0x00002723,0x000023e9,
0x000001dd,0x0004003d,0x00000019,0x00002724,
0x00002723,0x000500c3,0x00000019,0x00002725,
0x00002724,0x000001da,0x00050041,0x0000001a,
0x00002726,0x000023e9,0x0000017e,0x0004003d,
0x00000019,0x00002727,0x00002726,0x000500c3,
0x00000019,0x00002728,0x00002727,0x000001da,
0x00050084,0x00000019,0x00002729,0x0000010e,
0x00002728,0x00050080,0x00000019,0x0000272a,
0x00002725,0x00002729,0x00050041,0x0000001a,
0x0000272b,0x000023e9,0x000001c5,0x0004003d,
0x00000019,0x0000272c,0x0000272b,0x000500c3,
0x00000019,0x0000272d,0x0000272c,0x000001da,
0x00050084,0x00000019,0x0000272e,0x000003f4,
0x0000272d,0x00050080,0x00000019,0x0000272f,
0x0000272a,0x0000272e,0x0003003e,0x000026d3,
0x000007d2,0x00050041,0x00000007,0x00002730,
0x000026d3,0x0000272f,0x0004003d,0x00000006,
0x00002731,0x00002730,0x0004007c,0x00000019,
0x00002732,0x00002731,0x000200f9,0x00002733,
0x000200f8,0x00002733,0x000700f5,0x00000019,
0x00002d04,0x0000006a,0x00002722,0x00002746,
0x00002744,0x000500b1,0x000000d0,0x00002736,
0x00002d04,0x0000010e,0x000400f6,0x00002747,
0x00002744,0x00000000,0x000400fa,0x00002736,
0x00002737,0x00002747,0x000200f8,0x00002737,
0x0003003e,0x000026d5,0x0000079e,0x00050041,
0x0000001a,0x0000273a,0x000026d5,0x00002d04,
0x0004003d,0x00000019,0x0000273b,0x0000273a,
0x00050080,0x00000019,0x0000273c,0x000007cf,
0x0000273b,0x00050080,0x00000019,0x0000273e,
0x000001dd,0x00002d04,0x00050041,0x0000001a,
0x0000273f,0x000023e9,0x0000273e,0x0004003d,
0x00000019,0x00002740,0x0000273f,0x000500c7,
0x00000019,0x00002741,0x00002740,0x000007a8,
0x0004007c,0x00000006,0x00002742,0x00002741,
0x000200f9,0x000027a5,0x000200f8,0x000027a5,
0x000700f5,0x00000019,0x00002d6b,0x0000006a,
0x00002737,0x000027c2,0x000027c0,0x000500b1,
0x000000d0,0x000027a9,0x00002d6b,0x000001da,
0x000400f6,0x000027c3,0x000027c0,0x00000000,
0x000400fa,0x000027a9,0x000027aa,0x000027c3,
0x000200f8,0x000027aa,0x0004007c,0x00000006,
0x000027ad,0x00002d6b,0x000500c4,0x00000006,
0x000027ae,0x00000071,0x000027ad,0x000500c7,
0x00000006,0x000027af,0x00002742,0x000027ae,
0x000500ab,0x000000d0,0x000027b0,0x000027af,
0x00000138,0x000300f7,0x000027bf,0x00000000,
0x000400fa,0x000027b0,0x000027b1,0x000027bf,
0x000200f8,0x000027b1,0x00050080,0x00000019,
0x000027b4,0x0000273c,0x00002d6b,0x000500c3,
0x00000019,0x000027b6,0x000027b4,0x000001dd,
0x000500c7,0x00000019,0x000027b8,0x000027b4,
0x00000533,0x0004007c,0x00000006,0x000027b9,
0x000027b8,0x000500c4,0x00000006,0x000027ba,
0x00000071,0x000027b9,0x00050041,0x00000007,
0x000027bb,0x0000052f,0x000027b6,0x0004003d,
0x00000006,0x000027bc,0x000027bb,0x000500c5,
0x00000006,0x000027bd,0x000027bc,0x000027ba,
0x0003003e,0x000027bb,0x000027bd,0x000200f9,
0x000027bf,0x000200f8,0x000027bf,0x000200f9,
0x000027c0,0x000200f8,0x000027c0,0x00050080,
0x00000019,0x000027c2,0x00002d6b,0x000000c4,
0x000200f9,0x000027a5,0x000200f8,0x000027c3,
0x000200f9,0x00002744,0x000200f8,0x00002744,
0x00050080,0x00000019,0x00002746,0x00002d04,
0x000000c4,0x000200f9,0x00002733,0x000200f8,
0x00002747,0x000200f9,0x00002748,0x000200f8,
0x00002748,0x000700f5,0x00000019,0x00002d05,
0x0000006a,0x00002747,0x0000275c,0x0000275a,
0x000500b1,0x000000d0,0x0000274b,0x00002d05,
0x000001dd,0x000400f6,0x0000275d,0x0000275a,
0x00000000,0x000400fa,0x0000274b,0x0000274c,
0x0000275d,0x000200f8,0x0000274c,0x000500c3,
0x00000019,0x0000274f,0x00002732,0x00002d05,
0x000500c7,0x00000019,0x00002750,0x0000274f,
0x000000c4,0x000500ab,0x000000d0,0x00002751,
0x00002750,0x0000006a,0x000300f7,0x00002759,
0x00000000,0x000400fa,0x00002751,0x00002752,
0x00002759,0x000200f8,0x00002752,0x0003003e,
0x000026da,0x000007c3,0x00050041,0x0000001a,
0x00002755,0x000026da,0x00002d05,0x0004003d,
0x00000019,0x00002756,0x00002755,0x00050080,
0x00000019,0x00002757,0x000007cf,0x00002756,
0x000200f9,0x000027c7,0x000200f8,0x000027c7,
0x000700f5,0x00000019,0x00002d67,0x0000006a,
0x00002752,0x000027e4,0x000027e2,0x000500b1,
0x000000d0,0x000027cb,0x00002d67,0x000000c4,
0x000400f6,0x000027e5,0x000027e2,0x00000000,
0x000400fa,0x000027cb,0x000027cc,0x000027e5,
0x000200f8,0x000027cc,0x0004007c,0x00000006,
0x000027cf,0x00002d67,0x000500c4,0x00000006,
0x000027d0,0x00000071,0x000027cf,0x000500c7,
0x00000006,0x000027d1,0x00000071,0x000027d0,
0x000500ab,0x000000d0,0x000027d2,0x000027d1,
0x00000138,0x000300f7,0x000027e1,0x00000000,
0x000400fa,0x000027d2,0x000027d3,0x000027e1,
0x000200f8,0x000027d3,0x00050080,0x00000019,
0x000027d6,0x00002757,0x00002d67,0x000500c3,
0x00000019,0x000027d8,0x000027d6,0x000001dd,
0x000500c7,0x00000019,0x000027da,0x000027d6,
0x00000533,0x0004007c,0x00000006,0x000027db,
0x000027da,0x000500c4,0x00000006,0x000027dc,
0x00000071,0x000027db,0x00050041,0x00000007,
0x000027dd,0x0000052f,0x000027d8,0x0004003d,
0x00000006,0x000027de,0x000027dd,0x000500c5,
0x00000006,0x000027df,0x000027de,0x000027dc,
0x0003003e,0x000027dd,0x000027df,0x000200f9,
0x000027e1,0x000200f8,0x000027e1,0x000200f9,
0x000027e2,0x000200f8,0x000027e2,0x00050080,
0x00000019,0x000027e4,0x00002d67,0x000000c4,
0x000200f9,0x000027c7,0x000200f8,0x000027e5,
0x000200f9,0x00002759,0x000200f8,0x00002759,
0x000200f9,0x0000275a,0x000200f8,0x0000275a,
0x00050080,0x00000019,0x0000275c,0x00002d05,
0x000000c4,0x000200f9,0x00002748,0x000200f8,
0x0000275d,0x000200f9,0x000027e9,0x000200f8,
0x000027e9,0x000700f5,0x00000019,0x00002d06,
0x0000006a,0x0000275d,0x00002806,0x00002804,
0x000500b1,0x000000d0,0x000027ed,0x00002d06,
0x000000ef,0x000400f6,0x00002807,0x00002804,
0x00000000,0x000400fa,0x000027ed,0x000027ee,
0x00002807,0x000200f8,0x000027ee,0x0004007c,
0x00000006,0x000027f1,0x00002d06,0x000500c4,
0x00000006,0x000027f2,0x00000071,0x000027f1,
0x000500c7,0x00000006,0x000027f3,0x00000147,
0x000027f2,0x000500ab,0x000000d0,0x000027f4,
0x000027f3,0x00000138,0x000300f7,0x00002803,
0x00000000,0x000400fa,0x000027f4,0x000027f5,
0x00002803,0x000200f8,0x000027f5,0x00050080,
0x00000019,0x000027f8,0x0000096f,0x00002d06,
0x000500c3,0x00000019,0x000027fa,0x000027f8,
0x000001dd,0x000500c7,0x00000019,0x000027fc,
0x000027f8,0x00000533,0x0004007c,0x00000006,
0x000027fd,0x000027fc,0x000500c4,0x00000006,
0x000027fe,0x00000071,0x000027fd,0x00050041,
0x00000007,0x000027ff,0x0000052f,0x000027fa,
0x0004003d,0x00000006,0x00002800,0x000027ff,
0x000500c5,0x00000006,0x00002801,0x00002800,
0x000027fe,0x0003003e,0x000027ff,0x00002801,
0x000200f9,0x00002803,0x000200f8,0x00002803,
0x000200f9,0x00002804,0x000200f8,0x00002804,
0x00050080,0x00000019,0x00002806,0x00002d06,
0x000000c4,0x000200f9,0x000027e9,0x000200f8,
0x00002807,0x000200f9,0x000024f7,0x000200f8,
0x000024f7,0x000700f5,0x00000019,0x00002d3a,
0x0000006a,0x00002807,0x0000250d,0x000024fb,
0x000700f5,0x00000006,0x00002d07,0x00000138,
0x00002807,0x00002510,0x000024fb,0x000500b0,
0x000000d0,0x000024fa,0x00002d07,0x00000147,
0x000400f6,0x00002511,0x000024fb,0x00000000,
0x000400fa,0x000024fa,0x000024fb,0x00002511,
0x000200f8,0x000024fb,0x00050041,0x0000001a,
0x000024fe,0x000023ce,0x00002d07,0x0004003d,
0x00000019,0x000024ff,0x000024fe,0x00050041,
0x0000001a,0x00002501,0x000023c7,0x00002d07,
0x0004003d,0x00000019,0x00002502,0x00002501,
0x00050082,0x00000019,0x00002503,0x000024ff,
0x00002502,0x00050041,0x0000001a,0x00002504,
0x000023ef,0x00002d07,0x0003003e,0x00002504,
0x00002503,0x0004003d,0x00000019,0x00002507,
0x00002504,0x0004003d,0x00000019,0x0000250a,
0x00002504,0x00050084,0x00000019,0x0000250b,
0x00002507,0x0000250a,0x00050080,0x00000019,
0x0000250d,0x00002d3a,0x0000250b,0x00050080,
0x00000006,0x00002510,0x00002d07,0x000000c4,
0x000200f9,0x000024f7,0x000200f8,0x00002511,
0x00050082,0x00000019,0x00002514,0x00002cf0,
0x00002cef,0x000200f9,0x00002515,0x000200f8,
0x00002515,0x000700f5,0x00000019,0x00002d38,
0x0000006a,0x00002511,0x00002580,0x0000257e,
0x000500b1,0x000000d0,0x00002518,0x00002d38,
0x0000035b,0x000400f6,0x00002581,0x0000257e,
0x00000000,0x000400fa,0x00002518,0x00002519,
0x00002581,0x000200f8,0x00002519,0x000500aa,
0x000000d0,0x0000251b,0x00002d3a,0x0000006a,
0x000300f7,0x00002549,0x00000000,0x000400fa,
0x0000251b,0x0000251c,0x0000251d,0x000200f8,
0x0000251c,0x000200f9,0x00002549,0x000200f8,
0x0000251d,0x000200f9,0x0000251e,0x000200f8,
0x0000251e,0x000700f5,0x00000019,0x00002d3c,
0x0000006a,0x0000251d,0x00002531,0x00002522,
0x000700f5,0x00000006,0x00002d3b,0x00000138,
0x0000251d,0x00002534,0x00002522,0x000500b0,
0x000000d0,0x00002521,0x00002d3b,0x00000147,
0x000400f6,0x00002535,0x00002522,0x00000000,
0x000400fa,0x00002521,0x00002522,0x00002535,
0x000200f8,0x00002522,0x0004007c,0x00000006,
0x00002524,0x00002d38,0x00050041,0x00000007,
0x0000280b,0x0000004c,0x00002524,0x0004003d,
0x00000006,0x0000280c,0x0000280b,0x00050084,
0x00000006,0x0000280e,0x00002d3b,0x00000031,
0x000500c2,0x00000006,0x0000280f,0x0000280c,
0x0000280e,0x000500c7,0x00000006,0x00002810,
0x0000280f,0x00000054,0x0004007c,0x00000019,
0x00002527,0x00002810,0x00050041,0x0000001a,
0x00002529,0x000023c7,0x00002d3b,0x0004003d,
0x00000019,0x0000252a,0x00002529,0x00050082,
0x00000019,0x0000252b,0x00002527,0x0000252a,
0x00050041,0x0000001a,0x0000252d,0x000023ef,
0x00002d3b,0x0004003d,0x00000019,0x0000252e,
0x0000252d,0x00050084,0x00000019,0x0000252f,
0x0000252b,0x0000252e,0x00050080,0x00000019,
0x00002531,0x00002d3c,0x0000252f,0x00050080,
0x00000006,0x00002534,0x00002d3b,0x000000c4,
0x000200f9,0x0000251e,0x000200f8,0x00002535,
0x000500b3,0x000000d0,0x00002537,0x00002d3c,
0x0000006a,0x000300f7,0x00002548,0x00000000,
0x000400fa,0x00002537,0x00002538,0x00002539,
0x000200f8,0x00002538,0x000200f9,0x00002548,
0x000200f8,0x00002539,0x000500af,0x000000d0,
0x0000253c,0x00002d3c,0x00002d3a,0x000300f7,
0x00002547,0x00000000,0x000400fa,0x0000253c,
0x0000253d,0x0000253e,0x000200f8,0x0000253d,
0x000200f9,0x00002547,0x000200f8,0x0000253e,
0x00050084,0x00000019,0x00002540,0x00002d3c,
0x0000010e,0x00050087,0x00000019,0x00002542,
0x00002d3a,0x000000ef,0x00050080,0x00000019,
0x00002543,0x00002540,0x00002542,0x00050087,
0x00000019,0x00002545,0x00002543,0x00002d3a,
0x0004007c,0x00000006,0x00002546,0x00002545,
0x000200f9,0x00002547,0x000200f8,0x00002547,
0x000700f5,0x00000006,0x00002d4c,0x00000147,
0x0000253d,0x00002546,0x0000253e,0x000200f9,
0x00002548,0x000200f8,0x00002548,0x000700f5,
0x00000006,0x00002d4b,0x00000138,0x00002538,
0x00002d4c,0x00002547,0x000200f9,0x00002549,
0x000200f8,0x00002549,0x000700f5,0x00000006,
0x00002d4a,0x00000138,0x0000251c,0x00002d4b,
0x00002548,0x000500aa,0x000000d0,0x0000254b,
0x00002514,0x0000006a,0x000300f7,0x00002565,
0x00000000,0x000400fa,0x0000254b,0x0000254c,
0x0000254d,0x000200f8,0x0000254c,0x000200f9,
0x00002565,0x000200f8,0x0000254d,0x0004007c,
0x00000006,0x0000254f,0x00002d38,0x00050041,
0x00000007,0x00002814,0x0000004c,0x0000254f,
0x0004003d,0x00000006,0x00002815,0x00002814,
0x000500c2,0x00000006,0x00002818,0x00002815,
0x00000512,0x000500c7,0x00000006,0x00002819,
0x00002818,0x00000054,0x0004007c,0x00000019,
0x00002551,0x00002819,0x00050082,0x00000019,
0x00002553,0x00002551,0x00002cef,0x00050084,
0x00000019,0x00002555,0x00002553,0x0000010e,
0x00050087,0x00000019,0x00002557,0x00002514,
0x000000ef,0x00050080,0x00000019,0x00002558,
0x00002555,0x00002557,0x00050087,0x00000019,
0x0000255a,0x00002558,0x00002514,0x000500b1,
0x000000d0,0x0000255c,0x0000255a,0x0000006a,
0x000600a9,0x00000019,0x00003207,0x0000255c,
0x0000006a,0x0000255a,0x000500ad,0x000000d0,
0x00002560,0x00003207,0x0000010e,0x000600a9,
0x00000019,0x00003208,0x00002560,0x0000010e,
0x00003207,0x0004007c,0x00000006,0x00002564,
0x00003208,0x000200f9,0x00002565,0x000200f8,
0x00002565,0x000700f5,0x00000006,0x00002d4f,
0x00000138,0x0000254c,0x00002564,0x0000254d,
0x000300f7,0x0000256d,0x00000000,0x000400fa,
0x000024db,0x00002568,0x0000256d,0x000200f8,
0x00002568,0x00050082,0x00000006,0x0000256a,
0x00000147,0x00002d4a,0x00050082,0x00000006,
0x0000256c,0x00000147,0x00002d4f,0x000200f9,
0x0000256d,0x000200f8,0x0000256d,0x000700f5,
0x00000006,0x00002d5c,0x00002d4f,0x00002565,
0x0000256c,0x00002568,0x000700f5,0x00000006,
0x00002d54,0x00002d4a,0x00002565,0x0000256a,
0x00002568,0x00050084,0x00000019,0x0000256f,
0x000000ef,0x00002d38,0x00050080,0x00000019,
0x00002570,0x0000256f,0x000000c4,0x00050084,
0x00000019,0x00002571,0x00002570,0x000000ef,
0x00050082,0x00000019,0x00002572,0x0000034c,
0x00002571,0x000200f9,0x0000281e,0x000200f8,
0x0000281e,0x000700f5,0x00000006,0x00002d56,
0x00000138,0x0000256d,0x00002830,0x00002823,
0x000700f5,0x00000019,0x00002d55,0x0000006a,
0x0000256d,0x00002833,0x00002823,0x000500b1,
0x000000d0,0x00002822,0x00002d55,0x000000ef,
0x000400f6,0x00002834,0x00002823,0x00000000,
0x000400fa,0x00002822,0x00002823,0x00002834,
0x000200f8,0x00002823,0x0004007c,0x00000006,
0x00002826,0x00002d55,0x000500c2,0x00000006,
0x00002827,0x00002d54,0x00002826,0x000500c7,
0x00000006,0x00002828,0x00002827,0x00000071,
0x00050082,0x00000019,0x0000282c,0x000000c4,
0x00002d55,0x0004007c,0x00000006,0x0000282d,
0x0000282c,0x000500c4,0x00000006,0x0000282e,
0x00002828,0x0000282d,0x000500c5,0x00000006,
0x00002830,0x00002d56,0x0000282e,0x00050080,
0x00000019,0x00002833,0x00002d55,0x000000c4,
0x000200f9,0x0000281e,0x000200f8,0x00002834,
0x000200f9,0x00002839,0x000200f8,0x00002839,
0x000700f5,0x00000019,0x00002d57,0x0000006a,
0x00002834,0x00002856,0x00002854,0x000500b1,
0x000000d0,0x0000283d,0x00002d57,0x000000ef,
0x000400f6,0x00002857,0x00002854,0x00000000,
0x000400fa,0x0000283d,0x0000283e,0x00002857,
0x000200f8,0x0000283e,0x0004007c,0x00000006,
0x00002841,0x00002d57,0x000500c4,0x00000006,
0x00002842,0x00000071,0x00002841,0x000500c7,
0x00000006,0x00002843,0x00002d56,0x00002842,
0x000500ab,0x000000d0,0x00002844,0x00002843,
0x00000138,0x000300f7,0x00002853,0x00000000,
0x000400fa,0x00002844,0x00002845,0x00002853,
0x000200f8,0x00002845,0x00050080,0x00000019,
0x00002848,0x00002572,0x00002d57,0x000500c3,
0x00000019,0x0000284a,0x00002848,0x000001dd,
0x000500c7,0x00000019,0x0000284c,0x00002848,
0x00000533,0x0004007c,0x00000006,0x0000284d,
0x0000284c,0x000500c4,0x00000006,0x0000284e,
0x00000071,0x0000284d,0x00050041,0x00000007,
0x0000284f,0x0000052f,0x0000284a,0x0004003d,
0x00000006,0x00002850,0x0000284f,0x000500c5,
0x00000006,0x00002851,0x00002850,0x0000284e,
0x0003003e,0x0000284f,0x00002851,0x000200f9,
0x00002853,0x000200f8,0x00002853,0x000200f9,
0x00002854,0x000200f8,0x00002854,0x00050080,
0x00000019,0x00002856,0x00002d57,0x000000c4,
0x000200f9,0x00002839,0x000200f8,0x00002857,
0x00050080,0x00000019,0x00002578,0x0000256f,
0x000000ef,0x00050084,0x00000019,0x00002579,
0x00002578,0x000000ef,0x00050082,0x00000019,
0x0000257a,0x0000034c,0x00002579,0x000200f9,
0x0000285c,0x000200f8,0x0000285c,0x000700f5,
0x00000006,0x00002d5e,0x00000138,0x00002857,
0x0000286e,0x00002861,0x000700f5,0x00000019,
0x00002d5d,0x0000006a,0x00002857,0x00002871,
0x00002861,0x000500b1,0x000000d0,0x00002860,
0x00002d5d,0x000000ef,0x000400f6,0x00002872,
0x00002861,0x00000000,0x000400fa,0x00002860,
0x00002861,0x00002872,0x000200f8,0x00002861,
0x0004007c,0x00000006,0x00002864,0x00002d5d,
0x000500c2,0x00000006,0x00002865,0x00002d5c,
0x00002864,0x000500c7,0x00000006,0x00002866,
0x00002865,0x00000071,0x00050082,0x00000019,
0x0000286a,0x000000c4,0x00002d5d,0x0004007c,
0x00000006,0x0000286b,0x0000286a,0x000500c4,
0x00000006,0x0000286c,0x00002866,0x0000286b,
0x000500c5,0x00000006,0x0000286e,0x00002d5e,
0x0000286c,0x00050080,0x00000019,0x00002871,
0x00002d5d,0x000000c4,0x000200f9,0x0000285c,
0x000200f8,0x00002872,0x000200f9,0x00002877,
0x000200f8,0x00002877,0x000700f5,0x00000019,
0x00002d5f,0x0000006a,0x00002872,0x00002894,
0x00002892,0x000500b1,0x000000d0,0x0000287b,
0x00002d5f,0x000000ef,0x000400f6,0x00002895,
0x00002892,0x00000000,0x000400fa,0x0000287b,
0x0000287c,0x00002895,0x000200f8,0x0000287c,
0x0004007c,0x00000006,0x0000287f,0x00002d5f,
0x000500c4,0x00000006,0x00002880,0x00000071,
0x0000287f,0x000500c7,0x00000006,0x00002881,
0x00002d5e,0x00002880,0x000500ab,0x000000d0,
0x00002882,0x00002881,0x00000138,0x000300f7,
0x00002891,0x00000000,0x000400fa,0x00002882,
0x00002883,0x00002891,0x000200f8,0x00002883,
0x00050080,0x00000019,0x00002886,0x0000257a,
0x00002d5f,0x000500c3,0x00000019,0x00002888,
0x00002886,0x000001dd,0x000500c7,0x00000019,
0x0000288a,0x00002886,0x00000533,0x0004007c,
0x00000006,0x0000288b,0x0000288a,0x000500c4,
0x00000006,0x0000288c,0x00000071,0x0000288b,
0x00050041,0x00000007,0x0000288d,0x0000052f,
0x00002888,0x0004003d,0x00000006,0x0000288e,
0x0000288d,0x000500c5,0x00000006,0x0000288f,
0x0000288e,0x0000288c,0x0003003e,0x0000288d,
0x0000288f,0x000200f9,0x00002891,0x000200f8,
0x00002891,0x000200f9,0x00002892,0x000200f8,
0x00002892,0x00050080,0x00000019,0x00002894,
0x00002d5f,0x000000c4,0x000200f9,0x00002877,
0x000200f8,0x00002895,0x000200f9,0x0000257e,
0x000200f8,0x0000257e,0x00050080,0x00000019,
0x00002580,0x00002d38,0x000000c4,0x000200f9,
0x00002515,0x000200f8,0x00002581,0x000200f9,
0x00000e83,0x000200f8,0x00000e85,0x00050041,
0x00000007,0x000028e0,0x0000052f,0x0000006a,
0x0003003e,0x000028e0,0x00000138,0x00050041,
0x00000007,0x000028e1,0x0000052f,0x000000c4,
0x0003003e,0x000028e1,0x00000138,0x00050041,
0x00000007,0x000028e2,0x0000052f,0x000000ef,
0x0003003e,0x000028e2,0x00000138,0x00050041,
0x00000007,0x000028e3,0x0000052f,0x0000010e,
0x0003003e,0x000028e3,0x00000138,0x000200f9,
0x000028e4,0x000200f8,0x000028e4,0x000700f5,
0x00000019,0x00002cb9,0x0000006a,0x00000e85,
0x00003088,0x00002915,0x000700f5,0x00000019,
0x00002cb8,0x0000006a,0x00000e85,0x00003085,
0x00002915,0x000700f5,0x00000019,0x00002cb7,
0x0000006a,0x00000e85,0x000028ea,0x00002915,
0x000700f5,0x00000019,0x00002ce5,0x00000560,
0x00000e85,0x00002ce4,0x00002915,0x000500b1,
0x000000d0,0x000028e7,0x00002cb7,0x0000035b,
0x000400f6,0x00002918,0x00002915,0x00000000,
0x000400fa,0x000028e7,0x000028e8,0x00002918,
0x000200f8,0x000028e8,0x00050080,0x00000019,
0x000028ea,0x00002cb7,0x000000c4,0x000200f9,
0x000028eb,0x000200f8,0x000028eb,0x000700f5,
0x00000019,0x00002ce4,0x00002ce5,0x000028e8,
0x00003209,0x00002911,0x000700f5,0x00000019,
0x00002cdf,0x000028ea,0x000028e8,0x00002913,
0x00002911,0x000700f5,0x00000019,0x00003088,
0x00002cb9,0x000028e8,0x0000320a,0x00002911,
0x000700f5,0x00000019,0x00003085,0x00002cb8,
0x000028e8,0x0000320b,0x00002911,0x000500b1,
0x000000d0,0x000028ee,0x00002cdf,0x0000035b,
0x000400f6,0x00002914,0x00002911,0x00000000,
0x000400fa,0x000028ee,0x000028ef,0x00002914,
0x000200f8,0x000028ef,0x000200f9,0x000028f0,
0x000200f8,0x000028f0,0x000700f5,0x00000019,
0x00002ce2,0x0000006a,0x000028ef,0x00002904,
0x000028f4,0x000700f5,0x00000006,0x00002ce1,
0x00000138,0x000028ef,0x00002907,0x000028f4,
0x000500b0,0x000000d0,0x000028f3,0x00002ce1,
0x00000147,0x000400f6,0x00002908,0x000028f4,
0x00000000,0x000400fa,0x000028f3,0x000028f4,
0x00002908,0x000200f8,0x000028f4,0x0004007c,
0x00000006,0x000028f6,0x00002cb7,0x00050041,
0x00000007,0x000029cc,0x0000004c,0x000028f6,
0x0004003d,0x00000006,0x000029cd,0x000029cc,
0x00050084,0x00000006,0x000029cf,0x00002ce1,
0x00000031,0x000500c2,0x00000006,0x000029d0,
0x000029cd,0x000029cf,0x000500c7,0x00000006,
0x000029d1,0x000029d0,0x00000054,0x0004007c,
0x00000019,0x000028f9,0x000029d1,0x0004007c,
0x00000006,0x000028fb,0x00002cdf,0x00050041,
0x00000007,0x000029d5,0x0000004c,0x000028fb,
0x0004003d,0x00000006,0x000029d6,0x000029d5,
0x000500c2,0x00000006,0x000029d9,0x000029d6,
0x000029cf,0x000500c7,0x00000006,0x000029da,
0x000029d9,0x00000054,0x0004007c,0x00000019,
0x000028fe,0x000029da,0x00050082,0x00000019,
0x000028ff,0x000028f9,0x000028fe,0x00050084,
0x00000019,0x00002902,0x000028ff,0x000028ff,
0x00050080,0x00000019,0x00002904,0x00002ce2,
0x00002902,0x00050080,0x00000006,0x00002907,
0x00002ce1,0x000000c4,0x000200f9,0x000028f0,
0x000200f8,0x00002908,0x000500ad,0x000000d0,
0x0000290b,0x00002ce2,0x00002ce4,0x000600a9,
0x00000019,0x00003209,0x0000290b,0x00002ce2,
0x00002ce4,0x000600a9,0x00000019,0x0000320a,
0x0000290b,0x00002cdf,0x00003088,0x000600a9,
0x00000019,0x0000320b,0x0000290b,0x00002cb7,
0x00003085,0x000200f9,0x00002911,0x000200f8,
0x00002911,0x00050080,0x00000019,0x00002913,
0x00002cdf,0x000000c4,0x000200f9,0x000028eb,
0x000200f8,0x00002914,0x000200f9,0x00002915,
0x000200f8,0x00002915,0x000200f9,0x000028e4,
0x000200f8,0x00002918,0x0004007c,0x00000006,
0x0000291a,0x00002cb8,0x00050041,0x00000007,
0x000029de,0x0000004c,0x0000291a,0x0004003d,
0x00000006,0x000029df,0x000029de,0x000500c2,
0x00000006,0x000029e2,0x000029df,0x00000138,
0x000500c7,0x00000006,0x000029e3,0x000029e2,
0x00000054,0x0004003d,0x00000006,0x000029e8,
0x000029de,0x000500c2,0x00000006,0x000029eb,
0x000029e8,0x00000031,0x000500c7,0x00000006,
0x000029ec,0x000029eb,0x00000054,0x00050080,
0x00000006,0x0000291f,0x000029e3,0x000029ec,
0x0004003d,0x00000006,0x000029f1,0x000029de,
0x000500c2,0x00000006,0x000029f4,0x000029f1,
0x00000049,0x000500c7,0x00000006,0x000029f5,
0x000029f4,0x00000054,0x00050080,0x00000006,
0x00002923,0x0000291f,0x000029f5,0x0004007c,
0x00000019,0x00002924,0x00002923,0x0004007c,
0x00000006,0x00002926,0x00002cb9,0x00050041,
0x00000007,0x000029f9,0x0000004c,0x00002926,
0x0004003d,0x00000006,0x000029fa,0x000029f9,
0x000500c2,0x00000006,0x000029fd,0x000029fa,
0x00000138,0x000500c7,0x00000006,0x000029fe,
0x000029fd,0x00000054,0x0004003d,0x00000006,
0x00002a03,0x000029f9,0x000500c2,0x00000006,
0x00002a06,0x00002a03,0x00000031,0x000500c7,
0x00000006,0x00002a07,0x00002a06,0x00000054,
0x00050080,0x00000006,0x0000292b,0x000029fe,
0x00002a07,0x0004003d,0x00000006,0x00002a0c,
0x000029f9,0x000500c2,0x00000006,0x00002a0f,
0x00002a0c,0x00000049,0x000500c7,0x00000006,
0x00002a10,0x00002a0f,0x00000054,0x00050080,
0x00000006,0x0000292f,0x0000292b,0x00002a10,
0x0004007c,0x00000019,0x00002930,0x0000292f,
0x000500af,0x000000d0,0x00002933,0x00002930,
0x00002924,0x000600a9,0x00000019,0x00002936,
0x00002933,0x00002cb8,0x00002cb9,0x000600a9,
0x00000019,0x0000293c,0x00002933,0x00002cb9,
0x00002cb8,0x000200f9,0x0000293d,0x000200f8,
0x0000293d,0x000700f5,0x00000006,0x00002cba,
0x00000138,0x00002918,0x00002952,0x00002941,
0x000500b0,0x000000d0,0x00002940,0x00002cba,
0x00000147,0x000400f6,0x00002953,0x00002941,
0x00000000,0x000400fa,0x00002940,0x00002941,
0x00002953,0x000200f8,0x00002941,0x0004007c,
0x00000006,0x00002944,0x00002936,0x00050041,
0x00000007,0x00002a14,0x0000004c,0x00002944,
0x0004003d,0x00000006,0x00002a15,0x00002a14,
0x00050084,0x00000006,0x00002a17,0x00002cba,
0x00000031,0x000500c2,0x00000006,0x00002a18,
0x00002a15,0x00002a17,0x000500c7,0x00000006,
0x00002a19,0x00002a18,0x00000054,0x0004007c,
0x00000019,0x00002947,0x00002a19,0x00050041,
0x0000001a,0x00002948,0x000028b3,0x00002cba,
0x0003003e,0x00002948,0x00002947,0x0004007c,
0x00000006,0x0000294b,0x0000293c,0x00050041,
0x00000007,0x00002a1d,0x0000004c,0x0000294b,
0x0004003d,0x00000006,0x00002a1e,0x00002a1d,
0x000500c2,0x00000006,0x00002a21,0x00002a1e,
0x00002a17,0x000500c7,0x00000006,0x00002a22,
0x00002a21,0x00000054,0x0004007c,0x00000019,
0x0000294e,0x00002a22,0x00050041,0x0000001a,
0x0000294f,0x000028b6,0x00002cba,0x0003003e,
0x0000294f,0x0000294e,0x00050080,0x00000006,
0x00002952,0x00002cba,0x000000c4,0x000200f9,
0x0000293d,0x000200f8,0x00002953,0x000200f9,
0x00002a26,0x000200f8,0x00002a26,0x000700f5,
0x00000019,0x00002cbb,0x0000006a,0x00002953,
0x00002a43,0x00002a41,0x000500b1,0x000000d0,
0x00002a2a,0x00002cbb,0x000005f3,0x000400f6,
0x00002a44,0x00002a41,0x00000000,0x000400fa,
0x00002a2a,0x00002a2b,0x00002a44,0x000200f8,
0x00002a2b,0x0004007c,0x00000006,0x00002a2e,
0x00002cbb,0x000500c4,0x00000006,0x00002a2f,
0x00000071,0x00002a2e,0x000500c7,0x00000006,
0x00002a30,0x000005f4,0x00002a2f,0x000500ab,
0x000000d0,0x00002a31,0x00002a30,0x00000138,
0x000300f7,0x00002a40,0x00000000,0x000400fa,
0x00002a31,0x00002a32,0x00002a40,0x000200f8,
0x00002a32,0x000500c3,0x00000019,0x00002a37,
0x00002cbb,0x000001dd,0x000500c7,0x00000019,
0x00002a39,0x00002cbb,0x00000533,0x0004007c,
0x00000006,0x00002a3a,0x00002a39,0x000500c4,
0x00000006,0x00002a3b,0x00000071,0x00002a3a,
0x00050041,0x00000007,0x00002a3c,0x0000052f,
0x00002a37,0x0004003d,0x00000006,0x00002a3d,
0x00002a3c,0x000500c5,0x00000006,0x00002a3e,
0x00002a3d,0x00002a3b,0x0003003e,0x00002a3c,
0x00002a3e,0x000200f9,0x00002a40,0x000200f8,
0x00002a40,0x000200f9,0x00002a41,0x000200f8,
0x00002a41,0x00050080,0x00000019,0x00002a43,
0x00002cbb,0x000000c4,0x000200f9,0x00002a26,
0x000200f8,0x00002a44,0x000200f9,0x00002a48,
0x000200f8,0x00002a48,0x000700f5,0x00000019,
0x00002cbc,0x0000006a,0x00002a44,0x00002a65,
0x00002a63,0x000500b1,0x000000d0,0x00002a4c,
0x00002cbc,0x000001da,0x000400f6,0x00002a66,
0x00002a63,0x00000000,0x000400fa,0x00002a4c,
0x00002a4d,0x00002a66,0x000200f8,0x00002a4d,
0x0004007c,0x00000006,0x00002a50,0x00002cbc,
0x000500c4,0x00000006,0x00002a51,0x00000071,
0x00002a50,0x000500c7,0x00000006,0x00002a52,
0x00000031,0x00002a51,0x000500ab,0x000000d0,
0x00002a53,0x00002a52,0x00000138,0x000300f7,
0x00002a62,0x00000000,0x000400fa,0x00002a53,
0x00002a54,0x00002a62,0x000200f8,0x00002a54,
0x00050080,0x00000019,0x00002a57,0x00000400,
0x00002cbc,0x000500c3,0x00000019,0x00002a59,
0x00002a57,0x000001dd,0x000500c7,0x00000019,
0x00002a5b,0x00002a57,0x00000533,0x0004007c,
0x00000006,0x00002a5c,0x00002a5b,0x000500c4,
0x00000006,0x00002a5d,0x00000071,0x00002a5c,
0x00050041,0x00000007,0x00002a5e,0x0000052f,
0x00002a59,0x0004003d,0x00000006,0x00002a5f,
0x00002a5e,0x000500c5,0x00000006,0x00002a60,
0x00002a5f,0x00002a5d,0x0003003e,0x00002a5e,
0x00002a60,0x000200f9,0x00002a62,0x000200f8,
0x00002a62,0x000200f9,0x00002a63,0x000200f8,
0x00002a63,0x00050080,0x00000019,0x00002a65,
0x00002cbc,0x000000c4,0x000200f9,0x00002a48,
0x000200f8,0x00002a66,0x00050041,0x0000001a,
0x00002956,0x000028b3,0x0000006a,0x0004003d,
0x00000019,0x00002957,0x00002956,0x0004007c,
0x00000006,0x00002958,0x00002957,0x000200f9,
0x00002a6a,0x000200f8,0x00002a6a,0x000700f5,
0x00000019,0x00002cbd,0x0000006a,0x00002a66,
0x00002a87,0x00002a85,0x000500b1,0x000000d0,
0x00002a6e,0x00002cbd,0x0000019a,0x000400f6,
0x00002a88,0x00002a85,0x00000000,0x000400fa,
0x00002a6e,0x00002a6f,0x00002a88,0x000200f8,
0x00002a6f,0x0004007c,0x00000006,0x00002a72,
0x00002cbd,0x000500c4,0x00000006,0x00002a73,
0x00000071,0x00002a72,0x000500c7,0x00000006,
0x00002a74,0x00002958,0x00002a73,0x000500ab,
0x000000d0,0x00002a75,0x00002a74,0x00000138,
0x000300f7,0x00002a84,0x00000000,0x000400fa,
0x00002a75,0x00002a76,0x00002a84,0x000200f8,
0x00002a76,0x00050080,0x00000019,0x00002a79,
0x00000401,0x00002cbd,0x000500c3,0x00000019,
0x00002a7b,0x00002a79,0x000001dd,0x000500c7,
0x00000019,0x00002a7d,0x00002a79,0x00000533,
0x0004007c,0x00000006,0x00002a7e,0x00002a7d,
0x000500c4,0x00000006,0x00002a7f,0x00000071,
0x00002a7e,0x00050041,0x00000007,0x00002a80,
0x0000052f,0x00002a7b,0x0004003d,0x00000006,
0x00002a81,0x00002a80,0x000500c5,0x00000006,
0x00002a82,0x00002a81,0x00002a7f,0x0003003e,
0x00002a80,0x00002a82,0x000200f9,0x00002a84,
0x000200f8,0x00002a84,0x000200f9,0x00002a85,
0x000200f8,0x00002a85,0x00050080,0x00000019,
0x00002a87,0x00002cbd,0x000000c4,0x000200f9,
0x00002a6a,0x000200f8,0x00002a88,0x00050041,
0x0000001a,0x0000295a,0x000028b6,0x0000006a,
0x0004003d,0x00000019,0x0000295b,0x0000295a,
0x0004007c,0x00000006,0x0000295c,0x0000295b,
0x000200f9,0x00002a8c,0x000200f8,0x00002a8c,
0x000700f5,0x00000019,0x00002cbe,0x0000006a,
0x00002a88,0x00002aa9,0x00002aa7,0x000500b1,
0x000000d0,0x00002a90,0x00002cbe,0x0000019a,
0x000400f6,0x00002aaa,0x00002aa7,0x00000000,
0x000400fa,0x00002a90,0x00002a91,0x00002aaa,
0x000200f8,0x00002a91,0x0004007c,0x00000006,
0x00002a94,0x00002cbe,0x000500c4,0x00000006,
0x00002a95,0x00000071,0x00002a94,0x000500c7,
0x00000006,0x00002a96,0x0000295c,0x00002a95,
0x000500ab,0x000000d0,0x00002a97,0x00002a96,
0x00000138,0x000300f7,0x00002aa6,0x00000000,
0x000400fa,0x00002a97,0x00002a98,0x00002aa6,
0x000200f8,0x00002a98,0x00050080,0x00000019,
0x00002a9b,0x00000604,0x00002cbe,0x000500c3,
0x00000019,0x00002a9d,0x00002a9b,0x000001dd,
0x000500c7,0x00000019,0x00002a9f,0x00002a9b,
0x00000533,0x0004007c,0x00000006,0x00002aa0,
0x00002a9f,0x000500c4,0x00000006,0x00002aa1,
0x00000071,0x00002aa0,0x00050041,0x00000007,
0x00002aa2,0x0000052f,0x00002a9d,0x0004003d,
0x00000006,0x00002aa3,0x00002aa2,0x000500c5,
0x00000006,0x00002aa4,0x00002aa3,0x00002aa1,
0x0003003e,0x00002aa2,0x00002aa4,0x000200f9,
0x00002aa6,0x000200f8,0x00002aa6,0x000200f9,
0x00002aa7,0x000200f8,0x00002aa7,0x00050080,
0x00000019,0x00002aa9,0x00002cbe,0x000000c4,
0x000200f9,0x00002a8c,0x000200f8,0x00002aaa,
0x00050041,0x0000001a,0x0000295e,0x000028b3,
0x000000c4,0x0004003d,0x00000019,0x0000295f,
0x0000295e,0x0004007c,0x00000006,0x00002960,
0x0000295f,0x000200f9,0x00002aae,0x000200f8,
0x00002aae,0x000700f5,0x00000019,0x00002cbf,
0x0000006a,0x00002aaa,0x00002acb,0x00002ac9,
0x000500b1,0x000000d0,0x00002ab2,0x00002cbf,
0x0000019a,0x000400f6,0x00002acc,0x00002ac9,
0x00000000,0x000400fa,0x00002ab2,0x00002ab3,
0x00002acc,0x000200f8,0x00002ab3,0x0004007c,
0x00000006,0x00002ab6,0x00002cbf,0x000500c4,
0x00000006,0x00002ab7,0x00000071,0x00002ab6,
0x000500c7,0x00000006,0x00002ab8,0x00002960,
0x00002ab7,0x000500ab,0x000000d0,0x00002ab9,
0x00002ab8,0x00000138,0x000300f7,0x00002ac8,
0x00000000,0x000400fa,0x00002ab9,0x00002aba,
0x00002ac8,0x000200f8,0x00002aba,0x00050080,
0x00000019,0x00002abd,0x0000060c,0x00002cbf,
0x000500c3,0x00000019,0x00002abf,0x00002abd,
0x000001dd,0x000500c7,0x00000019,0x00002ac1,
0x00002abd,0x00000533,0x0004007c,0x00000006,
0x00002ac2,0x00002ac1,0x000500c4,0x00000006,
0x00002ac3,0x00000071,0x00002ac2,0x00050041,
0x00000007,0x00002ac4,0x0000052f,0x00002abf,
0x0004003d,0x00000006,0x00002ac5,0x00002ac4,
0x000500c5,0x00000006,0x00002ac6,0x00002ac5,
0x00002ac3,0x0003003e,0x00002ac4,0x00002ac6,
0x000200f9,0x00002ac8,0x000200f8,0x00002ac8,
0x000200f9,0x00002ac9,0x000200f8,0x00002ac9,
0x00050080,0x00000019,0x00002acb,0x00002cbf,
0x000000c4,0x000200f9,0x00002aae,0x000200f8,
0x00002acc,0x00050041,0x0000001a,0x00002962,
0x000028b6,0x000000c4,0x0004003d,0x00000019,
0x00002963,0x00002962,0x0004007c,0x00000006,
0x00002964,0x00002963,0x000200f9,0x00002ad0,
0x000200f8,0x00002ad0,0x000700f5,0x00000019,
0x00002cc0,0x0000006a,0x00002acc,0x00002aed,
0x00002aeb,0x000500b1,0x000000d0,0x00002ad4,
0x00002cc0,0x0000019a,0x000400f6,0x00002aee,
0x00002aeb,0x00000000,0x000400fa,0x00002ad4,
0x00002ad5,0x00002aee,0x000200f8,0x00002ad5,
0x0004007c,0x00000006,0x00002ad8,0x00002cc0,
0x000500c4,0x00000006,0x00002ad9,0x00000071,
0x00002ad8,0x000500c7,0x00000006,0x00002ada,
0x00002964,0x00002ad9,0x000500ab,0x000000d0,
0x00002adb,0x00002ada,0x00000138,0x000300f7,
0x00002aea,0x00000000,0x000400fa,0x00002adb,
0x00002adc,0x00002aea,0x000200f8,0x00002adc,
0x00050080,0x00000019,0x00002adf,0x00000614,
0x00002cc0,0x000500c3,0x00000019,0x00002ae1,
0x00002adf,0x000001dd,0x000500c7,0x00000019,
0x00002ae3,0x00002adf,0x00000533,0x0004007c,
0x00000006,0x00002ae4,0x00002ae3,0x000500c4,
0x00000006,0x00002ae5,0x00000071,0x00002ae4,
0x00050041,0x00000007,0x00002ae6,0x0000052f,
0x00002ae1,0x0004003d,0x00000006,0x00002ae7,
0x00002ae6,0x000500c5,0x00000006,0x00002ae8,
0x00002ae7,0x00002ae5,0x0003003e,0x00002ae6,
0x00002ae8,0x000200f9,0x00002aea,0x000200f8,
0x00002aea,0x000200f9,0x00002aeb,0x000200f8,
0x00002aeb,0x00050080,0x00000019,0x00002aed,
0x00002cc0,0x000000c4,0x000200f9,0x00002ad0,
0x000200f8,0x00002aee,0x00050041,0x0000001a,
0x00002966,0x000028b3,0x000000ef,0x0004003d,
0x00000019,0x00002967,0x00002966,0x0004007c,
0x00000006,0x00002968,0x00002967,0x000200f9,
0x00002af2,0x000200f8,0x00002af2,0x000700f5,
0x00000019,0x00002cc1,0x0000006a,0x00002aee,
0x00002b0f,0x00002b0d,0x000500b1,0x000000d0,
0x00002af6,0x00002cc1,0x0000019a,0x000400f6,
0x00002b10,0x00002b0d,0x00000000,0x000400fa,
0x00002af6,0x00002af7,0x00002b10,0x000200f8,
0x00002af7,0x0004007c,0x00000006,0x00002afa,
0x00002cc1,0x000500c4,0x00000006,0x00002afb,
0x00000071,0x00002afa,0x000500c7,0x00000006,
0x00002afc,0x00002968,0x00002afb,0x000500ab,
0x000000d0,0x00002afd,0x00002afc,0x00000138,
0x000300f7,0x00002b0c,0x00000000,0x000400fa,
0x00002afd,0x00002afe,0x00002b0c,0x000200f8,
0x00002afe,0x00050080,0x00000019,0x00002b01,
0x0000061c,0x00002cc1,0x000500c3,0x00000019,
0x00002b03,0x00002b01,0x000001dd,0x000500c7,
0x00000019,0x00002b05,0x00002b01,0x00000533,
0x0004007c,0x00000006,0x00002b06,0x00002b05,
0x000500c4,0x00000006,0x00002b07,0x00000071,
0x00002b06,0x00050041,0x00000007,0x00002b08,
0x0000052f,0x00002b03,0x0004003d,0x00000006,
0x00002b09,0x00002b08,0x000500c5,0x00000006,
0x00002b0a,0x00002b09,0x00002b07,0x0003003e,
0x00002b08,0x00002b0a,0x000200f9,0x00002b0c,
0x000200f8,0x00002b0c,0x000200f9,0x00002b0d,
0x000200f8,0x00002b0d,0x00050080,0x00000019,
0x00002b0f,0x00002cc1,0x000000c4,0x000200f9,
0x00002af2,0x000200f8,0x00002b10,0x00050041,
0x0000001a,0x0000296a,0x000028b6,0x000000ef,
0x0004003d,0x00000019,0x0000296b,0x0000296a,
0x0004007c,0x00000006,0x0000296c,0x0000296b,
0x000200f9,0x00002b14,0x000200f8,0x00002b14,
0x000700f5,0x00000019,0x00002cc2,0x0000006a,
0x00002b10,0x00002b31,0x00002b2f,0x000500b1,
0x000000d0,0x00002b18,0x00002cc2,0x0000019a,
0x000400f6,0x00002b32,0x00002b2f,0x00000000,
0x000400fa,0x00002b18,0x00002b19,0x00002b32,
0x000200f8,0x00002b19,0x0004007c,0x00000006,
0x00002b1c,0x00002cc2,0x000500c4,0x00000006,
0x00002b1d,0x00000071,0x00002b1c,0x000500c7,
0x00000006,0x00002b1e,0x0000296c,0x00002b1d,
0x000500ab,0x000000d0,0x00002b1f,0x00002b1e,
0x00000138,0x000300f7,0x00002b2e,0x00000000,
0x000400fa,0x00002b1f,0x00002b20,0x00002b2e,
0x000200f8,0x00002b20,0x00050080,0x00000019,
0x00002b23,0x00000624,0x00002cc2,0x000500c3,
0x00000019,0x00002b25,0x00002b23,0x000001dd,
0x000500c7,0x00000019,0x00002b27,0x00002b23,
0x00000533,0x0004007c,0x00000006,0x00002b28,
0x00002b27,0x000500c4,0x00000006,0x00002b29,
0x00000071,0x00002b28,0x00050041,0x00000007,
0x00002b2a,0x0000052f,0x00002b25,0x0004003d,
0x00000006,0x00002b2b,0x00002b2a,0x000500c5,
0x00000006,0x00002b2c,0x00002b2b,0x00002b29,
0x0003003e,0x00002b2a,0x00002b2c,0x000200f9,
0x00002b2e,0x000200f8,0x00002b2e,0x000200f9,
0x00002b2f,0x000200f8,0x00002b2f,0x00050080,
0x00000019,0x00002b31,0x00002cc2,0x000000c4,
0x000200f9,0x00002b14,0x000200f8,0x00002b32,
0x000200f9,0x0000296e,0x000200f8,0x0000296e,
0x000700f5,0x00000019,0x00002cc6,0x0000006a,
0x00002b32,0x00002984,0x00002972,0x000700f5,
0x00000006,0x00002cc3,0x00000138,0x00002b32,
0x00002987,0x00002972,0x000500b0,0x000000d0,
0x00002971,0x00002cc3,0x00000147,0x000400f6,
0x00002988,0x00002972,0x00000000,0x000400fa,
0x00002971,0x00002972,0x00002988,0x000200f8,
0x00002972,0x00050041,0x0000001a,0x00002975,
0x000028b6,0x00002cc3,0x0004003d,0x00000019,
0x00002976,0x00002975,0x00050041,0x0000001a,
0x00002978,0x000028b3,0x00002cc3,0x0004003d,
0x00000019,0x00002979,0x00002978,0x00050082,
0x00000019,0x0000297a,0x00002976,0x00002979,
0x00050041,0x0000001a,0x0000297b,0x000028d3,
0x00002cc3,0x0003003e,0x0000297b,0x0000297a,
0x0004003d,0x00000019,0x0000297e,0x0000297b,
0x0004003d,0x00000019,0x00002981,0x0000297b,
0x00050084,0x00000019,0x00002982,0x0000297e,
0x00002981,0x00050080,0x00000019,0x00002984,
0x00002cc6,0x00002982,0x00050080,0x00000006,
0x00002987,0x00002cc3,0x000000c4,0x000200f9,
0x0000296e,0x000200f8,0x00002988,0x000200f9,
0x00002989,0x000200f8,0x00002989,0x000700f5,
0x00000019,0x00002cc4,0x0000006a,0x00002988,
0x000029bf,0x000029c5,0x000500b1,0x000000d0,
0x0000298c,0x00002cc4,0x0000035b,0x000400f6,
0x000029c8,0x000029c5,0x00000000,0x000400fa,
0x0000298c,0x0000298d,0x000029c8,0x000200f8,
0x0000298d,0x000500aa,0x000000d0,0x0000298f,
0x00002cc6,0x0000006a,0x000300f7,0x000029bd,
0x00000000,0x000400fa,0x0000298f,0x00002990,
0x00002991,0x000200f8,0x00002990,0x000200f9,
0x000029bd,0x000200f8,0x00002991,0x000200f9,
0x00002992,0x000200f8,0x00002992,0x000700f5,
0x00000019,0x00002cc8,0x0000006a,0x00002991,
0x000029a5,0x00002996,0x000700f5,0x00000006,
0x00002cc7,0x00000138,0x00002991,0x000029a8,
0x00002996,0x000500b0,0x000000d0,0x00002995,
0x00002cc7,0x00000147,0x000400f6,0x000029a9,
0x00002996,0x00000000,0x000400fa,0x00002995,
0x00002996,0x000029a9,0x000200f8,0x00002996,
0x0004007c,0x00000006,0x00002998,0x00002cc4,
0x00050041,0x00000007,0x00002b36,0x0000004c,
0x00002998,0x0004003d,0x00000006,0x00002b37,
0x00002b36,0x00050084,0x00000006,0x00002b39,
0x00002cc7,0x00000031,0x000500c2,0x00000006,
0x00002b3a,0x00002b37,0x00002b39,0x000500c7,
0x00000006,0x00002b3b,0x00002b3a,0x00000054,
0x0004007c,0x00000019,0x0000299b,0x00002b3b,
0x00050041,0x0000001a,0x0000299d,0x000028b3,
0x00002cc7,0x0004003d,0x00000019,0x0000299e,
0x0000299d,0x00050082,0x00000019,0x0000299f,
0x0000299b,0x0000299e,0x00050041,0x0000001a,
0x000029a1,0x000028d3,0x00002cc7,0x0004003d,
0x00000019,0x000029a2,0x000029a1,0x00050084,
0x00000019,0x000029a3,0x0000299f,0x000029a2,
0x00050080,0x00000019,0x000029a5,0x00002cc8,
0x000029a3,0x00050080,0x00000006,0x000029a8,
0x00002cc7,0x000000c4,0x000200f9,0x00002992,
0x000200f8,0x000029a9,0x000500b3,0x000000d0,
0x000029ab,0x00002cc8,0x0000006a,0x000300f7,
0x000029bc,0x00000000,0x000400fa,0x000029ab,
0x000029ac,0x000029ad,0x000200f8,0x000029ac,
0x000200f9,0x000029bc,0x000200f8,0x000029ad,
0x000500af,0x000000d0,0x000029b0,0x00002cc8,
0x00002cc6,0x000300f7,0x000029bb,0x00000000,
0x000400fa,0x000029b0,0x000029b1,0x000029b2,
0x000200f8,0x000029b1,0x000200f9,0x000029bb,
0x000200f8,0x000029b2,0x00050084,0x00000019,
0x000029b4,0x00002cc8,0x000001c5,0x00050087,
0x00000019,0x000029b6,0x00002cc6,0x000000ef,
0x00050080,0x00000019,0x000029b7,0x000029b4,
0x000029b6,0x00050087,0x00000019,0x000029b9,
0x000029b7,0x00002cc6,0x0004007c,0x00000006,
0x000029ba,0x000029b9,0x000200f9,0x000029bb,
0x000200f8,0x000029bb,0x000700f5,0x00000006,
0x00002cd0,0x000000dd,0x000029b1,0x000029ba,
0x000029b2,0x000200f9,0x000029bc,0x000200f8,
0x000029bc,0x000700f5,0x00000006,0x00002ccf,
0x00000138,0x000029ac,0x00002cd0,0x000029bb,
0x000200f9,0x000029bd,0x000200f8,0x000029bd,
0x000700f5,0x00000006,0x00002cce,0x00000138,
0x00002990,0x00002ccf,0x000029bc,0x00050080,
0x00000019,0x000029bf,0x00002cc4,0x000000c4,
0x00050084,0x00000019,0x000029c0,0x000029bf,
0x0000010e,0x00050082,0x00000019,0x000029c1,
0x0000034c,0x000029c0,0x000200f9,0x00002b40,
0x000200f8,0x00002b40,0x000700f5,0x00000006,
0x00002cd2,0x00000138,0x000029bd,0x00002b52,
0x00002b45,0x000700f5,0x00000019,0x00002cd1,
0x0000006a,0x000029bd,0x00002b55,0x00002b45,
0x000500b1,0x000000d0,0x00002b44,0x00002cd1,
0x0000010e,0x000400f6,0x00002b56,0x00002b45,
0x00000000,0x000400fa,0x00002b44,0x00002b45,
0x00002b56,0x000200f8,0x00002b45,0x0004007c,
0x00000006,0x00002b48,0x00002cd1,0x000500c2,
0x00000006,0x00002b49,0x00002cce,0x00002b48,
0x000500c7,0x00000006,0x00002b4a,0x00002b49,
0x00000071,0x00050082,0x00000019,0x00002b4e,
0x000000ef,0x00002cd1,0x0004007c,0x00000006,
0x00002b4f,0x00002b4e,0x000500c4,0x00000006,
0x00002b50,0x00002b4a,0x00002b4f,0x000500c5,
0x00000006,0x00002b52,0x00002cd2,0x00002b50,
0x00050080,0x00000019,0x00002b55,0x00002cd1,
0x000000c4,0x000200f9,0x00002b40,0x000200f8,
0x00002b56,0x000200f9,0x00002b5b,0x000200f8,
0x00002b5b,0x000700f5,0x00000019,0x00002cd3,
0x0000006a,0x00002b56,0x00002b78,0x00002b76,
0x000500b1,0x000000d0,0x00002b5f,0x00002cd3,
0x0000010e,0x000400f6,0x00002b79,0x00002b76,
0x00000000,0x000400fa,0x00002b5f,0x00002b60,
0x00002b79,0x000200f8,0x00002b60,0x0004007c,
0x00000006,0x00002b63,0x00002cd3,0x000500c4,
0x00000006,0x00002b64,0x00000071,0x00002b63,
0x000500c7,0x00000006,0x00002b65,0x00002cd2,
0x00002b64,0x000500ab,0x000000d0,0x00002b66,
0x00002b65,0x00000138,0x000300f7,0x00002b75,
0x00000000,0x000400fa,0x00002b66,0x00002b67,
0x00002b75,0x000200f8,0x00002b67,0x00050080,
0x00000019,0x00002b6a,0x000029c1,0x00002cd3,
0x000500c3,0x00000019,0x00002b6c,0x00002b6a,
0x000001dd,0x000500c7,0x00000019,0x00002b6e,
0x00002b6a,0x00000533,0x0004007c,0x00000006,
0x00002b6f,0x00002b6e,0x000500c4,0x00000006,
0x00002b70,0x00000071,0x00002b6f,0x00050041,
0x00000007,0x00002b71,0x0000052f,0x00002b6c,
0x0004003d,0x00000006,0x00002b72,0x00002b71,
0x000500c5,0x00000006,0x00002b73,0x00002b72,
0x00002b70,0x0003003e,0x00002b71,0x00002b73,
0x000200f9,0x00002b75,0x000200f8,0x00002b75,
0x000200f9,0x00002b76,0x000200f8,0x00002b76,
0x00050080,0x00000019,0x00002b78,0x00002cd3,
0x000000c4,0x000200f9,0x00002b5b,0x000200f8,
0x00002b79,0x000200f9,0x000029c5,0x000200f8,
0x000029c5,0x000200f9,0x00002989,0x000200f8,
0x000029c8,0x000200f9,0x00000e83,0x000200f8,
0x00000e83,0x000200f9,0x00000e16,0x000200f8,
0x00000e16,0x00050084,0x00000006,0x00000e8b,
0x00000e02,0x00000e05,0x00050080,0x00000006,
0x00000e8d,0x00000e8b,0x00000dff,0x00050084,
0x00000006,0x00000e8e,0x00000e8d,0x000000aa,
0x00050041,0x00000007,0x00000e95,0x0000052f,
0x0000006a,0x0004003d,0x00000006,0x00000e96,
0x00000e95,0x00060041,0x0000006c,0x00000e97,
0x00000e92,0x0000006a,0x00000e8e,0x0003003e,
0x00000e97,0x00000e96,0x00050080,0x00000006,
0x00000e99,0x00000e8e,0x00000071,0x00050041,
0x00000007,0x00000e9a,0x0000052f,0x000000c4,
0x0004003d,0x00000006,0x00000e9b,0x00000e9a,
0x00060041,0x0000006c,0x00000e9c,0x00000e92,
0x0000006a,0x00000e99,0x0003003e,0x00000e9c,
0x00000e9b,0x00050080,0x00000006,0x00000e9e,
0x00000e8e,0x000000d4,0x00050041,0x00000007,
0x00000e9f,0x0000052f,0x000000ef,0x0004003d,
0x00000006,0x00000ea0,0x00000e9f,0x00060041,
0x0000006c,0x00000ea1,0x00000e92,0x0000006a,
0x00000e9e,0x0003003e,0x00000ea1,0x00000ea0,
0x00050080,0x00000006,0x00000ea3,0x00000e8e,
0x00000147,0x00050041,0x00000007,0x00000ea4,
0x0000052f,0x0000010e,0x0004003d,0x00000006,
0x00000ea5,0x00000ea4,0x00060041,0x0000006c,
0x00000ea6,0x00000e92,0x0000006a,0x00000ea3,
0x0003003e,0x00000ea6,0x00000ea5,0x000200f9,
0x00000ea8,0x000200f8,0x00000ea8,0x000100fd,
0x00010038}
;
#endif
